cost_function,algorithm,k_star_percentage,k_star_percentage_label,node_removal_percentage,node_removal_label,removed_nodes,remaining_nodes,original_seed_size,surviving_seed_size,removed_seed_count,influenced_original,influenced_after_removal,influence_fraction_remaining,connected,number_of_components,largest_component_size,removed_node_list
c1_random,Greedy-f1,0.1,10%,0.01,1%,179,17724,3696,3655,41,16530,16334,0.9215752651771609,False,11,17713,"[30, 529, 762, 822, 872, 1095, 1881, 3124, 3365, 5209, 5409, 8485, 8955, 9542, 9806, 12423, 12720, 12998, 13646, 13759, 14004, 14359, 16265, 16730, 17942, 19562, 20204, 20257, 22569, 22584, 23289, 24610, 25258, 25386, 25741, 26326, 26908, 27308, 27407, 27588, 27638, 28019, 29388, 30693, 31334, 32099, 33635, 33641, 33887, 34267, 34975, 35038, 35058, 36136, 36568, 38155, 39238, 39446, 39950, 39976, 41202, 41475, 42220, 42386, 44613, 44622, 44645, 46259, 47096, 49248, 49466, 50082, 51978, 53455, 53806, 54583, 55404, 56038, 56975, 57405, 57514, 58069, 58132, 58151, 58873, 59058, 59946, 60426, 62406, 63019, 64245, 65978, 66300, 66724, 66728, 67482, 68735, 69037, 69448, 69712, 69864, 72170, 72566, 73000, 73742, 74787, 78529, 78551, 80037, 80198, 80276, 80740, 81823, 82966, 83665, 83835, 84524, 85970, 86108, 86579, 86702, 86845, 87227, 87263, 87512, 88541, 89812, 90117, 90841, 91233, 91401, 93860, 94624, 96186, 97471, 97588, 98031, 99765, 100394, 100578, 100621, 100815, 101863, 102586, 103799, 103942, 104114, 104408, 105218, 108450, 110012, 110335, 110994, 114017, 114500, 114623, 115531, 117837, 119368, 121691, 122311, 122911, 123618, 124536, 124566, 125165, 126094, 126259, 127634, 128842, 128854, 130456, 130564, 130784, 131330, 131704, 132247, 132528, 132629]"
c1_random,Greedy-f2,0.1,10%,0.01,1%,179,17724,3727,3685,42,16492,16296,0.919431279620853,False,11,17713,"[30, 529, 762, 822, 872, 1095, 1881, 3124, 3365, 5209, 5409, 8485, 8955, 9542, 9806, 12423, 12720, 12998, 13646, 13759, 14004, 14359, 16265, 16730, 17942, 19562, 20204, 20257, 22569, 22584, 23289, 24610, 25258, 25386, 25741, 26326, 26908, 27308, 27407, 27588, 27638, 28019, 29388, 30693, 31334, 32099, 33635, 33641, 33887, 34267, 34975, 35038, 35058, 36136, 36568, 38155, 39238, 39446, 39950, 39976, 41202, 41475, 42220, 42386, 44613, 44622, 44645, 46259, 47096, 49248, 49466, 50082, 51978, 53455, 53806, 54583, 55404, 56038, 56975, 57405, 57514, 58069, 58132, 58151, 58873, 59058, 59946, 60426, 62406, 63019, 64245, 65978, 66300, 66724, 66728, 67482, 68735, 69037, 69448, 69712, 69864, 72170, 72566, 73000, 73742, 74787, 78529, 78551, 80037, 80198, 80276, 80740, 81823, 82966, 83665, 83835, 84524, 85970, 86108, 86579, 86702, 86845, 87227, 87263, 87512, 88541, 89812, 90117, 90841, 91233, 91401, 93860, 94624, 96186, 97471, 97588, 98031, 99765, 100394, 100578, 100621, 100815, 101863, 102586, 103799, 103942, 104114, 104408, 105218, 108450, 110012, 110335, 110994, 114017, 114500, 114623, 115531, 117837, 119368, 121691, 122311, 122911, 123618, 124536, 124566, 125165, 126094, 126259, 127634, 128842, 128854, 130456, 130564, 130784, 131330, 131704, 132247, 132528, 132629]"
c1_random,Greedy-f3,0.1,10%,0.01,1%,179,17724,3806,3765,41,17009,16824,0.949221394719025,False,11,17713,"[30, 529, 762, 822, 872, 1095, 1881, 3124, 3365, 5209, 5409, 8485, 8955, 9542, 9806, 12423, 12720, 12998, 13646, 13759, 14004, 14359, 16265, 16730, 17942, 19562, 20204, 20257, 22569, 22584, 23289, 24610, 25258, 25386, 25741, 26326, 26908, 27308, 27407, 27588, 27638, 28019, 29388, 30693, 31334, 32099, 33635, 33641, 33887, 34267, 34975, 35038, 35058, 36136, 36568, 38155, 39238, 39446, 39950, 39976, 41202, 41475, 42220, 42386, 44613, 44622, 44645, 46259, 47096, 49248, 49466, 50082, 51978, 53455, 53806, 54583, 55404, 56038, 56975, 57405, 57514, 58069, 58132, 58151, 58873, 59058, 59946, 60426, 62406, 63019, 64245, 65978, 66300, 66724, 66728, 67482, 68735, 69037, 69448, 69712, 69864, 72170, 72566, 73000, 73742, 74787, 78529, 78551, 80037, 80198, 80276, 80740, 81823, 82966, 83665, 83835, 84524, 85970, 86108, 86579, 86702, 86845, 87227, 87263, 87512, 88541, 89812, 90117, 90841, 91233, 91401, 93860, 94624, 96186, 97471, 97588, 98031, 99765, 100394, 100578, 100621, 100815, 101863, 102586, 103799, 103942, 104114, 104408, 105218, 108450, 110012, 110335, 110994, 114017, 114500, 114623, 115531, 117837, 119368, 121691, 122311, 122911, 123618, 124536, 124566, 125165, 126094, 126259, 127634, 128842, 128854, 130456, 130564, 130784, 131330, 131704, 132247, 132528, 132629]"
c1_random,WTSS,0.1,10%,0.01,1%,179,17724,3264,3235,29,17903,17710,0.9992101105845181,False,11,17713,"[30, 529, 762, 822, 872, 1095, 1881, 3124, 3365, 5209, 5409, 8485, 8955, 9542, 9806, 12423, 12720, 12998, 13646, 13759, 14004, 14359, 16265, 16730, 17942, 19562, 20204, 20257, 22569, 22584, 23289, 24610, 25258, 25386, 25741, 26326, 26908, 27308, 27407, 27588, 27638, 28019, 29388, 30693, 31334, 32099, 33635, 33641, 33887, 34267, 34975, 35038, 35058, 36136, 36568, 38155, 39238, 39446, 39950, 39976, 41202, 41475, 42220, 42386, 44613, 44622, 44645, 46259, 47096, 49248, 49466, 50082, 51978, 53455, 53806, 54583, 55404, 56038, 56975, 57405, 57514, 58069, 58132, 58151, 58873, 59058, 59946, 60426, 62406, 63019, 64245, 65978, 66300, 66724, 66728, 67482, 68735, 69037, 69448, 69712, 69864, 72170, 72566, 73000, 73742, 74787, 78529, 78551, 80037, 80198, 80276, 80740, 81823, 82966, 83665, 83835, 84524, 85970, 86108, 86579, 86702, 86845, 87227, 87263, 87512, 88541, 89812, 90117, 90841, 91233, 91401, 93860, 94624, 96186, 97471, 97588, 98031, 99765, 100394, 100578, 100621, 100815, 101863, 102586, 103799, 103942, 104114, 104408, 105218, 108450, 110012, 110335, 110994, 114017, 114500, 114623, 115531, 117837, 119368, 121691, 122311, 122911, 123618, 124536, 124566, 125165, 126094, 126259, 127634, 128842, 128854, 130456, 130564, 130784, 131330, 131704, 132247, 132528, 132629]"
c1_random,My-Seeds,0.1,10%,0.01,1%,179,17724,4200,4156,44,16796,16594,0.9362446400361092,False,11,17713,"[30, 529, 762, 822, 872, 1095, 1881, 3124, 3365, 5209, 5409, 8485, 8955, 9542, 9806, 12423, 12720, 12998, 13646, 13759, 14004, 14359, 16265, 16730, 17942, 19562, 20204, 20257, 22569, 22584, 23289, 24610, 25258, 25386, 25741, 26326, 26908, 27308, 27407, 27588, 27638, 28019, 29388, 30693, 31334, 32099, 33635, 33641, 33887, 34267, 34975, 35038, 35058, 36136, 36568, 38155, 39238, 39446, 39950, 39976, 41202, 41475, 42220, 42386, 44613, 44622, 44645, 46259, 47096, 49248, 49466, 50082, 51978, 53455, 53806, 54583, 55404, 56038, 56975, 57405, 57514, 58069, 58132, 58151, 58873, 59058, 59946, 60426, 62406, 63019, 64245, 65978, 66300, 66724, 66728, 67482, 68735, 69037, 69448, 69712, 69864, 72170, 72566, 73000, 73742, 74787, 78529, 78551, 80037, 80198, 80276, 80740, 81823, 82966, 83665, 83835, 84524, 85970, 86108, 86579, 86702, 86845, 87227, 87263, 87512, 88541, 89812, 90117, 90841, 91233, 91401, 93860, 94624, 96186, 97471, 97588, 98031, 99765, 100394, 100578, 100621, 100815, 101863, 102586, 103799, 103942, 104114, 104408, 105218, 108450, 110012, 110335, 110994, 114017, 114500, 114623, 115531, 117837, 119368, 121691, 122311, 122911, 123618, 124536, 124566, 125165, 126094, 126259, 127634, 128842, 128854, 130456, 130564, 130784, 131330, 131704, 132247, 132528, 132629]"
c2_degree,Greedy-f1,0.1,10%,0.01,1%,179,17724,1807,1785,22,2445,2422,0.13665086887835703,False,11,17713,"[30, 529, 762, 822, 872, 1095, 1881, 3124, 3365, 5209, 5409, 8485, 8955, 9542, 9806, 12423, 12720, 12998, 13646, 13759, 14004, 14359, 16265, 16730, 17942, 19562, 20204, 20257, 22569, 22584, 23289, 24610, 25258, 25386, 25741, 26326, 26908, 27308, 27407, 27588, 27638, 28019, 29388, 30693, 31334, 32099, 33635, 33641, 33887, 34267, 34975, 35038, 35058, 36136, 36568, 38155, 39238, 39446, 39950, 39976, 41202, 41475, 42220, 42386, 44613, 44622, 44645, 46259, 47096, 49248, 49466, 50082, 51978, 53455, 53806, 54583, 55404, 56038, 56975, 57405, 57514, 58069, 58132, 58151, 58873, 59058, 59946, 60426, 62406, 63019, 64245, 65978, 66300, 66724, 66728, 67482, 68735, 69037, 69448, 69712, 69864, 72170, 72566, 73000, 73742, 74787, 78529, 78551, 80037, 80198, 80276, 80740, 81823, 82966, 83665, 83835, 84524, 85970, 86108, 86579, 86702, 86845, 87227, 87263, 87512, 88541, 89812, 90117, 90841, 91233, 91401, 93860, 94624, 96186, 97471, 97588, 98031, 99765, 100394, 100578, 100621, 100815, 101863, 102586, 103799, 103942, 104114, 104408, 105218, 108450, 110012, 110335, 110994, 114017, 114500, 114623, 115531, 117837, 119368, 121691, 122311, 122911, 123618, 124536, 124566, 125165, 126094, 126259, 127634, 128842, 128854, 130456, 130564, 130784, 131330, 131704, 132247, 132528, 132629]"
c2_degree,Greedy-f2,0.1,10%,0.01,1%,179,17724,1327,1313,14,1386,1369,0.07723990069961634,False,11,17713,"[30, 529, 762, 822, 872, 1095, 1881, 3124, 3365, 5209, 5409, 8485, 8955, 9542, 9806, 12423, 12720, 12998, 13646, 13759, 14004, 14359, 16265, 16730, 17942, 19562, 20204, 20257, 22569, 22584, 23289, 24610, 25258, 25386, 25741, 26326, 26908, 27308, 27407, 27588, 27638, 28019, 29388, 30693, 31334, 32099, 33635, 33641, 33887, 34267, 34975, 35038, 35058, 36136, 36568, 38155, 39238, 39446, 39950, 39976, 41202, 41475, 42220, 42386, 44613, 44622, 44645, 46259, 47096, 49248, 49466, 50082, 51978, 53455, 53806, 54583, 55404, 56038, 56975, 57405, 57514, 58069, 58132, 58151, 58873, 59058, 59946, 60426, 62406, 63019, 64245, 65978, 66300, 66724, 66728, 67482, 68735, 69037, 69448, 69712, 69864, 72170, 72566, 73000, 73742, 74787, 78529, 78551, 80037, 80198, 80276, 80740, 81823, 82966, 83665, 83835, 84524, 85970, 86108, 86579, 86702, 86845, 87227, 87263, 87512, 88541, 89812, 90117, 90841, 91233, 91401, 93860, 94624, 96186, 97471, 97588, 98031, 99765, 100394, 100578, 100621, 100815, 101863, 102586, 103799, 103942, 104114, 104408, 105218, 108450, 110012, 110335, 110994, 114017, 114500, 114623, 115531, 117837, 119368, 121691, 122311, 122911, 123618, 124536, 124566, 125165, 126094, 126259, 127634, 128842, 128854, 130456, 130564, 130784, 131330, 131704, 132247, 132528, 132629]"
c2_degree,Greedy-f3,0.1,10%,0.01,1%,179,17724,2666,2642,24,4157,4128,0.23290453622207177,False,11,17713,"[30, 529, 762, 822, 872, 1095, 1881, 3124, 3365, 5209, 5409, 8485, 8955, 9542, 9806, 12423, 12720, 12998, 13646, 13759, 14004, 14359, 16265, 16730, 17942, 19562, 20204, 20257, 22569, 22584, 23289, 24610, 25258, 25386, 25741, 26326, 26908, 27308, 27407, 27588, 27638, 28019, 29388, 30693, 31334, 32099, 33635, 33641, 33887, 34267, 34975, 35038, 35058, 36136, 36568, 38155, 39238, 39446, 39950, 39976, 41202, 41475, 42220, 42386, 44613, 44622, 44645, 46259, 47096, 49248, 49466, 50082, 51978, 53455, 53806, 54583, 55404, 56038, 56975, 57405, 57514, 58069, 58132, 58151, 58873, 59058, 59946, 60426, 62406, 63019, 64245, 65978, 66300, 66724, 66728, 67482, 68735, 69037, 69448, 69712, 69864, 72170, 72566, 73000, 73742, 74787, 78529, 78551, 80037, 80198, 80276, 80740, 81823, 82966, 83665, 83835, 84524, 85970, 86108, 86579, 86702, 86845, 87227, 87263, 87512, 88541, 89812, 90117, 90841, 91233, 91401, 93860, 94624, 96186, 97471, 97588, 98031, 99765, 100394, 100578, 100621, 100815, 101863, 102586, 103799, 103942, 104114, 104408, 105218, 108450, 110012, 110335, 110994, 114017, 114500, 114623, 115531, 117837, 119368, 121691, 122311, 122911, 123618, 124536, 124566, 125165, 126094, 126259, 127634, 128842, 128854, 130456, 130564, 130784, 131330, 131704, 132247, 132528, 132629]"
c2_degree,WTSS,0.1,10%,0.01,1%,179,17724,3289,3258,31,3822,3790,0.21383434890543895,False,11,17713,"[30, 529, 762, 822, 872, 1095, 1881, 3124, 3365, 5209, 5409, 8485, 8955, 9542, 9806, 12423, 12720, 12998, 13646, 13759, 14004, 14359, 16265, 16730, 17942, 19562, 20204, 20257, 22569, 22584, 23289, 24610, 25258, 25386, 25741, 26326, 26908, 27308, 27407, 27588, 27638, 28019, 29388, 30693, 31334, 32099, 33635, 33641, 33887, 34267, 34975, 35038, 35058, 36136, 36568, 38155, 39238, 39446, 39950, 39976, 41202, 41475, 42220, 42386, 44613, 44622, 44645, 46259, 47096, 49248, 49466, 50082, 51978, 53455, 53806, 54583, 55404, 56038, 56975, 57405, 57514, 58069, 58132, 58151, 58873, 59058, 59946, 60426, 62406, 63019, 64245, 65978, 66300, 66724, 66728, 67482, 68735, 69037, 69448, 69712, 69864, 72170, 72566, 73000, 73742, 74787, 78529, 78551, 80037, 80198, 80276, 80740, 81823, 82966, 83665, 83835, 84524, 85970, 86108, 86579, 86702, 86845, 87227, 87263, 87512, 88541, 89812, 90117, 90841, 91233, 91401, 93860, 94624, 96186, 97471, 97588, 98031, 99765, 100394, 100578, 100621, 100815, 101863, 102586, 103799, 103942, 104114, 104408, 105218, 108450, 110012, 110335, 110994, 114017, 114500, 114623, 115531, 117837, 119368, 121691, 122311, 122911, 123618, 124536, 124566, 125165, 126094, 126259, 127634, 128842, 128854, 130456, 130564, 130784, 131330, 131704, 132247, 132528, 132629]"
c2_degree,My-Seeds,0.1,10%,0.01,1%,179,17724,4236,4198,38,4511,4472,0.2523132475739111,False,11,17713,"[30, 529, 762, 822, 872, 1095, 1881, 3124, 3365, 5209, 5409, 8485, 8955, 9542, 9806, 12423, 12720, 12998, 13646, 13759, 14004, 14359, 16265, 16730, 17942, 19562, 20204, 20257, 22569, 22584, 23289, 24610, 25258, 25386, 25741, 26326, 26908, 27308, 27407, 27588, 27638, 28019, 29388, 30693, 31334, 32099, 33635, 33641, 33887, 34267, 34975, 35038, 35058, 36136, 36568, 38155, 39238, 39446, 39950, 39976, 41202, 41475, 42220, 42386, 44613, 44622, 44645, 46259, 47096, 49248, 49466, 50082, 51978, 53455, 53806, 54583, 55404, 56038, 56975, 57405, 57514, 58069, 58132, 58151, 58873, 59058, 59946, 60426, 62406, 63019, 64245, 65978, 66300, 66724, 66728, 67482, 68735, 69037, 69448, 69712, 69864, 72170, 72566, 73000, 73742, 74787, 78529, 78551, 80037, 80198, 80276, 80740, 81823, 82966, 83665, 83835, 84524, 85970, 86108, 86579, 86702, 86845, 87227, 87263, 87512, 88541, 89812, 90117, 90841, 91233, 91401, 93860, 94624, 96186, 97471, 97588, 98031, 99765, 100394, 100578, 100621, 100815, 101863, 102586, 103799, 103942, 104114, 104408, 105218, 108450, 110012, 110335, 110994, 114017, 114500, 114623, 115531, 117837, 119368, 121691, 122311, 122911, 123618, 124536, 124566, 125165, 126094, 126259, 127634, 128842, 128854, 130456, 130564, 130784, 131330, 131704, 132247, 132528, 132629]"
c1_random,Greedy-f1,0.1,10%,0.05,5%,895,17008,3696,3517,179,16530,15538,0.9135700846660395,False,64,16917,"[114, 277, 310, 334, 420, 425, 463, 535, 655, 748, 790, 904, 1334, 1372, 1436, 2115, 2124, 2219, 2444, 2447, 2479, 2889, 3001, 3003, 3005, 3043, 3209, 3532, 3534, 3639, 3721, 3768, 3851, 3926, 4173, 4293, 4422, 4790, 4795, 4893, 5067, 5184, 5209, 5379, 5427, 5459, 5523, 5530, 5547, 5898, 5981, 6171, 6256, 6332, 6506, 6995, 7265, 7599, 7829, 7951, 8389, 8586, 8693, 8713, 8955, 9317, 9321, 9335, 9547, 9577, 9671, 9790, 10155, 10163, 10341, 10398, 10640, 11080, 11092, 11119, 11175, 11531, 11635, 11753, 12055, 12286, 12623, 12667, 12860, 13575, 13627, 13699, 13977, 14186, 14347, 14354, 14363, 14406, 15268, 15409, 15413, 15436, 15505, 15587, 16276, 16287, 16299, 16305, 16346, 16690, 16893, 17027, 17045, 17541, 17642, 17875, 18243, 18339, 18453, 18505, 18651, 18957, 18984, 19166, 19326, 19923, 20496, 20518, 20527, 20671, 20684, 20735, 21202, 21339, 21367, 21396, 21479, 21530, 21654, 21769, 22083, 22236, 22352, 22369, 22523, 23101, 23122, 23259, 23453, 23769, 23832, 23916, 24086, 24198, 24261, 24313, 24442, 24596, 24610, 24751, 24841, 24969, 25230, 25346, 25522, 25549, 25665, 25735, 25775, 26086, 26173, 26831, 26832, 26845, 26895, 26915, 26922, 27148, 27224, 27225, 27245, 27251, 27302, 27322, 27481, 27588, 27751, 27918, 28035, 28293, 28389, 28429, 28895, 29293, 29380, 29756, 29790, 29798, 29974, 30371, 30502, 30547, 30710, 31114, 31361, 31414, 31466, 31813, 31870, 31875, 32317, 32325, 32379, 32413, 32507, 32559, 33659, 33709, 34023, 34111, 34207, 34387, 34391, 34525, 34531, 34727, 34809, 34882, 34968, 35160, 35165, 35552, 35664, 35666, 35917, 35946, 36474, 36604, 36815, 36833, 37097, 37787, 37907, 37990, 38173, 38308, 38317, 38351, 38572, 38595, 39121, 39144, 39378, 39437, 39598, 39722, 39769, 39789, 39908, 39976, 40000, 40339, 40415, 40599, 40773, 40824, 40848, 40857, 41169, 41347, 41884, 41992, 42317, 42389, 42430, 42625, 42809, 42923, 43430, 44340, 44678, 44938, 45034, 45200, 45221, 45242, 45243, 45365, 45533, 45675, 45826, 45856, 45862, 46025, 46091, 46556, 46558, 46608, 46684, 46857, 47111, 47371, 47527, 47719, 47831, 48083, 48104, 48118, 48243, 48443, 48669, 49034, 49308, 49540, 49628, 49669, 49687, 50003, 50042, 50097, 50174, 50288, 50292, 50538, 50643, 50946, 51262, 51406, 51662, 51707, 52197, 52564, 52700, 52956, 53219, 53239, 53608, 53657, 53662, 53682, 53759, 53896, 53916, 53940, 54015, 54198, 54361, 54411, 54552, 54752, 54901, 54946, 55047, 55085, 55090, 55500, 55506, 55606, 55678, 55689, 55755, 55819, 55974, 56205, 56366, 56835, 56895, 56913, 57014, 57559, 57647, 57807, 57916, 58163, 58169, 58382, 58411, 58605, 58752, 58931, 58935, 58950, 59461, 59491, 59518, 59594, 59833, 59843, 60224, 60471, 60501, 60576, 60579, 60612, 60618, 60676, 60692, 60712, 60809, 61180, 61663, 61790, 61856, 61862, 61974, 62020, 62282, 62305, 62419, 62430, 62515, 62588, 62683, 62846, 63299, 63375, 63430, 63485, 63628, 63707, 63836, 63840, 63950, 64132, 64294, 64317, 64353, 64357, 64583, 64633, 64646, 64859, 64860, 65369, 65517, 65566, 65799, 66158, 66232, 66274, 66465, 66469, 66636, 66726, 66741, 66757, 66995, 67060, 67163, 67242, 67303, 67344, 67661, 67788, 67938, 68446, 68460, 68728, 68799, 69094, 69245, 69362, 69377, 69493, 69610, 69643, 69676, 69839, 69841, 70231, 70294, 70799, 70950, 71296, 71379, 71496, 71553, 71618, 71728, 72081, 72284, 72415, 72422, 72628, 72642, 72786, 72857, 73007, 73238, 73280, 73420, 73438, 73966, 74210, 74234, 74237, 74283, 74571, 74702, 74828, 74934, 74940, 75265, 75401, 75457, 75627, 75731, 75887, 76040, 76412, 76432, 76949, 76991, 77048, 77152, 77181, 77283, 77367, 77381, 77425, 77754, 77847, 78060, 78105, 78194, 78468, 78673, 78777, 78921, 79069, 79208, 79214, 79398, 79450, 80193, 80534, 80782, 81221, 81354, 81361, 81455, 81544, 81614, 81619, 81897, 81898, 81903, 81964, 82249, 82410, 82421, 82563, 82768, 82776, 82788, 82846, 83489, 83833, 83906, 84005, 84052, 84167, 84186, 84188, 84456, 84506, 84933, 85040, 85107, 85191, 85460, 85485, 85536, 85740, 86029, 86113, 86126, 86204, 86514, 86521, 86721, 86784, 86974, 87165, 87187, 87216, 87344, 87426, 87427, 87485, 87563, 87579, 87719, 87720, 87888, 88015, 88030, 88155, 88481, 88512, 88599, 88746, 88953, 88987, 88994, 89113, 89170, 89549, 89588, 89606, 89614, 89882, 89924, 90117, 90618, 90689, 91926, 92081, 92194, 92998, 93012, 93365, 93608, 93661, 93970, 94138, 94357, 94634, 94858, 94863, 94979, 95255, 95270, 95690, 96327, 96463, 96635, 96641, 96766, 96808, 96994, 97135, 97207, 97387, 97442, 97491, 97750, 97871, 97920, 97922, 98349, 98441, 98589, 98756, 99239, 99259, 99348, 99349, 99505, 99765, 99774, 100150, 100271, 100354, 100625, 100721, 100735, 101168, 101178, 101220, 101556, 101558, 101585, 102038, 102203, 102308, 102818, 103058, 103059, 103098, 103205, 103211, 103235, 103473, 103718, 103786, 103805, 103853, 103995, 104094, 104163, 104405, 104483, 104490, 104877, 105038, 105925, 106102, 106223, 106304, 106340, 106921, 106952, 107002, 107004, 107036, 107194, 107257, 107466, 107715, 107731, 107790, 108342, 108419, 108424, 108487, 108626, 108754, 108780, 108874, 109042, 109090, 109334, 109373, 109416, 109580, 109603, 109712, 109792, 109944, 109949, 110055, 110249, 110299, 110319, 110327, 110356, 110365, 110392, 110423, 110535, 110536, 110547, 110644, 110713, 111569, 111654, 111884, 111887, 112418, 112428, 112430, 112615, 112696, 113004, 113013, 113283, 113663, 113826, 114289, 114379, 114472, 114530, 114537, 114539, 114677, 114807, 114814, 114819, 114820, 114867, 114967, 115007, 115020, 115076, 115328, 115353, 115552, 115563, 115717, 116018, 116179, 116330, 116489, 116514, 116545, 116697, 116850, 116919, 117161, 117184, 117288, 117362, 117396, 117422, 117782, 118039, 118136, 118173, 118452, 118641, 118762, 118938, 119041, 119145, 119197, 119270, 119424, 119480, 119582, 119593, 119908, 120169, 120199, 120205, 120252, 120586, 120622, 120822, 120833, 120849, 120911, 121182, 121205, 121758, 122037, 122293, 122546, 122865, 122909, 122911, 122929, 122937, 122957, 123233, 123345, 123434, 123438, 123478, 123556, 123618, 123673, 123793, 124095, 124689, 124849, 124913, 124929, 125460, 125944, 125954, 126015, 126258, 126341, 126487, 126533, 126716, 127070, 127201, 127310, 127753, 127826, 128086, 128093, 128205, 128732, 128742, 128957, 128985, 129044, 129359, 129642, 129847, 130003, 130017, 130045, 130184, 130327, 130355, 130564, 130588, 130691, 130780, 130784, 131056, 131292, 131309, 131342, 131813, 131975, 132020, 132680, 132781, 132783, 133202]"
c1_random,Greedy-f2,0.1,10%,0.05,5%,895,17008,3727,3553,174,16492,15555,0.9145696142991533,False,64,16917,"[114, 277, 310, 334, 420, 425, 463, 535, 655, 748, 790, 904, 1334, 1372, 1436, 2115, 2124, 2219, 2444, 2447, 2479, 2889, 3001, 3003, 3005, 3043, 3209, 3532, 3534, 3639, 3721, 3768, 3851, 3926, 4173, 4293, 4422, 4790, 4795, 4893, 5067, 5184, 5209, 5379, 5427, 5459, 5523, 5530, 5547, 5898, 5981, 6171, 6256, 6332, 6506, 6995, 7265, 7599, 7829, 7951, 8389, 8586, 8693, 8713, 8955, 9317, 9321, 9335, 9547, 9577, 9671, 9790, 10155, 10163, 10341, 10398, 10640, 11080, 11092, 11119, 11175, 11531, 11635, 11753, 12055, 12286, 12623, 12667, 12860, 13575, 13627, 13699, 13977, 14186, 14347, 14354, 14363, 14406, 15268, 15409, 15413, 15436, 15505, 15587, 16276, 16287, 16299, 16305, 16346, 16690, 16893, 17027, 17045, 17541, 17642, 17875, 18243, 18339, 18453, 18505, 18651, 18957, 18984, 19166, 19326, 19923, 20496, 20518, 20527, 20671, 20684, 20735, 21202, 21339, 21367, 21396, 21479, 21530, 21654, 21769, 22083, 22236, 22352, 22369, 22523, 23101, 23122, 23259, 23453, 23769, 23832, 23916, 24086, 24198, 24261, 24313, 24442, 24596, 24610, 24751, 24841, 24969, 25230, 25346, 25522, 25549, 25665, 25735, 25775, 26086, 26173, 26831, 26832, 26845, 26895, 26915, 26922, 27148, 27224, 27225, 27245, 27251, 27302, 27322, 27481, 27588, 27751, 27918, 28035, 28293, 28389, 28429, 28895, 29293, 29380, 29756, 29790, 29798, 29974, 30371, 30502, 30547, 30710, 31114, 31361, 31414, 31466, 31813, 31870, 31875, 32317, 32325, 32379, 32413, 32507, 32559, 33659, 33709, 34023, 34111, 34207, 34387, 34391, 34525, 34531, 34727, 34809, 34882, 34968, 35160, 35165, 35552, 35664, 35666, 35917, 35946, 36474, 36604, 36815, 36833, 37097, 37787, 37907, 37990, 38173, 38308, 38317, 38351, 38572, 38595, 39121, 39144, 39378, 39437, 39598, 39722, 39769, 39789, 39908, 39976, 40000, 40339, 40415, 40599, 40773, 40824, 40848, 40857, 41169, 41347, 41884, 41992, 42317, 42389, 42430, 42625, 42809, 42923, 43430, 44340, 44678, 44938, 45034, 45200, 45221, 45242, 45243, 45365, 45533, 45675, 45826, 45856, 45862, 46025, 46091, 46556, 46558, 46608, 46684, 46857, 47111, 47371, 47527, 47719, 47831, 48083, 48104, 48118, 48243, 48443, 48669, 49034, 49308, 49540, 49628, 49669, 49687, 50003, 50042, 50097, 50174, 50288, 50292, 50538, 50643, 50946, 51262, 51406, 51662, 51707, 52197, 52564, 52700, 52956, 53219, 53239, 53608, 53657, 53662, 53682, 53759, 53896, 53916, 53940, 54015, 54198, 54361, 54411, 54552, 54752, 54901, 54946, 55047, 55085, 55090, 55500, 55506, 55606, 55678, 55689, 55755, 55819, 55974, 56205, 56366, 56835, 56895, 56913, 57014, 57559, 57647, 57807, 57916, 58163, 58169, 58382, 58411, 58605, 58752, 58931, 58935, 58950, 59461, 59491, 59518, 59594, 59833, 59843, 60224, 60471, 60501, 60576, 60579, 60612, 60618, 60676, 60692, 60712, 60809, 61180, 61663, 61790, 61856, 61862, 61974, 62020, 62282, 62305, 62419, 62430, 62515, 62588, 62683, 62846, 63299, 63375, 63430, 63485, 63628, 63707, 63836, 63840, 63950, 64132, 64294, 64317, 64353, 64357, 64583, 64633, 64646, 64859, 64860, 65369, 65517, 65566, 65799, 66158, 66232, 66274, 66465, 66469, 66636, 66726, 66741, 66757, 66995, 67060, 67163, 67242, 67303, 67344, 67661, 67788, 67938, 68446, 68460, 68728, 68799, 69094, 69245, 69362, 69377, 69493, 69610, 69643, 69676, 69839, 69841, 70231, 70294, 70799, 70950, 71296, 71379, 71496, 71553, 71618, 71728, 72081, 72284, 72415, 72422, 72628, 72642, 72786, 72857, 73007, 73238, 73280, 73420, 73438, 73966, 74210, 74234, 74237, 74283, 74571, 74702, 74828, 74934, 74940, 75265, 75401, 75457, 75627, 75731, 75887, 76040, 76412, 76432, 76949, 76991, 77048, 77152, 77181, 77283, 77367, 77381, 77425, 77754, 77847, 78060, 78105, 78194, 78468, 78673, 78777, 78921, 79069, 79208, 79214, 79398, 79450, 80193, 80534, 80782, 81221, 81354, 81361, 81455, 81544, 81614, 81619, 81897, 81898, 81903, 81964, 82249, 82410, 82421, 82563, 82768, 82776, 82788, 82846, 83489, 83833, 83906, 84005, 84052, 84167, 84186, 84188, 84456, 84506, 84933, 85040, 85107, 85191, 85460, 85485, 85536, 85740, 86029, 86113, 86126, 86204, 86514, 86521, 86721, 86784, 86974, 87165, 87187, 87216, 87344, 87426, 87427, 87485, 87563, 87579, 87719, 87720, 87888, 88015, 88030, 88155, 88481, 88512, 88599, 88746, 88953, 88987, 88994, 89113, 89170, 89549, 89588, 89606, 89614, 89882, 89924, 90117, 90618, 90689, 91926, 92081, 92194, 92998, 93012, 93365, 93608, 93661, 93970, 94138, 94357, 94634, 94858, 94863, 94979, 95255, 95270, 95690, 96327, 96463, 96635, 96641, 96766, 96808, 96994, 97135, 97207, 97387, 97442, 97491, 97750, 97871, 97920, 97922, 98349, 98441, 98589, 98756, 99239, 99259, 99348, 99349, 99505, 99765, 99774, 100150, 100271, 100354, 100625, 100721, 100735, 101168, 101178, 101220, 101556, 101558, 101585, 102038, 102203, 102308, 102818, 103058, 103059, 103098, 103205, 103211, 103235, 103473, 103718, 103786, 103805, 103853, 103995, 104094, 104163, 104405, 104483, 104490, 104877, 105038, 105925, 106102, 106223, 106304, 106340, 106921, 106952, 107002, 107004, 107036, 107194, 107257, 107466, 107715, 107731, 107790, 108342, 108419, 108424, 108487, 108626, 108754, 108780, 108874, 109042, 109090, 109334, 109373, 109416, 109580, 109603, 109712, 109792, 109944, 109949, 110055, 110249, 110299, 110319, 110327, 110356, 110365, 110392, 110423, 110535, 110536, 110547, 110644, 110713, 111569, 111654, 111884, 111887, 112418, 112428, 112430, 112615, 112696, 113004, 113013, 113283, 113663, 113826, 114289, 114379, 114472, 114530, 114537, 114539, 114677, 114807, 114814, 114819, 114820, 114867, 114967, 115007, 115020, 115076, 115328, 115353, 115552, 115563, 115717, 116018, 116179, 116330, 116489, 116514, 116545, 116697, 116850, 116919, 117161, 117184, 117288, 117362, 117396, 117422, 117782, 118039, 118136, 118173, 118452, 118641, 118762, 118938, 119041, 119145, 119197, 119270, 119424, 119480, 119582, 119593, 119908, 120169, 120199, 120205, 120252, 120586, 120622, 120822, 120833, 120849, 120911, 121182, 121205, 121758, 122037, 122293, 122546, 122865, 122909, 122911, 122929, 122937, 122957, 123233, 123345, 123434, 123438, 123478, 123556, 123618, 123673, 123793, 124095, 124689, 124849, 124913, 124929, 125460, 125944, 125954, 126015, 126258, 126341, 126487, 126533, 126716, 127070, 127201, 127310, 127753, 127826, 128086, 128093, 128205, 128732, 128742, 128957, 128985, 129044, 129359, 129642, 129847, 130003, 130017, 130045, 130184, 130327, 130355, 130564, 130588, 130691, 130780, 130784, 131056, 131292, 131309, 131342, 131813, 131975, 132020, 132680, 132781, 132783, 133202]"
c1_random,Greedy-f3,0.1,10%,0.05,5%,895,17008,3806,3627,179,17009,16040,0.9430856067732831,False,64,16917,"[114, 277, 310, 334, 420, 425, 463, 535, 655, 748, 790, 904, 1334, 1372, 1436, 2115, 2124, 2219, 2444, 2447, 2479, 2889, 3001, 3003, 3005, 3043, 3209, 3532, 3534, 3639, 3721, 3768, 3851, 3926, 4173, 4293, 4422, 4790, 4795, 4893, 5067, 5184, 5209, 5379, 5427, 5459, 5523, 5530, 5547, 5898, 5981, 6171, 6256, 6332, 6506, 6995, 7265, 7599, 7829, 7951, 8389, 8586, 8693, 8713, 8955, 9317, 9321, 9335, 9547, 9577, 9671, 9790, 10155, 10163, 10341, 10398, 10640, 11080, 11092, 11119, 11175, 11531, 11635, 11753, 12055, 12286, 12623, 12667, 12860, 13575, 13627, 13699, 13977, 14186, 14347, 14354, 14363, 14406, 15268, 15409, 15413, 15436, 15505, 15587, 16276, 16287, 16299, 16305, 16346, 16690, 16893, 17027, 17045, 17541, 17642, 17875, 18243, 18339, 18453, 18505, 18651, 18957, 18984, 19166, 19326, 19923, 20496, 20518, 20527, 20671, 20684, 20735, 21202, 21339, 21367, 21396, 21479, 21530, 21654, 21769, 22083, 22236, 22352, 22369, 22523, 23101, 23122, 23259, 23453, 23769, 23832, 23916, 24086, 24198, 24261, 24313, 24442, 24596, 24610, 24751, 24841, 24969, 25230, 25346, 25522, 25549, 25665, 25735, 25775, 26086, 26173, 26831, 26832, 26845, 26895, 26915, 26922, 27148, 27224, 27225, 27245, 27251, 27302, 27322, 27481, 27588, 27751, 27918, 28035, 28293, 28389, 28429, 28895, 29293, 29380, 29756, 29790, 29798, 29974, 30371, 30502, 30547, 30710, 31114, 31361, 31414, 31466, 31813, 31870, 31875, 32317, 32325, 32379, 32413, 32507, 32559, 33659, 33709, 34023, 34111, 34207, 34387, 34391, 34525, 34531, 34727, 34809, 34882, 34968, 35160, 35165, 35552, 35664, 35666, 35917, 35946, 36474, 36604, 36815, 36833, 37097, 37787, 37907, 37990, 38173, 38308, 38317, 38351, 38572, 38595, 39121, 39144, 39378, 39437, 39598, 39722, 39769, 39789, 39908, 39976, 40000, 40339, 40415, 40599, 40773, 40824, 40848, 40857, 41169, 41347, 41884, 41992, 42317, 42389, 42430, 42625, 42809, 42923, 43430, 44340, 44678, 44938, 45034, 45200, 45221, 45242, 45243, 45365, 45533, 45675, 45826, 45856, 45862, 46025, 46091, 46556, 46558, 46608, 46684, 46857, 47111, 47371, 47527, 47719, 47831, 48083, 48104, 48118, 48243, 48443, 48669, 49034, 49308, 49540, 49628, 49669, 49687, 50003, 50042, 50097, 50174, 50288, 50292, 50538, 50643, 50946, 51262, 51406, 51662, 51707, 52197, 52564, 52700, 52956, 53219, 53239, 53608, 53657, 53662, 53682, 53759, 53896, 53916, 53940, 54015, 54198, 54361, 54411, 54552, 54752, 54901, 54946, 55047, 55085, 55090, 55500, 55506, 55606, 55678, 55689, 55755, 55819, 55974, 56205, 56366, 56835, 56895, 56913, 57014, 57559, 57647, 57807, 57916, 58163, 58169, 58382, 58411, 58605, 58752, 58931, 58935, 58950, 59461, 59491, 59518, 59594, 59833, 59843, 60224, 60471, 60501, 60576, 60579, 60612, 60618, 60676, 60692, 60712, 60809, 61180, 61663, 61790, 61856, 61862, 61974, 62020, 62282, 62305, 62419, 62430, 62515, 62588, 62683, 62846, 63299, 63375, 63430, 63485, 63628, 63707, 63836, 63840, 63950, 64132, 64294, 64317, 64353, 64357, 64583, 64633, 64646, 64859, 64860, 65369, 65517, 65566, 65799, 66158, 66232, 66274, 66465, 66469, 66636, 66726, 66741, 66757, 66995, 67060, 67163, 67242, 67303, 67344, 67661, 67788, 67938, 68446, 68460, 68728, 68799, 69094, 69245, 69362, 69377, 69493, 69610, 69643, 69676, 69839, 69841, 70231, 70294, 70799, 70950, 71296, 71379, 71496, 71553, 71618, 71728, 72081, 72284, 72415, 72422, 72628, 72642, 72786, 72857, 73007, 73238, 73280, 73420, 73438, 73966, 74210, 74234, 74237, 74283, 74571, 74702, 74828, 74934, 74940, 75265, 75401, 75457, 75627, 75731, 75887, 76040, 76412, 76432, 76949, 76991, 77048, 77152, 77181, 77283, 77367, 77381, 77425, 77754, 77847, 78060, 78105, 78194, 78468, 78673, 78777, 78921, 79069, 79208, 79214, 79398, 79450, 80193, 80534, 80782, 81221, 81354, 81361, 81455, 81544, 81614, 81619, 81897, 81898, 81903, 81964, 82249, 82410, 82421, 82563, 82768, 82776, 82788, 82846, 83489, 83833, 83906, 84005, 84052, 84167, 84186, 84188, 84456, 84506, 84933, 85040, 85107, 85191, 85460, 85485, 85536, 85740, 86029, 86113, 86126, 86204, 86514, 86521, 86721, 86784, 86974, 87165, 87187, 87216, 87344, 87426, 87427, 87485, 87563, 87579, 87719, 87720, 87888, 88015, 88030, 88155, 88481, 88512, 88599, 88746, 88953, 88987, 88994, 89113, 89170, 89549, 89588, 89606, 89614, 89882, 89924, 90117, 90618, 90689, 91926, 92081, 92194, 92998, 93012, 93365, 93608, 93661, 93970, 94138, 94357, 94634, 94858, 94863, 94979, 95255, 95270, 95690, 96327, 96463, 96635, 96641, 96766, 96808, 96994, 97135, 97207, 97387, 97442, 97491, 97750, 97871, 97920, 97922, 98349, 98441, 98589, 98756, 99239, 99259, 99348, 99349, 99505, 99765, 99774, 100150, 100271, 100354, 100625, 100721, 100735, 101168, 101178, 101220, 101556, 101558, 101585, 102038, 102203, 102308, 102818, 103058, 103059, 103098, 103205, 103211, 103235, 103473, 103718, 103786, 103805, 103853, 103995, 104094, 104163, 104405, 104483, 104490, 104877, 105038, 105925, 106102, 106223, 106304, 106340, 106921, 106952, 107002, 107004, 107036, 107194, 107257, 107466, 107715, 107731, 107790, 108342, 108419, 108424, 108487, 108626, 108754, 108780, 108874, 109042, 109090, 109334, 109373, 109416, 109580, 109603, 109712, 109792, 109944, 109949, 110055, 110249, 110299, 110319, 110327, 110356, 110365, 110392, 110423, 110535, 110536, 110547, 110644, 110713, 111569, 111654, 111884, 111887, 112418, 112428, 112430, 112615, 112696, 113004, 113013, 113283, 113663, 113826, 114289, 114379, 114472, 114530, 114537, 114539, 114677, 114807, 114814, 114819, 114820, 114867, 114967, 115007, 115020, 115076, 115328, 115353, 115552, 115563, 115717, 116018, 116179, 116330, 116489, 116514, 116545, 116697, 116850, 116919, 117161, 117184, 117288, 117362, 117396, 117422, 117782, 118039, 118136, 118173, 118452, 118641, 118762, 118938, 119041, 119145, 119197, 119270, 119424, 119480, 119582, 119593, 119908, 120169, 120199, 120205, 120252, 120586, 120622, 120822, 120833, 120849, 120911, 121182, 121205, 121758, 122037, 122293, 122546, 122865, 122909, 122911, 122929, 122937, 122957, 123233, 123345, 123434, 123438, 123478, 123556, 123618, 123673, 123793, 124095, 124689, 124849, 124913, 124929, 125460, 125944, 125954, 126015, 126258, 126341, 126487, 126533, 126716, 127070, 127201, 127310, 127753, 127826, 128086, 128093, 128205, 128732, 128742, 128957, 128985, 129044, 129359, 129642, 129847, 130003, 130017, 130045, 130184, 130327, 130355, 130564, 130588, 130691, 130780, 130784, 131056, 131292, 131309, 131342, 131813, 131975, 132020, 132680, 132781, 132783, 133202]"
c1_random,WTSS,0.1,10%,0.05,5%,895,17008,3264,3109,155,17903,16836,0.9898871119473189,False,64,16917,"[114, 277, 310, 334, 420, 425, 463, 535, 655, 748, 790, 904, 1334, 1372, 1436, 2115, 2124, 2219, 2444, 2447, 2479, 2889, 3001, 3003, 3005, 3043, 3209, 3532, 3534, 3639, 3721, 3768, 3851, 3926, 4173, 4293, 4422, 4790, 4795, 4893, 5067, 5184, 5209, 5379, 5427, 5459, 5523, 5530, 5547, 5898, 5981, 6171, 6256, 6332, 6506, 6995, 7265, 7599, 7829, 7951, 8389, 8586, 8693, 8713, 8955, 9317, 9321, 9335, 9547, 9577, 9671, 9790, 10155, 10163, 10341, 10398, 10640, 11080, 11092, 11119, 11175, 11531, 11635, 11753, 12055, 12286, 12623, 12667, 12860, 13575, 13627, 13699, 13977, 14186, 14347, 14354, 14363, 14406, 15268, 15409, 15413, 15436, 15505, 15587, 16276, 16287, 16299, 16305, 16346, 16690, 16893, 17027, 17045, 17541, 17642, 17875, 18243, 18339, 18453, 18505, 18651, 18957, 18984, 19166, 19326, 19923, 20496, 20518, 20527, 20671, 20684, 20735, 21202, 21339, 21367, 21396, 21479, 21530, 21654, 21769, 22083, 22236, 22352, 22369, 22523, 23101, 23122, 23259, 23453, 23769, 23832, 23916, 24086, 24198, 24261, 24313, 24442, 24596, 24610, 24751, 24841, 24969, 25230, 25346, 25522, 25549, 25665, 25735, 25775, 26086, 26173, 26831, 26832, 26845, 26895, 26915, 26922, 27148, 27224, 27225, 27245, 27251, 27302, 27322, 27481, 27588, 27751, 27918, 28035, 28293, 28389, 28429, 28895, 29293, 29380, 29756, 29790, 29798, 29974, 30371, 30502, 30547, 30710, 31114, 31361, 31414, 31466, 31813, 31870, 31875, 32317, 32325, 32379, 32413, 32507, 32559, 33659, 33709, 34023, 34111, 34207, 34387, 34391, 34525, 34531, 34727, 34809, 34882, 34968, 35160, 35165, 35552, 35664, 35666, 35917, 35946, 36474, 36604, 36815, 36833, 37097, 37787, 37907, 37990, 38173, 38308, 38317, 38351, 38572, 38595, 39121, 39144, 39378, 39437, 39598, 39722, 39769, 39789, 39908, 39976, 40000, 40339, 40415, 40599, 40773, 40824, 40848, 40857, 41169, 41347, 41884, 41992, 42317, 42389, 42430, 42625, 42809, 42923, 43430, 44340, 44678, 44938, 45034, 45200, 45221, 45242, 45243, 45365, 45533, 45675, 45826, 45856, 45862, 46025, 46091, 46556, 46558, 46608, 46684, 46857, 47111, 47371, 47527, 47719, 47831, 48083, 48104, 48118, 48243, 48443, 48669, 49034, 49308, 49540, 49628, 49669, 49687, 50003, 50042, 50097, 50174, 50288, 50292, 50538, 50643, 50946, 51262, 51406, 51662, 51707, 52197, 52564, 52700, 52956, 53219, 53239, 53608, 53657, 53662, 53682, 53759, 53896, 53916, 53940, 54015, 54198, 54361, 54411, 54552, 54752, 54901, 54946, 55047, 55085, 55090, 55500, 55506, 55606, 55678, 55689, 55755, 55819, 55974, 56205, 56366, 56835, 56895, 56913, 57014, 57559, 57647, 57807, 57916, 58163, 58169, 58382, 58411, 58605, 58752, 58931, 58935, 58950, 59461, 59491, 59518, 59594, 59833, 59843, 60224, 60471, 60501, 60576, 60579, 60612, 60618, 60676, 60692, 60712, 60809, 61180, 61663, 61790, 61856, 61862, 61974, 62020, 62282, 62305, 62419, 62430, 62515, 62588, 62683, 62846, 63299, 63375, 63430, 63485, 63628, 63707, 63836, 63840, 63950, 64132, 64294, 64317, 64353, 64357, 64583, 64633, 64646, 64859, 64860, 65369, 65517, 65566, 65799, 66158, 66232, 66274, 66465, 66469, 66636, 66726, 66741, 66757, 66995, 67060, 67163, 67242, 67303, 67344, 67661, 67788, 67938, 68446, 68460, 68728, 68799, 69094, 69245, 69362, 69377, 69493, 69610, 69643, 69676, 69839, 69841, 70231, 70294, 70799, 70950, 71296, 71379, 71496, 71553, 71618, 71728, 72081, 72284, 72415, 72422, 72628, 72642, 72786, 72857, 73007, 73238, 73280, 73420, 73438, 73966, 74210, 74234, 74237, 74283, 74571, 74702, 74828, 74934, 74940, 75265, 75401, 75457, 75627, 75731, 75887, 76040, 76412, 76432, 76949, 76991, 77048, 77152, 77181, 77283, 77367, 77381, 77425, 77754, 77847, 78060, 78105, 78194, 78468, 78673, 78777, 78921, 79069, 79208, 79214, 79398, 79450, 80193, 80534, 80782, 81221, 81354, 81361, 81455, 81544, 81614, 81619, 81897, 81898, 81903, 81964, 82249, 82410, 82421, 82563, 82768, 82776, 82788, 82846, 83489, 83833, 83906, 84005, 84052, 84167, 84186, 84188, 84456, 84506, 84933, 85040, 85107, 85191, 85460, 85485, 85536, 85740, 86029, 86113, 86126, 86204, 86514, 86521, 86721, 86784, 86974, 87165, 87187, 87216, 87344, 87426, 87427, 87485, 87563, 87579, 87719, 87720, 87888, 88015, 88030, 88155, 88481, 88512, 88599, 88746, 88953, 88987, 88994, 89113, 89170, 89549, 89588, 89606, 89614, 89882, 89924, 90117, 90618, 90689, 91926, 92081, 92194, 92998, 93012, 93365, 93608, 93661, 93970, 94138, 94357, 94634, 94858, 94863, 94979, 95255, 95270, 95690, 96327, 96463, 96635, 96641, 96766, 96808, 96994, 97135, 97207, 97387, 97442, 97491, 97750, 97871, 97920, 97922, 98349, 98441, 98589, 98756, 99239, 99259, 99348, 99349, 99505, 99765, 99774, 100150, 100271, 100354, 100625, 100721, 100735, 101168, 101178, 101220, 101556, 101558, 101585, 102038, 102203, 102308, 102818, 103058, 103059, 103098, 103205, 103211, 103235, 103473, 103718, 103786, 103805, 103853, 103995, 104094, 104163, 104405, 104483, 104490, 104877, 105038, 105925, 106102, 106223, 106304, 106340, 106921, 106952, 107002, 107004, 107036, 107194, 107257, 107466, 107715, 107731, 107790, 108342, 108419, 108424, 108487, 108626, 108754, 108780, 108874, 109042, 109090, 109334, 109373, 109416, 109580, 109603, 109712, 109792, 109944, 109949, 110055, 110249, 110299, 110319, 110327, 110356, 110365, 110392, 110423, 110535, 110536, 110547, 110644, 110713, 111569, 111654, 111884, 111887, 112418, 112428, 112430, 112615, 112696, 113004, 113013, 113283, 113663, 113826, 114289, 114379, 114472, 114530, 114537, 114539, 114677, 114807, 114814, 114819, 114820, 114867, 114967, 115007, 115020, 115076, 115328, 115353, 115552, 115563, 115717, 116018, 116179, 116330, 116489, 116514, 116545, 116697, 116850, 116919, 117161, 117184, 117288, 117362, 117396, 117422, 117782, 118039, 118136, 118173, 118452, 118641, 118762, 118938, 119041, 119145, 119197, 119270, 119424, 119480, 119582, 119593, 119908, 120169, 120199, 120205, 120252, 120586, 120622, 120822, 120833, 120849, 120911, 121182, 121205, 121758, 122037, 122293, 122546, 122865, 122909, 122911, 122929, 122937, 122957, 123233, 123345, 123434, 123438, 123478, 123556, 123618, 123673, 123793, 124095, 124689, 124849, 124913, 124929, 125460, 125944, 125954, 126015, 126258, 126341, 126487, 126533, 126716, 127070, 127201, 127310, 127753, 127826, 128086, 128093, 128205, 128732, 128742, 128957, 128985, 129044, 129359, 129642, 129847, 130003, 130017, 130045, 130184, 130327, 130355, 130564, 130588, 130691, 130780, 130784, 131056, 131292, 131309, 131342, 131813, 131975, 132020, 132680, 132781, 132783, 133202]"
c1_random,My-Seeds,0.1,10%,0.05,5%,895,17008,4200,4000,200,16796,15865,0.9327963311382879,False,64,16917,"[114, 277, 310, 334, 420, 425, 463, 535, 655, 748, 790, 904, 1334, 1372, 1436, 2115, 2124, 2219, 2444, 2447, 2479, 2889, 3001, 3003, 3005, 3043, 3209, 3532, 3534, 3639, 3721, 3768, 3851, 3926, 4173, 4293, 4422, 4790, 4795, 4893, 5067, 5184, 5209, 5379, 5427, 5459, 5523, 5530, 5547, 5898, 5981, 6171, 6256, 6332, 6506, 6995, 7265, 7599, 7829, 7951, 8389, 8586, 8693, 8713, 8955, 9317, 9321, 9335, 9547, 9577, 9671, 9790, 10155, 10163, 10341, 10398, 10640, 11080, 11092, 11119, 11175, 11531, 11635, 11753, 12055, 12286, 12623, 12667, 12860, 13575, 13627, 13699, 13977, 14186, 14347, 14354, 14363, 14406, 15268, 15409, 15413, 15436, 15505, 15587, 16276, 16287, 16299, 16305, 16346, 16690, 16893, 17027, 17045, 17541, 17642, 17875, 18243, 18339, 18453, 18505, 18651, 18957, 18984, 19166, 19326, 19923, 20496, 20518, 20527, 20671, 20684, 20735, 21202, 21339, 21367, 21396, 21479, 21530, 21654, 21769, 22083, 22236, 22352, 22369, 22523, 23101, 23122, 23259, 23453, 23769, 23832, 23916, 24086, 24198, 24261, 24313, 24442, 24596, 24610, 24751, 24841, 24969, 25230, 25346, 25522, 25549, 25665, 25735, 25775, 26086, 26173, 26831, 26832, 26845, 26895, 26915, 26922, 27148, 27224, 27225, 27245, 27251, 27302, 27322, 27481, 27588, 27751, 27918, 28035, 28293, 28389, 28429, 28895, 29293, 29380, 29756, 29790, 29798, 29974, 30371, 30502, 30547, 30710, 31114, 31361, 31414, 31466, 31813, 31870, 31875, 32317, 32325, 32379, 32413, 32507, 32559, 33659, 33709, 34023, 34111, 34207, 34387, 34391, 34525, 34531, 34727, 34809, 34882, 34968, 35160, 35165, 35552, 35664, 35666, 35917, 35946, 36474, 36604, 36815, 36833, 37097, 37787, 37907, 37990, 38173, 38308, 38317, 38351, 38572, 38595, 39121, 39144, 39378, 39437, 39598, 39722, 39769, 39789, 39908, 39976, 40000, 40339, 40415, 40599, 40773, 40824, 40848, 40857, 41169, 41347, 41884, 41992, 42317, 42389, 42430, 42625, 42809, 42923, 43430, 44340, 44678, 44938, 45034, 45200, 45221, 45242, 45243, 45365, 45533, 45675, 45826, 45856, 45862, 46025, 46091, 46556, 46558, 46608, 46684, 46857, 47111, 47371, 47527, 47719, 47831, 48083, 48104, 48118, 48243, 48443, 48669, 49034, 49308, 49540, 49628, 49669, 49687, 50003, 50042, 50097, 50174, 50288, 50292, 50538, 50643, 50946, 51262, 51406, 51662, 51707, 52197, 52564, 52700, 52956, 53219, 53239, 53608, 53657, 53662, 53682, 53759, 53896, 53916, 53940, 54015, 54198, 54361, 54411, 54552, 54752, 54901, 54946, 55047, 55085, 55090, 55500, 55506, 55606, 55678, 55689, 55755, 55819, 55974, 56205, 56366, 56835, 56895, 56913, 57014, 57559, 57647, 57807, 57916, 58163, 58169, 58382, 58411, 58605, 58752, 58931, 58935, 58950, 59461, 59491, 59518, 59594, 59833, 59843, 60224, 60471, 60501, 60576, 60579, 60612, 60618, 60676, 60692, 60712, 60809, 61180, 61663, 61790, 61856, 61862, 61974, 62020, 62282, 62305, 62419, 62430, 62515, 62588, 62683, 62846, 63299, 63375, 63430, 63485, 63628, 63707, 63836, 63840, 63950, 64132, 64294, 64317, 64353, 64357, 64583, 64633, 64646, 64859, 64860, 65369, 65517, 65566, 65799, 66158, 66232, 66274, 66465, 66469, 66636, 66726, 66741, 66757, 66995, 67060, 67163, 67242, 67303, 67344, 67661, 67788, 67938, 68446, 68460, 68728, 68799, 69094, 69245, 69362, 69377, 69493, 69610, 69643, 69676, 69839, 69841, 70231, 70294, 70799, 70950, 71296, 71379, 71496, 71553, 71618, 71728, 72081, 72284, 72415, 72422, 72628, 72642, 72786, 72857, 73007, 73238, 73280, 73420, 73438, 73966, 74210, 74234, 74237, 74283, 74571, 74702, 74828, 74934, 74940, 75265, 75401, 75457, 75627, 75731, 75887, 76040, 76412, 76432, 76949, 76991, 77048, 77152, 77181, 77283, 77367, 77381, 77425, 77754, 77847, 78060, 78105, 78194, 78468, 78673, 78777, 78921, 79069, 79208, 79214, 79398, 79450, 80193, 80534, 80782, 81221, 81354, 81361, 81455, 81544, 81614, 81619, 81897, 81898, 81903, 81964, 82249, 82410, 82421, 82563, 82768, 82776, 82788, 82846, 83489, 83833, 83906, 84005, 84052, 84167, 84186, 84188, 84456, 84506, 84933, 85040, 85107, 85191, 85460, 85485, 85536, 85740, 86029, 86113, 86126, 86204, 86514, 86521, 86721, 86784, 86974, 87165, 87187, 87216, 87344, 87426, 87427, 87485, 87563, 87579, 87719, 87720, 87888, 88015, 88030, 88155, 88481, 88512, 88599, 88746, 88953, 88987, 88994, 89113, 89170, 89549, 89588, 89606, 89614, 89882, 89924, 90117, 90618, 90689, 91926, 92081, 92194, 92998, 93012, 93365, 93608, 93661, 93970, 94138, 94357, 94634, 94858, 94863, 94979, 95255, 95270, 95690, 96327, 96463, 96635, 96641, 96766, 96808, 96994, 97135, 97207, 97387, 97442, 97491, 97750, 97871, 97920, 97922, 98349, 98441, 98589, 98756, 99239, 99259, 99348, 99349, 99505, 99765, 99774, 100150, 100271, 100354, 100625, 100721, 100735, 101168, 101178, 101220, 101556, 101558, 101585, 102038, 102203, 102308, 102818, 103058, 103059, 103098, 103205, 103211, 103235, 103473, 103718, 103786, 103805, 103853, 103995, 104094, 104163, 104405, 104483, 104490, 104877, 105038, 105925, 106102, 106223, 106304, 106340, 106921, 106952, 107002, 107004, 107036, 107194, 107257, 107466, 107715, 107731, 107790, 108342, 108419, 108424, 108487, 108626, 108754, 108780, 108874, 109042, 109090, 109334, 109373, 109416, 109580, 109603, 109712, 109792, 109944, 109949, 110055, 110249, 110299, 110319, 110327, 110356, 110365, 110392, 110423, 110535, 110536, 110547, 110644, 110713, 111569, 111654, 111884, 111887, 112418, 112428, 112430, 112615, 112696, 113004, 113013, 113283, 113663, 113826, 114289, 114379, 114472, 114530, 114537, 114539, 114677, 114807, 114814, 114819, 114820, 114867, 114967, 115007, 115020, 115076, 115328, 115353, 115552, 115563, 115717, 116018, 116179, 116330, 116489, 116514, 116545, 116697, 116850, 116919, 117161, 117184, 117288, 117362, 117396, 117422, 117782, 118039, 118136, 118173, 118452, 118641, 118762, 118938, 119041, 119145, 119197, 119270, 119424, 119480, 119582, 119593, 119908, 120169, 120199, 120205, 120252, 120586, 120622, 120822, 120833, 120849, 120911, 121182, 121205, 121758, 122037, 122293, 122546, 122865, 122909, 122911, 122929, 122937, 122957, 123233, 123345, 123434, 123438, 123478, 123556, 123618, 123673, 123793, 124095, 124689, 124849, 124913, 124929, 125460, 125944, 125954, 126015, 126258, 126341, 126487, 126533, 126716, 127070, 127201, 127310, 127753, 127826, 128086, 128093, 128205, 128732, 128742, 128957, 128985, 129044, 129359, 129642, 129847, 130003, 130017, 130045, 130184, 130327, 130355, 130564, 130588, 130691, 130780, 130784, 131056, 131292, 131309, 131342, 131813, 131975, 132020, 132680, 132781, 132783, 133202]"
c2_degree,Greedy-f1,0.1,10%,0.05,5%,895,17008,1807,1704,103,2445,2290,0.13464252116650988,False,64,16917,"[114, 277, 310, 334, 420, 425, 463, 535, 655, 748, 790, 904, 1334, 1372, 1436, 2115, 2124, 2219, 2444, 2447, 2479, 2889, 3001, 3003, 3005, 3043, 3209, 3532, 3534, 3639, 3721, 3768, 3851, 3926, 4173, 4293, 4422, 4790, 4795, 4893, 5067, 5184, 5209, 5379, 5427, 5459, 5523, 5530, 5547, 5898, 5981, 6171, 6256, 6332, 6506, 6995, 7265, 7599, 7829, 7951, 8389, 8586, 8693, 8713, 8955, 9317, 9321, 9335, 9547, 9577, 9671, 9790, 10155, 10163, 10341, 10398, 10640, 11080, 11092, 11119, 11175, 11531, 11635, 11753, 12055, 12286, 12623, 12667, 12860, 13575, 13627, 13699, 13977, 14186, 14347, 14354, 14363, 14406, 15268, 15409, 15413, 15436, 15505, 15587, 16276, 16287, 16299, 16305, 16346, 16690, 16893, 17027, 17045, 17541, 17642, 17875, 18243, 18339, 18453, 18505, 18651, 18957, 18984, 19166, 19326, 19923, 20496, 20518, 20527, 20671, 20684, 20735, 21202, 21339, 21367, 21396, 21479, 21530, 21654, 21769, 22083, 22236, 22352, 22369, 22523, 23101, 23122, 23259, 23453, 23769, 23832, 23916, 24086, 24198, 24261, 24313, 24442, 24596, 24610, 24751, 24841, 24969, 25230, 25346, 25522, 25549, 25665, 25735, 25775, 26086, 26173, 26831, 26832, 26845, 26895, 26915, 26922, 27148, 27224, 27225, 27245, 27251, 27302, 27322, 27481, 27588, 27751, 27918, 28035, 28293, 28389, 28429, 28895, 29293, 29380, 29756, 29790, 29798, 29974, 30371, 30502, 30547, 30710, 31114, 31361, 31414, 31466, 31813, 31870, 31875, 32317, 32325, 32379, 32413, 32507, 32559, 33659, 33709, 34023, 34111, 34207, 34387, 34391, 34525, 34531, 34727, 34809, 34882, 34968, 35160, 35165, 35552, 35664, 35666, 35917, 35946, 36474, 36604, 36815, 36833, 37097, 37787, 37907, 37990, 38173, 38308, 38317, 38351, 38572, 38595, 39121, 39144, 39378, 39437, 39598, 39722, 39769, 39789, 39908, 39976, 40000, 40339, 40415, 40599, 40773, 40824, 40848, 40857, 41169, 41347, 41884, 41992, 42317, 42389, 42430, 42625, 42809, 42923, 43430, 44340, 44678, 44938, 45034, 45200, 45221, 45242, 45243, 45365, 45533, 45675, 45826, 45856, 45862, 46025, 46091, 46556, 46558, 46608, 46684, 46857, 47111, 47371, 47527, 47719, 47831, 48083, 48104, 48118, 48243, 48443, 48669, 49034, 49308, 49540, 49628, 49669, 49687, 50003, 50042, 50097, 50174, 50288, 50292, 50538, 50643, 50946, 51262, 51406, 51662, 51707, 52197, 52564, 52700, 52956, 53219, 53239, 53608, 53657, 53662, 53682, 53759, 53896, 53916, 53940, 54015, 54198, 54361, 54411, 54552, 54752, 54901, 54946, 55047, 55085, 55090, 55500, 55506, 55606, 55678, 55689, 55755, 55819, 55974, 56205, 56366, 56835, 56895, 56913, 57014, 57559, 57647, 57807, 57916, 58163, 58169, 58382, 58411, 58605, 58752, 58931, 58935, 58950, 59461, 59491, 59518, 59594, 59833, 59843, 60224, 60471, 60501, 60576, 60579, 60612, 60618, 60676, 60692, 60712, 60809, 61180, 61663, 61790, 61856, 61862, 61974, 62020, 62282, 62305, 62419, 62430, 62515, 62588, 62683, 62846, 63299, 63375, 63430, 63485, 63628, 63707, 63836, 63840, 63950, 64132, 64294, 64317, 64353, 64357, 64583, 64633, 64646, 64859, 64860, 65369, 65517, 65566, 65799, 66158, 66232, 66274, 66465, 66469, 66636, 66726, 66741, 66757, 66995, 67060, 67163, 67242, 67303, 67344, 67661, 67788, 67938, 68446, 68460, 68728, 68799, 69094, 69245, 69362, 69377, 69493, 69610, 69643, 69676, 69839, 69841, 70231, 70294, 70799, 70950, 71296, 71379, 71496, 71553, 71618, 71728, 72081, 72284, 72415, 72422, 72628, 72642, 72786, 72857, 73007, 73238, 73280, 73420, 73438, 73966, 74210, 74234, 74237, 74283, 74571, 74702, 74828, 74934, 74940, 75265, 75401, 75457, 75627, 75731, 75887, 76040, 76412, 76432, 76949, 76991, 77048, 77152, 77181, 77283, 77367, 77381, 77425, 77754, 77847, 78060, 78105, 78194, 78468, 78673, 78777, 78921, 79069, 79208, 79214, 79398, 79450, 80193, 80534, 80782, 81221, 81354, 81361, 81455, 81544, 81614, 81619, 81897, 81898, 81903, 81964, 82249, 82410, 82421, 82563, 82768, 82776, 82788, 82846, 83489, 83833, 83906, 84005, 84052, 84167, 84186, 84188, 84456, 84506, 84933, 85040, 85107, 85191, 85460, 85485, 85536, 85740, 86029, 86113, 86126, 86204, 86514, 86521, 86721, 86784, 86974, 87165, 87187, 87216, 87344, 87426, 87427, 87485, 87563, 87579, 87719, 87720, 87888, 88015, 88030, 88155, 88481, 88512, 88599, 88746, 88953, 88987, 88994, 89113, 89170, 89549, 89588, 89606, 89614, 89882, 89924, 90117, 90618, 90689, 91926, 92081, 92194, 92998, 93012, 93365, 93608, 93661, 93970, 94138, 94357, 94634, 94858, 94863, 94979, 95255, 95270, 95690, 96327, 96463, 96635, 96641, 96766, 96808, 96994, 97135, 97207, 97387, 97442, 97491, 97750, 97871, 97920, 97922, 98349, 98441, 98589, 98756, 99239, 99259, 99348, 99349, 99505, 99765, 99774, 100150, 100271, 100354, 100625, 100721, 100735, 101168, 101178, 101220, 101556, 101558, 101585, 102038, 102203, 102308, 102818, 103058, 103059, 103098, 103205, 103211, 103235, 103473, 103718, 103786, 103805, 103853, 103995, 104094, 104163, 104405, 104483, 104490, 104877, 105038, 105925, 106102, 106223, 106304, 106340, 106921, 106952, 107002, 107004, 107036, 107194, 107257, 107466, 107715, 107731, 107790, 108342, 108419, 108424, 108487, 108626, 108754, 108780, 108874, 109042, 109090, 109334, 109373, 109416, 109580, 109603, 109712, 109792, 109944, 109949, 110055, 110249, 110299, 110319, 110327, 110356, 110365, 110392, 110423, 110535, 110536, 110547, 110644, 110713, 111569, 111654, 111884, 111887, 112418, 112428, 112430, 112615, 112696, 113004, 113013, 113283, 113663, 113826, 114289, 114379, 114472, 114530, 114537, 114539, 114677, 114807, 114814, 114819, 114820, 114867, 114967, 115007, 115020, 115076, 115328, 115353, 115552, 115563, 115717, 116018, 116179, 116330, 116489, 116514, 116545, 116697, 116850, 116919, 117161, 117184, 117288, 117362, 117396, 117422, 117782, 118039, 118136, 118173, 118452, 118641, 118762, 118938, 119041, 119145, 119197, 119270, 119424, 119480, 119582, 119593, 119908, 120169, 120199, 120205, 120252, 120586, 120622, 120822, 120833, 120849, 120911, 121182, 121205, 121758, 122037, 122293, 122546, 122865, 122909, 122911, 122929, 122937, 122957, 123233, 123345, 123434, 123438, 123478, 123556, 123618, 123673, 123793, 124095, 124689, 124849, 124913, 124929, 125460, 125944, 125954, 126015, 126258, 126341, 126487, 126533, 126716, 127070, 127201, 127310, 127753, 127826, 128086, 128093, 128205, 128732, 128742, 128957, 128985, 129044, 129359, 129642, 129847, 130003, 130017, 130045, 130184, 130327, 130355, 130564, 130588, 130691, 130780, 130784, 131056, 131292, 131309, 131342, 131813, 131975, 132020, 132680, 132781, 132783, 133202]"
c2_degree,Greedy-f2,0.1,10%,0.05,5%,895,17008,1327,1263,64,1386,1323,0.07778692380056444,False,64,16917,"[114, 277, 310, 334, 420, 425, 463, 535, 655, 748, 790, 904, 1334, 1372, 1436, 2115, 2124, 2219, 2444, 2447, 2479, 2889, 3001, 3003, 3005, 3043, 3209, 3532, 3534, 3639, 3721, 3768, 3851, 3926, 4173, 4293, 4422, 4790, 4795, 4893, 5067, 5184, 5209, 5379, 5427, 5459, 5523, 5530, 5547, 5898, 5981, 6171, 6256, 6332, 6506, 6995, 7265, 7599, 7829, 7951, 8389, 8586, 8693, 8713, 8955, 9317, 9321, 9335, 9547, 9577, 9671, 9790, 10155, 10163, 10341, 10398, 10640, 11080, 11092, 11119, 11175, 11531, 11635, 11753, 12055, 12286, 12623, 12667, 12860, 13575, 13627, 13699, 13977, 14186, 14347, 14354, 14363, 14406, 15268, 15409, 15413, 15436, 15505, 15587, 16276, 16287, 16299, 16305, 16346, 16690, 16893, 17027, 17045, 17541, 17642, 17875, 18243, 18339, 18453, 18505, 18651, 18957, 18984, 19166, 19326, 19923, 20496, 20518, 20527, 20671, 20684, 20735, 21202, 21339, 21367, 21396, 21479, 21530, 21654, 21769, 22083, 22236, 22352, 22369, 22523, 23101, 23122, 23259, 23453, 23769, 23832, 23916, 24086, 24198, 24261, 24313, 24442, 24596, 24610, 24751, 24841, 24969, 25230, 25346, 25522, 25549, 25665, 25735, 25775, 26086, 26173, 26831, 26832, 26845, 26895, 26915, 26922, 27148, 27224, 27225, 27245, 27251, 27302, 27322, 27481, 27588, 27751, 27918, 28035, 28293, 28389, 28429, 28895, 29293, 29380, 29756, 29790, 29798, 29974, 30371, 30502, 30547, 30710, 31114, 31361, 31414, 31466, 31813, 31870, 31875, 32317, 32325, 32379, 32413, 32507, 32559, 33659, 33709, 34023, 34111, 34207, 34387, 34391, 34525, 34531, 34727, 34809, 34882, 34968, 35160, 35165, 35552, 35664, 35666, 35917, 35946, 36474, 36604, 36815, 36833, 37097, 37787, 37907, 37990, 38173, 38308, 38317, 38351, 38572, 38595, 39121, 39144, 39378, 39437, 39598, 39722, 39769, 39789, 39908, 39976, 40000, 40339, 40415, 40599, 40773, 40824, 40848, 40857, 41169, 41347, 41884, 41992, 42317, 42389, 42430, 42625, 42809, 42923, 43430, 44340, 44678, 44938, 45034, 45200, 45221, 45242, 45243, 45365, 45533, 45675, 45826, 45856, 45862, 46025, 46091, 46556, 46558, 46608, 46684, 46857, 47111, 47371, 47527, 47719, 47831, 48083, 48104, 48118, 48243, 48443, 48669, 49034, 49308, 49540, 49628, 49669, 49687, 50003, 50042, 50097, 50174, 50288, 50292, 50538, 50643, 50946, 51262, 51406, 51662, 51707, 52197, 52564, 52700, 52956, 53219, 53239, 53608, 53657, 53662, 53682, 53759, 53896, 53916, 53940, 54015, 54198, 54361, 54411, 54552, 54752, 54901, 54946, 55047, 55085, 55090, 55500, 55506, 55606, 55678, 55689, 55755, 55819, 55974, 56205, 56366, 56835, 56895, 56913, 57014, 57559, 57647, 57807, 57916, 58163, 58169, 58382, 58411, 58605, 58752, 58931, 58935, 58950, 59461, 59491, 59518, 59594, 59833, 59843, 60224, 60471, 60501, 60576, 60579, 60612, 60618, 60676, 60692, 60712, 60809, 61180, 61663, 61790, 61856, 61862, 61974, 62020, 62282, 62305, 62419, 62430, 62515, 62588, 62683, 62846, 63299, 63375, 63430, 63485, 63628, 63707, 63836, 63840, 63950, 64132, 64294, 64317, 64353, 64357, 64583, 64633, 64646, 64859, 64860, 65369, 65517, 65566, 65799, 66158, 66232, 66274, 66465, 66469, 66636, 66726, 66741, 66757, 66995, 67060, 67163, 67242, 67303, 67344, 67661, 67788, 67938, 68446, 68460, 68728, 68799, 69094, 69245, 69362, 69377, 69493, 69610, 69643, 69676, 69839, 69841, 70231, 70294, 70799, 70950, 71296, 71379, 71496, 71553, 71618, 71728, 72081, 72284, 72415, 72422, 72628, 72642, 72786, 72857, 73007, 73238, 73280, 73420, 73438, 73966, 74210, 74234, 74237, 74283, 74571, 74702, 74828, 74934, 74940, 75265, 75401, 75457, 75627, 75731, 75887, 76040, 76412, 76432, 76949, 76991, 77048, 77152, 77181, 77283, 77367, 77381, 77425, 77754, 77847, 78060, 78105, 78194, 78468, 78673, 78777, 78921, 79069, 79208, 79214, 79398, 79450, 80193, 80534, 80782, 81221, 81354, 81361, 81455, 81544, 81614, 81619, 81897, 81898, 81903, 81964, 82249, 82410, 82421, 82563, 82768, 82776, 82788, 82846, 83489, 83833, 83906, 84005, 84052, 84167, 84186, 84188, 84456, 84506, 84933, 85040, 85107, 85191, 85460, 85485, 85536, 85740, 86029, 86113, 86126, 86204, 86514, 86521, 86721, 86784, 86974, 87165, 87187, 87216, 87344, 87426, 87427, 87485, 87563, 87579, 87719, 87720, 87888, 88015, 88030, 88155, 88481, 88512, 88599, 88746, 88953, 88987, 88994, 89113, 89170, 89549, 89588, 89606, 89614, 89882, 89924, 90117, 90618, 90689, 91926, 92081, 92194, 92998, 93012, 93365, 93608, 93661, 93970, 94138, 94357, 94634, 94858, 94863, 94979, 95255, 95270, 95690, 96327, 96463, 96635, 96641, 96766, 96808, 96994, 97135, 97207, 97387, 97442, 97491, 97750, 97871, 97920, 97922, 98349, 98441, 98589, 98756, 99239, 99259, 99348, 99349, 99505, 99765, 99774, 100150, 100271, 100354, 100625, 100721, 100735, 101168, 101178, 101220, 101556, 101558, 101585, 102038, 102203, 102308, 102818, 103058, 103059, 103098, 103205, 103211, 103235, 103473, 103718, 103786, 103805, 103853, 103995, 104094, 104163, 104405, 104483, 104490, 104877, 105038, 105925, 106102, 106223, 106304, 106340, 106921, 106952, 107002, 107004, 107036, 107194, 107257, 107466, 107715, 107731, 107790, 108342, 108419, 108424, 108487, 108626, 108754, 108780, 108874, 109042, 109090, 109334, 109373, 109416, 109580, 109603, 109712, 109792, 109944, 109949, 110055, 110249, 110299, 110319, 110327, 110356, 110365, 110392, 110423, 110535, 110536, 110547, 110644, 110713, 111569, 111654, 111884, 111887, 112418, 112428, 112430, 112615, 112696, 113004, 113013, 113283, 113663, 113826, 114289, 114379, 114472, 114530, 114537, 114539, 114677, 114807, 114814, 114819, 114820, 114867, 114967, 115007, 115020, 115076, 115328, 115353, 115552, 115563, 115717, 116018, 116179, 116330, 116489, 116514, 116545, 116697, 116850, 116919, 117161, 117184, 117288, 117362, 117396, 117422, 117782, 118039, 118136, 118173, 118452, 118641, 118762, 118938, 119041, 119145, 119197, 119270, 119424, 119480, 119582, 119593, 119908, 120169, 120199, 120205, 120252, 120586, 120622, 120822, 120833, 120849, 120911, 121182, 121205, 121758, 122037, 122293, 122546, 122865, 122909, 122911, 122929, 122937, 122957, 123233, 123345, 123434, 123438, 123478, 123556, 123618, 123673, 123793, 124095, 124689, 124849, 124913, 124929, 125460, 125944, 125954, 126015, 126258, 126341, 126487, 126533, 126716, 127070, 127201, 127310, 127753, 127826, 128086, 128093, 128205, 128732, 128742, 128957, 128985, 129044, 129359, 129642, 129847, 130003, 130017, 130045, 130184, 130327, 130355, 130564, 130588, 130691, 130780, 130784, 131056, 131292, 131309, 131342, 131813, 131975, 132020, 132680, 132781, 132783, 133202]"
c2_degree,Greedy-f3,0.1,10%,0.05,5%,895,17008,2666,2516,150,4157,3986,0.23436030103480715,False,64,16917,"[114, 277, 310, 334, 420, 425, 463, 535, 655, 748, 790, 904, 1334, 1372, 1436, 2115, 2124, 2219, 2444, 2447, 2479, 2889, 3001, 3003, 3005, 3043, 3209, 3532, 3534, 3639, 3721, 3768, 3851, 3926, 4173, 4293, 4422, 4790, 4795, 4893, 5067, 5184, 5209, 5379, 5427, 5459, 5523, 5530, 5547, 5898, 5981, 6171, 6256, 6332, 6506, 6995, 7265, 7599, 7829, 7951, 8389, 8586, 8693, 8713, 8955, 9317, 9321, 9335, 9547, 9577, 9671, 9790, 10155, 10163, 10341, 10398, 10640, 11080, 11092, 11119, 11175, 11531, 11635, 11753, 12055, 12286, 12623, 12667, 12860, 13575, 13627, 13699, 13977, 14186, 14347, 14354, 14363, 14406, 15268, 15409, 15413, 15436, 15505, 15587, 16276, 16287, 16299, 16305, 16346, 16690, 16893, 17027, 17045, 17541, 17642, 17875, 18243, 18339, 18453, 18505, 18651, 18957, 18984, 19166, 19326, 19923, 20496, 20518, 20527, 20671, 20684, 20735, 21202, 21339, 21367, 21396, 21479, 21530, 21654, 21769, 22083, 22236, 22352, 22369, 22523, 23101, 23122, 23259, 23453, 23769, 23832, 23916, 24086, 24198, 24261, 24313, 24442, 24596, 24610, 24751, 24841, 24969, 25230, 25346, 25522, 25549, 25665, 25735, 25775, 26086, 26173, 26831, 26832, 26845, 26895, 26915, 26922, 27148, 27224, 27225, 27245, 27251, 27302, 27322, 27481, 27588, 27751, 27918, 28035, 28293, 28389, 28429, 28895, 29293, 29380, 29756, 29790, 29798, 29974, 30371, 30502, 30547, 30710, 31114, 31361, 31414, 31466, 31813, 31870, 31875, 32317, 32325, 32379, 32413, 32507, 32559, 33659, 33709, 34023, 34111, 34207, 34387, 34391, 34525, 34531, 34727, 34809, 34882, 34968, 35160, 35165, 35552, 35664, 35666, 35917, 35946, 36474, 36604, 36815, 36833, 37097, 37787, 37907, 37990, 38173, 38308, 38317, 38351, 38572, 38595, 39121, 39144, 39378, 39437, 39598, 39722, 39769, 39789, 39908, 39976, 40000, 40339, 40415, 40599, 40773, 40824, 40848, 40857, 41169, 41347, 41884, 41992, 42317, 42389, 42430, 42625, 42809, 42923, 43430, 44340, 44678, 44938, 45034, 45200, 45221, 45242, 45243, 45365, 45533, 45675, 45826, 45856, 45862, 46025, 46091, 46556, 46558, 46608, 46684, 46857, 47111, 47371, 47527, 47719, 47831, 48083, 48104, 48118, 48243, 48443, 48669, 49034, 49308, 49540, 49628, 49669, 49687, 50003, 50042, 50097, 50174, 50288, 50292, 50538, 50643, 50946, 51262, 51406, 51662, 51707, 52197, 52564, 52700, 52956, 53219, 53239, 53608, 53657, 53662, 53682, 53759, 53896, 53916, 53940, 54015, 54198, 54361, 54411, 54552, 54752, 54901, 54946, 55047, 55085, 55090, 55500, 55506, 55606, 55678, 55689, 55755, 55819, 55974, 56205, 56366, 56835, 56895, 56913, 57014, 57559, 57647, 57807, 57916, 58163, 58169, 58382, 58411, 58605, 58752, 58931, 58935, 58950, 59461, 59491, 59518, 59594, 59833, 59843, 60224, 60471, 60501, 60576, 60579, 60612, 60618, 60676, 60692, 60712, 60809, 61180, 61663, 61790, 61856, 61862, 61974, 62020, 62282, 62305, 62419, 62430, 62515, 62588, 62683, 62846, 63299, 63375, 63430, 63485, 63628, 63707, 63836, 63840, 63950, 64132, 64294, 64317, 64353, 64357, 64583, 64633, 64646, 64859, 64860, 65369, 65517, 65566, 65799, 66158, 66232, 66274, 66465, 66469, 66636, 66726, 66741, 66757, 66995, 67060, 67163, 67242, 67303, 67344, 67661, 67788, 67938, 68446, 68460, 68728, 68799, 69094, 69245, 69362, 69377, 69493, 69610, 69643, 69676, 69839, 69841, 70231, 70294, 70799, 70950, 71296, 71379, 71496, 71553, 71618, 71728, 72081, 72284, 72415, 72422, 72628, 72642, 72786, 72857, 73007, 73238, 73280, 73420, 73438, 73966, 74210, 74234, 74237, 74283, 74571, 74702, 74828, 74934, 74940, 75265, 75401, 75457, 75627, 75731, 75887, 76040, 76412, 76432, 76949, 76991, 77048, 77152, 77181, 77283, 77367, 77381, 77425, 77754, 77847, 78060, 78105, 78194, 78468, 78673, 78777, 78921, 79069, 79208, 79214, 79398, 79450, 80193, 80534, 80782, 81221, 81354, 81361, 81455, 81544, 81614, 81619, 81897, 81898, 81903, 81964, 82249, 82410, 82421, 82563, 82768, 82776, 82788, 82846, 83489, 83833, 83906, 84005, 84052, 84167, 84186, 84188, 84456, 84506, 84933, 85040, 85107, 85191, 85460, 85485, 85536, 85740, 86029, 86113, 86126, 86204, 86514, 86521, 86721, 86784, 86974, 87165, 87187, 87216, 87344, 87426, 87427, 87485, 87563, 87579, 87719, 87720, 87888, 88015, 88030, 88155, 88481, 88512, 88599, 88746, 88953, 88987, 88994, 89113, 89170, 89549, 89588, 89606, 89614, 89882, 89924, 90117, 90618, 90689, 91926, 92081, 92194, 92998, 93012, 93365, 93608, 93661, 93970, 94138, 94357, 94634, 94858, 94863, 94979, 95255, 95270, 95690, 96327, 96463, 96635, 96641, 96766, 96808, 96994, 97135, 97207, 97387, 97442, 97491, 97750, 97871, 97920, 97922, 98349, 98441, 98589, 98756, 99239, 99259, 99348, 99349, 99505, 99765, 99774, 100150, 100271, 100354, 100625, 100721, 100735, 101168, 101178, 101220, 101556, 101558, 101585, 102038, 102203, 102308, 102818, 103058, 103059, 103098, 103205, 103211, 103235, 103473, 103718, 103786, 103805, 103853, 103995, 104094, 104163, 104405, 104483, 104490, 104877, 105038, 105925, 106102, 106223, 106304, 106340, 106921, 106952, 107002, 107004, 107036, 107194, 107257, 107466, 107715, 107731, 107790, 108342, 108419, 108424, 108487, 108626, 108754, 108780, 108874, 109042, 109090, 109334, 109373, 109416, 109580, 109603, 109712, 109792, 109944, 109949, 110055, 110249, 110299, 110319, 110327, 110356, 110365, 110392, 110423, 110535, 110536, 110547, 110644, 110713, 111569, 111654, 111884, 111887, 112418, 112428, 112430, 112615, 112696, 113004, 113013, 113283, 113663, 113826, 114289, 114379, 114472, 114530, 114537, 114539, 114677, 114807, 114814, 114819, 114820, 114867, 114967, 115007, 115020, 115076, 115328, 115353, 115552, 115563, 115717, 116018, 116179, 116330, 116489, 116514, 116545, 116697, 116850, 116919, 117161, 117184, 117288, 117362, 117396, 117422, 117782, 118039, 118136, 118173, 118452, 118641, 118762, 118938, 119041, 119145, 119197, 119270, 119424, 119480, 119582, 119593, 119908, 120169, 120199, 120205, 120252, 120586, 120622, 120822, 120833, 120849, 120911, 121182, 121205, 121758, 122037, 122293, 122546, 122865, 122909, 122911, 122929, 122937, 122957, 123233, 123345, 123434, 123438, 123478, 123556, 123618, 123673, 123793, 124095, 124689, 124849, 124913, 124929, 125460, 125944, 125954, 126015, 126258, 126341, 126487, 126533, 126716, 127070, 127201, 127310, 127753, 127826, 128086, 128093, 128205, 128732, 128742, 128957, 128985, 129044, 129359, 129642, 129847, 130003, 130017, 130045, 130184, 130327, 130355, 130564, 130588, 130691, 130780, 130784, 131056, 131292, 131309, 131342, 131813, 131975, 132020, 132680, 132781, 132783, 133202]"
c2_degree,WTSS,0.1,10%,0.05,5%,895,17008,3289,3125,164,3822,3655,0.2148988711194732,False,64,16917,"[114, 277, 310, 334, 420, 425, 463, 535, 655, 748, 790, 904, 1334, 1372, 1436, 2115, 2124, 2219, 2444, 2447, 2479, 2889, 3001, 3003, 3005, 3043, 3209, 3532, 3534, 3639, 3721, 3768, 3851, 3926, 4173, 4293, 4422, 4790, 4795, 4893, 5067, 5184, 5209, 5379, 5427, 5459, 5523, 5530, 5547, 5898, 5981, 6171, 6256, 6332, 6506, 6995, 7265, 7599, 7829, 7951, 8389, 8586, 8693, 8713, 8955, 9317, 9321, 9335, 9547, 9577, 9671, 9790, 10155, 10163, 10341, 10398, 10640, 11080, 11092, 11119, 11175, 11531, 11635, 11753, 12055, 12286, 12623, 12667, 12860, 13575, 13627, 13699, 13977, 14186, 14347, 14354, 14363, 14406, 15268, 15409, 15413, 15436, 15505, 15587, 16276, 16287, 16299, 16305, 16346, 16690, 16893, 17027, 17045, 17541, 17642, 17875, 18243, 18339, 18453, 18505, 18651, 18957, 18984, 19166, 19326, 19923, 20496, 20518, 20527, 20671, 20684, 20735, 21202, 21339, 21367, 21396, 21479, 21530, 21654, 21769, 22083, 22236, 22352, 22369, 22523, 23101, 23122, 23259, 23453, 23769, 23832, 23916, 24086, 24198, 24261, 24313, 24442, 24596, 24610, 24751, 24841, 24969, 25230, 25346, 25522, 25549, 25665, 25735, 25775, 26086, 26173, 26831, 26832, 26845, 26895, 26915, 26922, 27148, 27224, 27225, 27245, 27251, 27302, 27322, 27481, 27588, 27751, 27918, 28035, 28293, 28389, 28429, 28895, 29293, 29380, 29756, 29790, 29798, 29974, 30371, 30502, 30547, 30710, 31114, 31361, 31414, 31466, 31813, 31870, 31875, 32317, 32325, 32379, 32413, 32507, 32559, 33659, 33709, 34023, 34111, 34207, 34387, 34391, 34525, 34531, 34727, 34809, 34882, 34968, 35160, 35165, 35552, 35664, 35666, 35917, 35946, 36474, 36604, 36815, 36833, 37097, 37787, 37907, 37990, 38173, 38308, 38317, 38351, 38572, 38595, 39121, 39144, 39378, 39437, 39598, 39722, 39769, 39789, 39908, 39976, 40000, 40339, 40415, 40599, 40773, 40824, 40848, 40857, 41169, 41347, 41884, 41992, 42317, 42389, 42430, 42625, 42809, 42923, 43430, 44340, 44678, 44938, 45034, 45200, 45221, 45242, 45243, 45365, 45533, 45675, 45826, 45856, 45862, 46025, 46091, 46556, 46558, 46608, 46684, 46857, 47111, 47371, 47527, 47719, 47831, 48083, 48104, 48118, 48243, 48443, 48669, 49034, 49308, 49540, 49628, 49669, 49687, 50003, 50042, 50097, 50174, 50288, 50292, 50538, 50643, 50946, 51262, 51406, 51662, 51707, 52197, 52564, 52700, 52956, 53219, 53239, 53608, 53657, 53662, 53682, 53759, 53896, 53916, 53940, 54015, 54198, 54361, 54411, 54552, 54752, 54901, 54946, 55047, 55085, 55090, 55500, 55506, 55606, 55678, 55689, 55755, 55819, 55974, 56205, 56366, 56835, 56895, 56913, 57014, 57559, 57647, 57807, 57916, 58163, 58169, 58382, 58411, 58605, 58752, 58931, 58935, 58950, 59461, 59491, 59518, 59594, 59833, 59843, 60224, 60471, 60501, 60576, 60579, 60612, 60618, 60676, 60692, 60712, 60809, 61180, 61663, 61790, 61856, 61862, 61974, 62020, 62282, 62305, 62419, 62430, 62515, 62588, 62683, 62846, 63299, 63375, 63430, 63485, 63628, 63707, 63836, 63840, 63950, 64132, 64294, 64317, 64353, 64357, 64583, 64633, 64646, 64859, 64860, 65369, 65517, 65566, 65799, 66158, 66232, 66274, 66465, 66469, 66636, 66726, 66741, 66757, 66995, 67060, 67163, 67242, 67303, 67344, 67661, 67788, 67938, 68446, 68460, 68728, 68799, 69094, 69245, 69362, 69377, 69493, 69610, 69643, 69676, 69839, 69841, 70231, 70294, 70799, 70950, 71296, 71379, 71496, 71553, 71618, 71728, 72081, 72284, 72415, 72422, 72628, 72642, 72786, 72857, 73007, 73238, 73280, 73420, 73438, 73966, 74210, 74234, 74237, 74283, 74571, 74702, 74828, 74934, 74940, 75265, 75401, 75457, 75627, 75731, 75887, 76040, 76412, 76432, 76949, 76991, 77048, 77152, 77181, 77283, 77367, 77381, 77425, 77754, 77847, 78060, 78105, 78194, 78468, 78673, 78777, 78921, 79069, 79208, 79214, 79398, 79450, 80193, 80534, 80782, 81221, 81354, 81361, 81455, 81544, 81614, 81619, 81897, 81898, 81903, 81964, 82249, 82410, 82421, 82563, 82768, 82776, 82788, 82846, 83489, 83833, 83906, 84005, 84052, 84167, 84186, 84188, 84456, 84506, 84933, 85040, 85107, 85191, 85460, 85485, 85536, 85740, 86029, 86113, 86126, 86204, 86514, 86521, 86721, 86784, 86974, 87165, 87187, 87216, 87344, 87426, 87427, 87485, 87563, 87579, 87719, 87720, 87888, 88015, 88030, 88155, 88481, 88512, 88599, 88746, 88953, 88987, 88994, 89113, 89170, 89549, 89588, 89606, 89614, 89882, 89924, 90117, 90618, 90689, 91926, 92081, 92194, 92998, 93012, 93365, 93608, 93661, 93970, 94138, 94357, 94634, 94858, 94863, 94979, 95255, 95270, 95690, 96327, 96463, 96635, 96641, 96766, 96808, 96994, 97135, 97207, 97387, 97442, 97491, 97750, 97871, 97920, 97922, 98349, 98441, 98589, 98756, 99239, 99259, 99348, 99349, 99505, 99765, 99774, 100150, 100271, 100354, 100625, 100721, 100735, 101168, 101178, 101220, 101556, 101558, 101585, 102038, 102203, 102308, 102818, 103058, 103059, 103098, 103205, 103211, 103235, 103473, 103718, 103786, 103805, 103853, 103995, 104094, 104163, 104405, 104483, 104490, 104877, 105038, 105925, 106102, 106223, 106304, 106340, 106921, 106952, 107002, 107004, 107036, 107194, 107257, 107466, 107715, 107731, 107790, 108342, 108419, 108424, 108487, 108626, 108754, 108780, 108874, 109042, 109090, 109334, 109373, 109416, 109580, 109603, 109712, 109792, 109944, 109949, 110055, 110249, 110299, 110319, 110327, 110356, 110365, 110392, 110423, 110535, 110536, 110547, 110644, 110713, 111569, 111654, 111884, 111887, 112418, 112428, 112430, 112615, 112696, 113004, 113013, 113283, 113663, 113826, 114289, 114379, 114472, 114530, 114537, 114539, 114677, 114807, 114814, 114819, 114820, 114867, 114967, 115007, 115020, 115076, 115328, 115353, 115552, 115563, 115717, 116018, 116179, 116330, 116489, 116514, 116545, 116697, 116850, 116919, 117161, 117184, 117288, 117362, 117396, 117422, 117782, 118039, 118136, 118173, 118452, 118641, 118762, 118938, 119041, 119145, 119197, 119270, 119424, 119480, 119582, 119593, 119908, 120169, 120199, 120205, 120252, 120586, 120622, 120822, 120833, 120849, 120911, 121182, 121205, 121758, 122037, 122293, 122546, 122865, 122909, 122911, 122929, 122937, 122957, 123233, 123345, 123434, 123438, 123478, 123556, 123618, 123673, 123793, 124095, 124689, 124849, 124913, 124929, 125460, 125944, 125954, 126015, 126258, 126341, 126487, 126533, 126716, 127070, 127201, 127310, 127753, 127826, 128086, 128093, 128205, 128732, 128742, 128957, 128985, 129044, 129359, 129642, 129847, 130003, 130017, 130045, 130184, 130327, 130355, 130564, 130588, 130691, 130780, 130784, 131056, 131292, 131309, 131342, 131813, 131975, 132020, 132680, 132781, 132783, 133202]"
c2_degree,My-Seeds,0.1,10%,0.05,5%,895,17008,4236,3994,242,4511,4266,0.25082314205079964,False,64,16917,"[114, 277, 310, 334, 420, 425, 463, 535, 655, 748, 790, 904, 1334, 1372, 1436, 2115, 2124, 2219, 2444, 2447, 2479, 2889, 3001, 3003, 3005, 3043, 3209, 3532, 3534, 3639, 3721, 3768, 3851, 3926, 4173, 4293, 4422, 4790, 4795, 4893, 5067, 5184, 5209, 5379, 5427, 5459, 5523, 5530, 5547, 5898, 5981, 6171, 6256, 6332, 6506, 6995, 7265, 7599, 7829, 7951, 8389, 8586, 8693, 8713, 8955, 9317, 9321, 9335, 9547, 9577, 9671, 9790, 10155, 10163, 10341, 10398, 10640, 11080, 11092, 11119, 11175, 11531, 11635, 11753, 12055, 12286, 12623, 12667, 12860, 13575, 13627, 13699, 13977, 14186, 14347, 14354, 14363, 14406, 15268, 15409, 15413, 15436, 15505, 15587, 16276, 16287, 16299, 16305, 16346, 16690, 16893, 17027, 17045, 17541, 17642, 17875, 18243, 18339, 18453, 18505, 18651, 18957, 18984, 19166, 19326, 19923, 20496, 20518, 20527, 20671, 20684, 20735, 21202, 21339, 21367, 21396, 21479, 21530, 21654, 21769, 22083, 22236, 22352, 22369, 22523, 23101, 23122, 23259, 23453, 23769, 23832, 23916, 24086, 24198, 24261, 24313, 24442, 24596, 24610, 24751, 24841, 24969, 25230, 25346, 25522, 25549, 25665, 25735, 25775, 26086, 26173, 26831, 26832, 26845, 26895, 26915, 26922, 27148, 27224, 27225, 27245, 27251, 27302, 27322, 27481, 27588, 27751, 27918, 28035, 28293, 28389, 28429, 28895, 29293, 29380, 29756, 29790, 29798, 29974, 30371, 30502, 30547, 30710, 31114, 31361, 31414, 31466, 31813, 31870, 31875, 32317, 32325, 32379, 32413, 32507, 32559, 33659, 33709, 34023, 34111, 34207, 34387, 34391, 34525, 34531, 34727, 34809, 34882, 34968, 35160, 35165, 35552, 35664, 35666, 35917, 35946, 36474, 36604, 36815, 36833, 37097, 37787, 37907, 37990, 38173, 38308, 38317, 38351, 38572, 38595, 39121, 39144, 39378, 39437, 39598, 39722, 39769, 39789, 39908, 39976, 40000, 40339, 40415, 40599, 40773, 40824, 40848, 40857, 41169, 41347, 41884, 41992, 42317, 42389, 42430, 42625, 42809, 42923, 43430, 44340, 44678, 44938, 45034, 45200, 45221, 45242, 45243, 45365, 45533, 45675, 45826, 45856, 45862, 46025, 46091, 46556, 46558, 46608, 46684, 46857, 47111, 47371, 47527, 47719, 47831, 48083, 48104, 48118, 48243, 48443, 48669, 49034, 49308, 49540, 49628, 49669, 49687, 50003, 50042, 50097, 50174, 50288, 50292, 50538, 50643, 50946, 51262, 51406, 51662, 51707, 52197, 52564, 52700, 52956, 53219, 53239, 53608, 53657, 53662, 53682, 53759, 53896, 53916, 53940, 54015, 54198, 54361, 54411, 54552, 54752, 54901, 54946, 55047, 55085, 55090, 55500, 55506, 55606, 55678, 55689, 55755, 55819, 55974, 56205, 56366, 56835, 56895, 56913, 57014, 57559, 57647, 57807, 57916, 58163, 58169, 58382, 58411, 58605, 58752, 58931, 58935, 58950, 59461, 59491, 59518, 59594, 59833, 59843, 60224, 60471, 60501, 60576, 60579, 60612, 60618, 60676, 60692, 60712, 60809, 61180, 61663, 61790, 61856, 61862, 61974, 62020, 62282, 62305, 62419, 62430, 62515, 62588, 62683, 62846, 63299, 63375, 63430, 63485, 63628, 63707, 63836, 63840, 63950, 64132, 64294, 64317, 64353, 64357, 64583, 64633, 64646, 64859, 64860, 65369, 65517, 65566, 65799, 66158, 66232, 66274, 66465, 66469, 66636, 66726, 66741, 66757, 66995, 67060, 67163, 67242, 67303, 67344, 67661, 67788, 67938, 68446, 68460, 68728, 68799, 69094, 69245, 69362, 69377, 69493, 69610, 69643, 69676, 69839, 69841, 70231, 70294, 70799, 70950, 71296, 71379, 71496, 71553, 71618, 71728, 72081, 72284, 72415, 72422, 72628, 72642, 72786, 72857, 73007, 73238, 73280, 73420, 73438, 73966, 74210, 74234, 74237, 74283, 74571, 74702, 74828, 74934, 74940, 75265, 75401, 75457, 75627, 75731, 75887, 76040, 76412, 76432, 76949, 76991, 77048, 77152, 77181, 77283, 77367, 77381, 77425, 77754, 77847, 78060, 78105, 78194, 78468, 78673, 78777, 78921, 79069, 79208, 79214, 79398, 79450, 80193, 80534, 80782, 81221, 81354, 81361, 81455, 81544, 81614, 81619, 81897, 81898, 81903, 81964, 82249, 82410, 82421, 82563, 82768, 82776, 82788, 82846, 83489, 83833, 83906, 84005, 84052, 84167, 84186, 84188, 84456, 84506, 84933, 85040, 85107, 85191, 85460, 85485, 85536, 85740, 86029, 86113, 86126, 86204, 86514, 86521, 86721, 86784, 86974, 87165, 87187, 87216, 87344, 87426, 87427, 87485, 87563, 87579, 87719, 87720, 87888, 88015, 88030, 88155, 88481, 88512, 88599, 88746, 88953, 88987, 88994, 89113, 89170, 89549, 89588, 89606, 89614, 89882, 89924, 90117, 90618, 90689, 91926, 92081, 92194, 92998, 93012, 93365, 93608, 93661, 93970, 94138, 94357, 94634, 94858, 94863, 94979, 95255, 95270, 95690, 96327, 96463, 96635, 96641, 96766, 96808, 96994, 97135, 97207, 97387, 97442, 97491, 97750, 97871, 97920, 97922, 98349, 98441, 98589, 98756, 99239, 99259, 99348, 99349, 99505, 99765, 99774, 100150, 100271, 100354, 100625, 100721, 100735, 101168, 101178, 101220, 101556, 101558, 101585, 102038, 102203, 102308, 102818, 103058, 103059, 103098, 103205, 103211, 103235, 103473, 103718, 103786, 103805, 103853, 103995, 104094, 104163, 104405, 104483, 104490, 104877, 105038, 105925, 106102, 106223, 106304, 106340, 106921, 106952, 107002, 107004, 107036, 107194, 107257, 107466, 107715, 107731, 107790, 108342, 108419, 108424, 108487, 108626, 108754, 108780, 108874, 109042, 109090, 109334, 109373, 109416, 109580, 109603, 109712, 109792, 109944, 109949, 110055, 110249, 110299, 110319, 110327, 110356, 110365, 110392, 110423, 110535, 110536, 110547, 110644, 110713, 111569, 111654, 111884, 111887, 112418, 112428, 112430, 112615, 112696, 113004, 113013, 113283, 113663, 113826, 114289, 114379, 114472, 114530, 114537, 114539, 114677, 114807, 114814, 114819, 114820, 114867, 114967, 115007, 115020, 115076, 115328, 115353, 115552, 115563, 115717, 116018, 116179, 116330, 116489, 116514, 116545, 116697, 116850, 116919, 117161, 117184, 117288, 117362, 117396, 117422, 117782, 118039, 118136, 118173, 118452, 118641, 118762, 118938, 119041, 119145, 119197, 119270, 119424, 119480, 119582, 119593, 119908, 120169, 120199, 120205, 120252, 120586, 120622, 120822, 120833, 120849, 120911, 121182, 121205, 121758, 122037, 122293, 122546, 122865, 122909, 122911, 122929, 122937, 122957, 123233, 123345, 123434, 123438, 123478, 123556, 123618, 123673, 123793, 124095, 124689, 124849, 124913, 124929, 125460, 125944, 125954, 126015, 126258, 126341, 126487, 126533, 126716, 127070, 127201, 127310, 127753, 127826, 128086, 128093, 128205, 128732, 128742, 128957, 128985, 129044, 129359, 129642, 129847, 130003, 130017, 130045, 130184, 130327, 130355, 130564, 130588, 130691, 130780, 130784, 131056, 131292, 131309, 131342, 131813, 131975, 132020, 132680, 132781, 132783, 133202]"
c1_random,Greedy-f1,0.1,10%,0.1,10%,1790,16113,3696,3323,373,16530,14639,0.9085210699435239,False,120,15949,"[16, 35, 73, 84, 155, 276, 294, 384, 411, 426, 461, 463, 568, 729, 746, 749, 890, 891, 1099, 1366, 1369, 1411, 1509, 1510, 1518, 1559, 1806, 1820, 1883, 1895, 1968, 2112, 2160, 2166, 2330, 2368, 2381, 2417, 2626, 2627, 2633, 2647, 2839, 2916, 2917, 2966, 2969, 3028, 3105, 3117, 3166, 3204, 3235, 3289, 3382, 3430, 3479, 3609, 3739, 3775, 3816, 3829, 3952, 3964, 3981, 4007, 4065, 4114, 4374, 4473, 4502, 4679, 4882, 4906, 5034, 5089, 5209, 5291, 5415, 5480, 5639, 5677, 5710, 5735, 5899, 6140, 6332, 6541, 6637, 6837, 6881, 6930, 7087, 7090, 7103, 7291, 7359, 7432, 7521, 7588, 7599, 7706, 7707, 7821, 7933, 7980, 7991, 8507, 8561, 8620, 8842, 8912, 8924, 9039, 9151, 9283, 9284, 9316, 9317, 9342, 9387, 9488, 9504, 9540, 9676, 9886, 9900, 10000, 10056, 10191, 10195, 10565, 10679, 10864, 10905, 11020, 11038, 11197, 11198, 11472, 11531, 11925, 12008, 12166, 12265, 12338, 12407, 12410, 12462, 12504, 12505, 12547, 12630, 12645, 12646, 12667, 12837, 12860, 13023, 13046, 13080, 13086, 13219, 13590, 14129, 14208, 14213, 14362, 14507, 14646, 14691, 14715, 14816, 14824, 15049, 15052, 15182, 15212, 15213, 15226, 15309, 15351, 15413, 15467, 15483, 15569, 15577, 15587, 15647, 15765, 15788, 15846, 15847, 15975, 15976, 15977, 16110, 16111, 16163, 16236, 16237, 16246, 16337, 16463, 16540, 16542, 16666, 16700, 16752, 16789, 16795, 16854, 16877, 16879, 16881, 16959, 16961, 17075, 17147, 17265, 17266, 17279, 17280, 17287, 17565, 17566, 17663, 17689, 17737, 17738, 17764, 17968, 18018, 18176, 18243, 18257, 18327, 18342, 18459, 18506, 18600, 18860, 18953, 18957, 18958, 18984, 19023, 19149, 19204, 19363, 19389, 19413, 19417, 19445, 19575, 19830, 19893, 19898, 19945, 19981, 20031, 20129, 20143, 20204, 20205, 20207, 20211, 20245, 20490, 20514, 20600, 20665, 20684, 20692, 20698, 20749, 20771, 20780, 20803, 20857, 21140, 21203, 21275, 21298, 21300, 21306, 21339, 21374, 21377, 21388, 21466, 21479, 21538, 21542, 21567, 21629, 21737, 21758, 21764, 21937, 22017, 22174, 22313, 22342, 22432, 22462, 22528, 22570, 22670, 22770, 22836, 22851, 23091, 23108, 23140, 23156, 23253, 23280, 23283, 23347, 23360, 23632, 23908, 23914, 23919, 24197, 24198, 24313, 24393, 24413, 24443, 24500, 24617, 24761, 24762, 24798, 24832, 24932, 25243, 25304, 25305, 25385, 25401, 25588, 25618, 25626, 25628, 25697, 25706, 25851, 25898, 25915, 26085, 26187, 26299, 26308, 26359, 26393, 26413, 26433, 26436, 26590, 26736, 26896, 26903, 26908, 26933, 26994, 27036, 27160, 27189, 27331, 27442, 27493, 27498, 27579, 27587, 27633, 27738, 27805, 27806, 27862, 27902, 27943, 28022, 28027, 28188, 28236, 28247, 28283, 28377, 28384, 28391, 28393, 28416, 28429, 28536, 28704, 28718, 28808, 28810, 28827, 28890, 28895, 28935, 28964, 29006, 29121, 29127, 29202, 29226, 29295, 29366, 29403, 29430, 29508, 29557, 29606, 29798, 29833, 29835, 29895, 29903, 29996, 30132, 30202, 30400, 30524, 30614, 30664, 30693, 30704, 30790, 30828, 30912, 30947, 31103, 31116, 31138, 31264, 31345, 31361, 31415, 31445, 31564, 31588, 31796, 31898, 32055, 32056, 32095, 32202, 32302, 32352, 32414, 32506, 32507, 32510, 32675, 32717, 32799, 33364, 33532, 33610, 33636, 33692, 33781, 33840, 33854, 33926, 33941, 33973, 34066, 34072, 34205, 34462, 34726, 34890, 34913, 34970, 35111, 35112, 35113, 35301, 35428, 35599, 35664, 35729, 36066, 36455, 36471, 36617, 36625, 36657, 36688, 36973, 37040, 37088, 37149, 37255, 37303, 37536, 37697, 37704, 37743, 37810, 37817, 37842, 37865, 38109, 38257, 38262, 38280, 38284, 38297, 38313, 38375, 38378, 38452, 38515, 38557, 38608, 38672, 38805, 38818, 38820, 38898, 38922, 39037, 39078, 39144, 39193, 39298, 39371, 39418, 39429, 39478, 39579, 39696, 39722, 39820, 39962, 39999, 40126, 40218, 40244, 40330, 40350, 40495, 40498, 40640, 40642, 40748, 40750, 40767, 40769, 40790, 40823, 41077, 41078, 41124, 41128, 41129, 41367, 41434, 41477, 41610, 41935, 41996, 41997, 42001, 42043, 42094, 42220, 42300, 42310, 42348, 42429, 42498, 42499, 42566, 42610, 42675, 42714, 42939, 42995, 43008, 43014, 43161, 43162, 43229, 43379, 43406, 43430, 43484, 43603, 43683, 43705, 43765, 43859, 43870, 43887, 43891, 44069, 44191, 44244, 44245, 44340, 44501, 44513, 44659, 44666, 44676, 44880, 45086, 45166, 45168, 45271, 45274, 45320, 45449, 45554, 45580, 45603, 45678, 45818, 45856, 45890, 45903, 45920, 45991, 45999, 46001, 46115, 46229, 46263, 46294, 46359, 46373, 46400, 46451, 46557, 46608, 46690, 46716, 46914, 47052, 47371, 47399, 47403, 47424, 47432, 47442, 47643, 47911, 48002, 48003, 48009, 48045, 48049, 48072, 48083, 48115, 48257, 48312, 48361, 48435, 48444, 48541, 48570, 48625, 48691, 48747, 48868, 49236, 49258, 49270, 49292, 49348, 49360, 49364, 49458, 49466, 49487, 49540, 49567, 49751, 49770, 49807, 49941, 49973, 50008, 50245, 50264, 50289, 50295, 50385, 50449, 50460, 50687, 50760, 50815, 50938, 50983, 51064, 51068, 51124, 51142, 51145, 51215, 51254, 51547, 51554, 51593, 51638, 51659, 51690, 51986, 52068, 52137, 52480, 52602, 52683, 52693, 52726, 52735, 52770, 52949, 52971, 53034, 53079, 53091, 53246, 53360, 53369, 53641, 53784, 53822, 53838, 54012, 54017, 54026, 54184, 54448, 54459, 54527, 54549, 54560, 54904, 54947, 54949, 55010, 55051, 55095, 55306, 55383, 55412, 55506, 55509, 55542, 55822, 55849, 55876, 55901, 55960, 56038, 56174, 56198, 56210, 56223, 56237, 56366, 56387, 56407, 56412, 56607, 56671, 56822, 56829, 56913, 56916, 56956, 56967, 56975, 57187, 57295, 57368, 57434, 57508, 57559, 57647, 57666, 57668, 57798, 57801, 57814, 57946, 58060, 58062, 58151, 58163, 58203, 58366, 58381, 58458, 58494, 58605, 58635, 58655, 58666, 58700, 58831, 58838, 58973, 59069, 59112, 59151, 59167, 59176, 59183, 59277, 59295, 59467, 59489, 59498, 59760, 59843, 59980, 60174, 60198, 60251, 60390, 60472, 60491, 60560, 60598, 60600, 60642, 60716, 60820, 61157, 61180, 61359, 61439, 61479, 61628, 61750, 61892, 61896, 62040, 62200, 62225, 62242, 62311, 62426, 62431, 62486, 62539, 62590, 62638, 62652, 62660, 62704, 63019, 63057, 63109, 63115, 63117, 63240, 63244, 63437, 63559, 63629, 63827, 63830, 63840, 63868, 63875, 63877, 63883, 63950, 63970, 64067, 64081, 64161, 64190, 64214, 64269, 64341, 64403, 64572, 64574, 64619, 64654, 64665, 64679, 64685, 64743, 64796, 64836, 64945, 64985, 65114, 65172, 65203, 65337, 65461, 65498, 65566, 65570, 65599, 65657, 65676, 65718, 65800, 65980, 66006, 66022, 66033, 66036, 66058, 66061, 66098, 66222, 66233, 66401, 66469, 66730, 66734, 66740, 66750, 66756, 66768, 66803, 67189, 67223, 67350, 67449, 67670, 67719, 67894, 67938, 67955, 67959, 67988, 68267, 68398, 68434, 68470, 68735, 68855, 69036, 69097, 69143, 69238, 69250, 69308, 69342, 69365, 69394, 69433, 69439, 69595, 69609, 69902, 70099, 70100, 70112, 70148, 70151, 70241, 70485, 70686, 70743, 70748, 70758, 70794, 70866, 71223, 71329, 71441, 71547, 71553, 71618, 71624, 71681, 71854, 72079, 72081, 72157, 72161, 72246, 72274, 72405, 72423, 72490, 72562, 72570, 72579, 72634, 72770, 72819, 72972, 73000, 73299, 73474, 73495, 73589, 73617, 73742, 73744, 73766, 73785, 73962, 74080, 74208, 74277, 74296, 74347, 74380, 74612, 74615, 74653, 74680, 74941, 75119, 75132, 75359, 75400, 75401, 75762, 75768, 75787, 75875, 75879, 75977, 76071, 76075, 76215, 76338, 76394, 76438, 76882, 76885, 76920, 76952, 77019, 77129, 77194, 77292, 77528, 77542, 77757, 77854, 77858, 77887, 77915, 77917, 78090, 78174, 78186, 78236, 78341, 78426, 78551, 78672, 78765, 78777, 78902, 78921, 78999, 79011, 79154, 79155, 79224, 79413, 79418, 79467, 79468, 79644, 79656, 79978, 80021, 80042, 80111, 80116, 80120, 80218, 80398, 80421, 80479, 80498, 80527, 80531, 80554, 80595, 80600, 80602, 80633, 80866, 81358, 81362, 81415, 81498, 81544, 81881, 81898, 81900, 81964, 81971, 82010, 82069, 82142, 82161, 82561, 82562, 82590, 82734, 82870, 82884, 82888, 82889, 83089, 83371, 83489, 83492, 83746, 83812, 83827, 83831, 83877, 83929, 83998, 84135, 84463, 84509, 84800, 85010, 85451, 85570, 85838, 85840, 85851, 85859, 85874, 85934, 86089, 86108, 86139, 86234, 86260, 86364, 86486, 86514, 86746, 86755, 86824, 86839, 86892, 87010, 87034, 87038, 87177, 87264, 87294, 87300, 87332, 87336, 87375, 87485, 87584, 87607, 87716, 88032, 88201, 88356, 88357, 88658, 88661, 88708, 88768, 88884, 88913, 88948, 88987, 89072, 89110, 89114, 89458, 89462, 89634, 89641, 89837, 89882, 89922, 90053, 90065, 90104, 90450, 90452, 90453, 90466, 90577, 90671, 90850, 90911, 90954, 90986, 91012, 91015, 91031, 91033, 91060, 91321, 91521, 91549, 91586, 91612, 91654, 91700, 91927, 91969, 92008, 92015, 92093, 92151, 92194, 92236, 92243, 92248, 92391, 92540, 92818, 92876, 92881, 92975, 93155, 93157, 93160, 93174, 93179, 93330, 93363, 93376, 93396, 93530, 93561, 93563, 93565, 93579, 93633, 93661, 93684, 93725, 93820, 93837, 93859, 93885, 93903, 93910, 94143, 94145, 94260, 94404, 94413, 94533, 94597, 94680, 94705, 94752, 94787, 94797, 94954, 94963, 94967, 95045, 95048, 95062, 95145, 95198, 95255, 95258, 95357, 95774, 95839, 95887, 96146, 96241, 96431, 96615, 96641, 96819, 96865, 97026, 97057, 97069, 97128, 97163, 97202, 97391, 97404, 97479, 97492, 97499, 97607, 97701, 98057, 98225, 98511, 98541, 98545, 98590, 98621, 98636, 98926, 98954, 99024, 99031, 99104, 99129, 99179, 99211, 99260, 99370, 99452, 99500, 99570, 99627, 99774, 99798, 99883, 99923, 99930, 99981, 100052, 100131, 100143, 100152, 100194, 100238, 100260, 100315, 100352, 100353, 100354, 100578, 100579, 100736, 100754, 100773, 100775, 100884, 100886, 100974, 101025, 101178, 101181, 101212, 101219, 101271, 101371, 101383, 101388, 101422, 101468, 101558, 101562, 101872, 101994, 102117, 102134, 102336, 102352, 102382, 102417, 102490, 102523, 102527, 102531, 102532, 102576, 102661, 102720, 102750, 102754, 102795, 102954, 103032, 103038, 103052, 103059, 103201, 103437, 103453, 103935, 104000, 104001, 104177, 104194, 104277, 104278, 104437, 104473, 104483, 104490, 104548, 105035, 105038, 105161, 105197, 105406, 105412, 105568, 105590, 105621, 105680, 105827, 105849, 105980, 105990, 106121, 106205, 106232, 106339, 106392, 106644, 106704, 106763, 106833, 106866, 106913, 106945, 107034, 107050, 107159, 107161, 107608, 107678, 107705, 107772, 107791, 107877, 107885, 108098, 108113, 108126, 108156, 108366, 108397, 108406, 108424, 108437, 108456, 108486, 108547, 108626, 108776, 108823, 108883, 108958, 108991, 109042, 109104, 109204, 109229, 109330, 109338, 109371, 109534, 109546, 109580, 109605, 109696, 109712, 109793, 109822, 109843, 110003, 110212, 110223, 110257, 110259, 110327, 110403, 110487, 110499, 110519, 110626, 110648, 110685, 110740, 110743, 110755, 110773, 110812, 110937, 110975, 110994, 111161, 111244, 111385, 111607, 111640, 111641, 111642, 111832, 111932, 111933, 111942, 111958, 112069, 112125, 112159, 112256, 112363, 112428, 112430, 112509, 112528, 112605, 112606, 112615, 112634, 112711, 112734, 112751, 112957, 112976, 113178, 113253, 113309, 113390, 113591, 113728, 114098, 114111, 114140, 114148, 114626, 114715, 114804, 114820, 115017, 115209, 115214, 115221, 115260, 115335, 115345, 115356, 115420, 115557, 115558, 115678, 115710, 115731, 115741, 115786, 115788, 115796, 116046, 116128, 116214, 116228, 116330, 116331, 116515, 116757, 116869, 116883, 116886, 116901, 116919, 116941, 117004, 117121, 117169, 117171, 117370, 117387, 117464, 117615, 117775, 117780, 117863, 117867, 118013, 118014, 118116, 118170, 118173, 118261, 118306, 118312, 118328, 118344, 118406, 118478, 118483, 118520, 118749, 118760, 118770, 118859, 118942, 119317, 119359, 119364, 119368, 119416, 119449, 119518, 119523, 119528, 119546, 119558, 119582, 119593, 119600, 119664, 119665, 119711, 119907, 120017, 120032, 120103, 120335, 120463, 120482, 120507, 120525, 120626, 120646, 120678, 120750, 120779, 120851, 121073, 121189, 121209, 121210, 121218, 121270, 121655, 121722, 121726, 121760, 121839, 121864, 121928, 121969, 122131, 122169, 122178, 122182, 122337, 122387, 122391, 122668, 122710, 122718, 122741, 122755, 122862, 122865, 122911, 123021, 123043, 123065, 123284, 123433, 123456, 123670, 123696, 123788, 123878, 123909, 123958, 124033, 124078, 124128, 124150, 124306, 124319, 124370, 124390, 124407, 124430, 124458, 124618, 124631, 124634, 124689, 124763, 124829, 124945, 125009, 125040, 125061, 125063, 125136, 125137, 125156, 125164, 125400, 125678, 125733, 125774, 125784, 125786, 125854, 125937, 125954, 125957, 125993, 126063, 126466, 126543, 126760, 126933, 126945, 126976, 127016, 127111, 127115, 127193, 127614, 127626, 127635, 127691, 127712, 127886, 127974, 128089, 128114, 128160, 128297, 128378, 128545, 128598, 128685, 128792, 128817, 128833, 128929, 129361, 129635, 129732, 129843, 129847, 129945, 130134, 130153, 130165, 130240, 130356, 130401, 130414, 130429, 130442, 130601, 130660, 130838, 130842, 130922, 131215, 131221, 131266, 131322, 131330, 131402, 131492, 131525, 131565, 131588, 131592, 131940, 131987, 132121, 132221, 132244, 132282, 132342, 132387, 132594, 132632, 132633, 133098, 133127, 133188]"
c1_random,Greedy-f2,0.1,10%,0.1,10%,1790,16113,3727,3351,376,16492,14608,0.9065971575746292,False,120,15949,"[16, 35, 73, 84, 155, 276, 294, 384, 411, 426, 461, 463, 568, 729, 746, 749, 890, 891, 1099, 1366, 1369, 1411, 1509, 1510, 1518, 1559, 1806, 1820, 1883, 1895, 1968, 2112, 2160, 2166, 2330, 2368, 2381, 2417, 2626, 2627, 2633, 2647, 2839, 2916, 2917, 2966, 2969, 3028, 3105, 3117, 3166, 3204, 3235, 3289, 3382, 3430, 3479, 3609, 3739, 3775, 3816, 3829, 3952, 3964, 3981, 4007, 4065, 4114, 4374, 4473, 4502, 4679, 4882, 4906, 5034, 5089, 5209, 5291, 5415, 5480, 5639, 5677, 5710, 5735, 5899, 6140, 6332, 6541, 6637, 6837, 6881, 6930, 7087, 7090, 7103, 7291, 7359, 7432, 7521, 7588, 7599, 7706, 7707, 7821, 7933, 7980, 7991, 8507, 8561, 8620, 8842, 8912, 8924, 9039, 9151, 9283, 9284, 9316, 9317, 9342, 9387, 9488, 9504, 9540, 9676, 9886, 9900, 10000, 10056, 10191, 10195, 10565, 10679, 10864, 10905, 11020, 11038, 11197, 11198, 11472, 11531, 11925, 12008, 12166, 12265, 12338, 12407, 12410, 12462, 12504, 12505, 12547, 12630, 12645, 12646, 12667, 12837, 12860, 13023, 13046, 13080, 13086, 13219, 13590, 14129, 14208, 14213, 14362, 14507, 14646, 14691, 14715, 14816, 14824, 15049, 15052, 15182, 15212, 15213, 15226, 15309, 15351, 15413, 15467, 15483, 15569, 15577, 15587, 15647, 15765, 15788, 15846, 15847, 15975, 15976, 15977, 16110, 16111, 16163, 16236, 16237, 16246, 16337, 16463, 16540, 16542, 16666, 16700, 16752, 16789, 16795, 16854, 16877, 16879, 16881, 16959, 16961, 17075, 17147, 17265, 17266, 17279, 17280, 17287, 17565, 17566, 17663, 17689, 17737, 17738, 17764, 17968, 18018, 18176, 18243, 18257, 18327, 18342, 18459, 18506, 18600, 18860, 18953, 18957, 18958, 18984, 19023, 19149, 19204, 19363, 19389, 19413, 19417, 19445, 19575, 19830, 19893, 19898, 19945, 19981, 20031, 20129, 20143, 20204, 20205, 20207, 20211, 20245, 20490, 20514, 20600, 20665, 20684, 20692, 20698, 20749, 20771, 20780, 20803, 20857, 21140, 21203, 21275, 21298, 21300, 21306, 21339, 21374, 21377, 21388, 21466, 21479, 21538, 21542, 21567, 21629, 21737, 21758, 21764, 21937, 22017, 22174, 22313, 22342, 22432, 22462, 22528, 22570, 22670, 22770, 22836, 22851, 23091, 23108, 23140, 23156, 23253, 23280, 23283, 23347, 23360, 23632, 23908, 23914, 23919, 24197, 24198, 24313, 24393, 24413, 24443, 24500, 24617, 24761, 24762, 24798, 24832, 24932, 25243, 25304, 25305, 25385, 25401, 25588, 25618, 25626, 25628, 25697, 25706, 25851, 25898, 25915, 26085, 26187, 26299, 26308, 26359, 26393, 26413, 26433, 26436, 26590, 26736, 26896, 26903, 26908, 26933, 26994, 27036, 27160, 27189, 27331, 27442, 27493, 27498, 27579, 27587, 27633, 27738, 27805, 27806, 27862, 27902, 27943, 28022, 28027, 28188, 28236, 28247, 28283, 28377, 28384, 28391, 28393, 28416, 28429, 28536, 28704, 28718, 28808, 28810, 28827, 28890, 28895, 28935, 28964, 29006, 29121, 29127, 29202, 29226, 29295, 29366, 29403, 29430, 29508, 29557, 29606, 29798, 29833, 29835, 29895, 29903, 29996, 30132, 30202, 30400, 30524, 30614, 30664, 30693, 30704, 30790, 30828, 30912, 30947, 31103, 31116, 31138, 31264, 31345, 31361, 31415, 31445, 31564, 31588, 31796, 31898, 32055, 32056, 32095, 32202, 32302, 32352, 32414, 32506, 32507, 32510, 32675, 32717, 32799, 33364, 33532, 33610, 33636, 33692, 33781, 33840, 33854, 33926, 33941, 33973, 34066, 34072, 34205, 34462, 34726, 34890, 34913, 34970, 35111, 35112, 35113, 35301, 35428, 35599, 35664, 35729, 36066, 36455, 36471, 36617, 36625, 36657, 36688, 36973, 37040, 37088, 37149, 37255, 37303, 37536, 37697, 37704, 37743, 37810, 37817, 37842, 37865, 38109, 38257, 38262, 38280, 38284, 38297, 38313, 38375, 38378, 38452, 38515, 38557, 38608, 38672, 38805, 38818, 38820, 38898, 38922, 39037, 39078, 39144, 39193, 39298, 39371, 39418, 39429, 39478, 39579, 39696, 39722, 39820, 39962, 39999, 40126, 40218, 40244, 40330, 40350, 40495, 40498, 40640, 40642, 40748, 40750, 40767, 40769, 40790, 40823, 41077, 41078, 41124, 41128, 41129, 41367, 41434, 41477, 41610, 41935, 41996, 41997, 42001, 42043, 42094, 42220, 42300, 42310, 42348, 42429, 42498, 42499, 42566, 42610, 42675, 42714, 42939, 42995, 43008, 43014, 43161, 43162, 43229, 43379, 43406, 43430, 43484, 43603, 43683, 43705, 43765, 43859, 43870, 43887, 43891, 44069, 44191, 44244, 44245, 44340, 44501, 44513, 44659, 44666, 44676, 44880, 45086, 45166, 45168, 45271, 45274, 45320, 45449, 45554, 45580, 45603, 45678, 45818, 45856, 45890, 45903, 45920, 45991, 45999, 46001, 46115, 46229, 46263, 46294, 46359, 46373, 46400, 46451, 46557, 46608, 46690, 46716, 46914, 47052, 47371, 47399, 47403, 47424, 47432, 47442, 47643, 47911, 48002, 48003, 48009, 48045, 48049, 48072, 48083, 48115, 48257, 48312, 48361, 48435, 48444, 48541, 48570, 48625, 48691, 48747, 48868, 49236, 49258, 49270, 49292, 49348, 49360, 49364, 49458, 49466, 49487, 49540, 49567, 49751, 49770, 49807, 49941, 49973, 50008, 50245, 50264, 50289, 50295, 50385, 50449, 50460, 50687, 50760, 50815, 50938, 50983, 51064, 51068, 51124, 51142, 51145, 51215, 51254, 51547, 51554, 51593, 51638, 51659, 51690, 51986, 52068, 52137, 52480, 52602, 52683, 52693, 52726, 52735, 52770, 52949, 52971, 53034, 53079, 53091, 53246, 53360, 53369, 53641, 53784, 53822, 53838, 54012, 54017, 54026, 54184, 54448, 54459, 54527, 54549, 54560, 54904, 54947, 54949, 55010, 55051, 55095, 55306, 55383, 55412, 55506, 55509, 55542, 55822, 55849, 55876, 55901, 55960, 56038, 56174, 56198, 56210, 56223, 56237, 56366, 56387, 56407, 56412, 56607, 56671, 56822, 56829, 56913, 56916, 56956, 56967, 56975, 57187, 57295, 57368, 57434, 57508, 57559, 57647, 57666, 57668, 57798, 57801, 57814, 57946, 58060, 58062, 58151, 58163, 58203, 58366, 58381, 58458, 58494, 58605, 58635, 58655, 58666, 58700, 58831, 58838, 58973, 59069, 59112, 59151, 59167, 59176, 59183, 59277, 59295, 59467, 59489, 59498, 59760, 59843, 59980, 60174, 60198, 60251, 60390, 60472, 60491, 60560, 60598, 60600, 60642, 60716, 60820, 61157, 61180, 61359, 61439, 61479, 61628, 61750, 61892, 61896, 62040, 62200, 62225, 62242, 62311, 62426, 62431, 62486, 62539, 62590, 62638, 62652, 62660, 62704, 63019, 63057, 63109, 63115, 63117, 63240, 63244, 63437, 63559, 63629, 63827, 63830, 63840, 63868, 63875, 63877, 63883, 63950, 63970, 64067, 64081, 64161, 64190, 64214, 64269, 64341, 64403, 64572, 64574, 64619, 64654, 64665, 64679, 64685, 64743, 64796, 64836, 64945, 64985, 65114, 65172, 65203, 65337, 65461, 65498, 65566, 65570, 65599, 65657, 65676, 65718, 65800, 65980, 66006, 66022, 66033, 66036, 66058, 66061, 66098, 66222, 66233, 66401, 66469, 66730, 66734, 66740, 66750, 66756, 66768, 66803, 67189, 67223, 67350, 67449, 67670, 67719, 67894, 67938, 67955, 67959, 67988, 68267, 68398, 68434, 68470, 68735, 68855, 69036, 69097, 69143, 69238, 69250, 69308, 69342, 69365, 69394, 69433, 69439, 69595, 69609, 69902, 70099, 70100, 70112, 70148, 70151, 70241, 70485, 70686, 70743, 70748, 70758, 70794, 70866, 71223, 71329, 71441, 71547, 71553, 71618, 71624, 71681, 71854, 72079, 72081, 72157, 72161, 72246, 72274, 72405, 72423, 72490, 72562, 72570, 72579, 72634, 72770, 72819, 72972, 73000, 73299, 73474, 73495, 73589, 73617, 73742, 73744, 73766, 73785, 73962, 74080, 74208, 74277, 74296, 74347, 74380, 74612, 74615, 74653, 74680, 74941, 75119, 75132, 75359, 75400, 75401, 75762, 75768, 75787, 75875, 75879, 75977, 76071, 76075, 76215, 76338, 76394, 76438, 76882, 76885, 76920, 76952, 77019, 77129, 77194, 77292, 77528, 77542, 77757, 77854, 77858, 77887, 77915, 77917, 78090, 78174, 78186, 78236, 78341, 78426, 78551, 78672, 78765, 78777, 78902, 78921, 78999, 79011, 79154, 79155, 79224, 79413, 79418, 79467, 79468, 79644, 79656, 79978, 80021, 80042, 80111, 80116, 80120, 80218, 80398, 80421, 80479, 80498, 80527, 80531, 80554, 80595, 80600, 80602, 80633, 80866, 81358, 81362, 81415, 81498, 81544, 81881, 81898, 81900, 81964, 81971, 82010, 82069, 82142, 82161, 82561, 82562, 82590, 82734, 82870, 82884, 82888, 82889, 83089, 83371, 83489, 83492, 83746, 83812, 83827, 83831, 83877, 83929, 83998, 84135, 84463, 84509, 84800, 85010, 85451, 85570, 85838, 85840, 85851, 85859, 85874, 85934, 86089, 86108, 86139, 86234, 86260, 86364, 86486, 86514, 86746, 86755, 86824, 86839, 86892, 87010, 87034, 87038, 87177, 87264, 87294, 87300, 87332, 87336, 87375, 87485, 87584, 87607, 87716, 88032, 88201, 88356, 88357, 88658, 88661, 88708, 88768, 88884, 88913, 88948, 88987, 89072, 89110, 89114, 89458, 89462, 89634, 89641, 89837, 89882, 89922, 90053, 90065, 90104, 90450, 90452, 90453, 90466, 90577, 90671, 90850, 90911, 90954, 90986, 91012, 91015, 91031, 91033, 91060, 91321, 91521, 91549, 91586, 91612, 91654, 91700, 91927, 91969, 92008, 92015, 92093, 92151, 92194, 92236, 92243, 92248, 92391, 92540, 92818, 92876, 92881, 92975, 93155, 93157, 93160, 93174, 93179, 93330, 93363, 93376, 93396, 93530, 93561, 93563, 93565, 93579, 93633, 93661, 93684, 93725, 93820, 93837, 93859, 93885, 93903, 93910, 94143, 94145, 94260, 94404, 94413, 94533, 94597, 94680, 94705, 94752, 94787, 94797, 94954, 94963, 94967, 95045, 95048, 95062, 95145, 95198, 95255, 95258, 95357, 95774, 95839, 95887, 96146, 96241, 96431, 96615, 96641, 96819, 96865, 97026, 97057, 97069, 97128, 97163, 97202, 97391, 97404, 97479, 97492, 97499, 97607, 97701, 98057, 98225, 98511, 98541, 98545, 98590, 98621, 98636, 98926, 98954, 99024, 99031, 99104, 99129, 99179, 99211, 99260, 99370, 99452, 99500, 99570, 99627, 99774, 99798, 99883, 99923, 99930, 99981, 100052, 100131, 100143, 100152, 100194, 100238, 100260, 100315, 100352, 100353, 100354, 100578, 100579, 100736, 100754, 100773, 100775, 100884, 100886, 100974, 101025, 101178, 101181, 101212, 101219, 101271, 101371, 101383, 101388, 101422, 101468, 101558, 101562, 101872, 101994, 102117, 102134, 102336, 102352, 102382, 102417, 102490, 102523, 102527, 102531, 102532, 102576, 102661, 102720, 102750, 102754, 102795, 102954, 103032, 103038, 103052, 103059, 103201, 103437, 103453, 103935, 104000, 104001, 104177, 104194, 104277, 104278, 104437, 104473, 104483, 104490, 104548, 105035, 105038, 105161, 105197, 105406, 105412, 105568, 105590, 105621, 105680, 105827, 105849, 105980, 105990, 106121, 106205, 106232, 106339, 106392, 106644, 106704, 106763, 106833, 106866, 106913, 106945, 107034, 107050, 107159, 107161, 107608, 107678, 107705, 107772, 107791, 107877, 107885, 108098, 108113, 108126, 108156, 108366, 108397, 108406, 108424, 108437, 108456, 108486, 108547, 108626, 108776, 108823, 108883, 108958, 108991, 109042, 109104, 109204, 109229, 109330, 109338, 109371, 109534, 109546, 109580, 109605, 109696, 109712, 109793, 109822, 109843, 110003, 110212, 110223, 110257, 110259, 110327, 110403, 110487, 110499, 110519, 110626, 110648, 110685, 110740, 110743, 110755, 110773, 110812, 110937, 110975, 110994, 111161, 111244, 111385, 111607, 111640, 111641, 111642, 111832, 111932, 111933, 111942, 111958, 112069, 112125, 112159, 112256, 112363, 112428, 112430, 112509, 112528, 112605, 112606, 112615, 112634, 112711, 112734, 112751, 112957, 112976, 113178, 113253, 113309, 113390, 113591, 113728, 114098, 114111, 114140, 114148, 114626, 114715, 114804, 114820, 115017, 115209, 115214, 115221, 115260, 115335, 115345, 115356, 115420, 115557, 115558, 115678, 115710, 115731, 115741, 115786, 115788, 115796, 116046, 116128, 116214, 116228, 116330, 116331, 116515, 116757, 116869, 116883, 116886, 116901, 116919, 116941, 117004, 117121, 117169, 117171, 117370, 117387, 117464, 117615, 117775, 117780, 117863, 117867, 118013, 118014, 118116, 118170, 118173, 118261, 118306, 118312, 118328, 118344, 118406, 118478, 118483, 118520, 118749, 118760, 118770, 118859, 118942, 119317, 119359, 119364, 119368, 119416, 119449, 119518, 119523, 119528, 119546, 119558, 119582, 119593, 119600, 119664, 119665, 119711, 119907, 120017, 120032, 120103, 120335, 120463, 120482, 120507, 120525, 120626, 120646, 120678, 120750, 120779, 120851, 121073, 121189, 121209, 121210, 121218, 121270, 121655, 121722, 121726, 121760, 121839, 121864, 121928, 121969, 122131, 122169, 122178, 122182, 122337, 122387, 122391, 122668, 122710, 122718, 122741, 122755, 122862, 122865, 122911, 123021, 123043, 123065, 123284, 123433, 123456, 123670, 123696, 123788, 123878, 123909, 123958, 124033, 124078, 124128, 124150, 124306, 124319, 124370, 124390, 124407, 124430, 124458, 124618, 124631, 124634, 124689, 124763, 124829, 124945, 125009, 125040, 125061, 125063, 125136, 125137, 125156, 125164, 125400, 125678, 125733, 125774, 125784, 125786, 125854, 125937, 125954, 125957, 125993, 126063, 126466, 126543, 126760, 126933, 126945, 126976, 127016, 127111, 127115, 127193, 127614, 127626, 127635, 127691, 127712, 127886, 127974, 128089, 128114, 128160, 128297, 128378, 128545, 128598, 128685, 128792, 128817, 128833, 128929, 129361, 129635, 129732, 129843, 129847, 129945, 130134, 130153, 130165, 130240, 130356, 130401, 130414, 130429, 130442, 130601, 130660, 130838, 130842, 130922, 131215, 131221, 131266, 131322, 131330, 131402, 131492, 131525, 131565, 131588, 131592, 131940, 131987, 132121, 132221, 132244, 132282, 132342, 132387, 132594, 132632, 132633, 133098, 133127, 133188]"
c1_random,Greedy-f3,0.1,10%,0.1,10%,1790,16113,3806,3425,381,17009,15092,0.9366350152051138,False,120,15949,"[16, 35, 73, 84, 155, 276, 294, 384, 411, 426, 461, 463, 568, 729, 746, 749, 890, 891, 1099, 1366, 1369, 1411, 1509, 1510, 1518, 1559, 1806, 1820, 1883, 1895, 1968, 2112, 2160, 2166, 2330, 2368, 2381, 2417, 2626, 2627, 2633, 2647, 2839, 2916, 2917, 2966, 2969, 3028, 3105, 3117, 3166, 3204, 3235, 3289, 3382, 3430, 3479, 3609, 3739, 3775, 3816, 3829, 3952, 3964, 3981, 4007, 4065, 4114, 4374, 4473, 4502, 4679, 4882, 4906, 5034, 5089, 5209, 5291, 5415, 5480, 5639, 5677, 5710, 5735, 5899, 6140, 6332, 6541, 6637, 6837, 6881, 6930, 7087, 7090, 7103, 7291, 7359, 7432, 7521, 7588, 7599, 7706, 7707, 7821, 7933, 7980, 7991, 8507, 8561, 8620, 8842, 8912, 8924, 9039, 9151, 9283, 9284, 9316, 9317, 9342, 9387, 9488, 9504, 9540, 9676, 9886, 9900, 10000, 10056, 10191, 10195, 10565, 10679, 10864, 10905, 11020, 11038, 11197, 11198, 11472, 11531, 11925, 12008, 12166, 12265, 12338, 12407, 12410, 12462, 12504, 12505, 12547, 12630, 12645, 12646, 12667, 12837, 12860, 13023, 13046, 13080, 13086, 13219, 13590, 14129, 14208, 14213, 14362, 14507, 14646, 14691, 14715, 14816, 14824, 15049, 15052, 15182, 15212, 15213, 15226, 15309, 15351, 15413, 15467, 15483, 15569, 15577, 15587, 15647, 15765, 15788, 15846, 15847, 15975, 15976, 15977, 16110, 16111, 16163, 16236, 16237, 16246, 16337, 16463, 16540, 16542, 16666, 16700, 16752, 16789, 16795, 16854, 16877, 16879, 16881, 16959, 16961, 17075, 17147, 17265, 17266, 17279, 17280, 17287, 17565, 17566, 17663, 17689, 17737, 17738, 17764, 17968, 18018, 18176, 18243, 18257, 18327, 18342, 18459, 18506, 18600, 18860, 18953, 18957, 18958, 18984, 19023, 19149, 19204, 19363, 19389, 19413, 19417, 19445, 19575, 19830, 19893, 19898, 19945, 19981, 20031, 20129, 20143, 20204, 20205, 20207, 20211, 20245, 20490, 20514, 20600, 20665, 20684, 20692, 20698, 20749, 20771, 20780, 20803, 20857, 21140, 21203, 21275, 21298, 21300, 21306, 21339, 21374, 21377, 21388, 21466, 21479, 21538, 21542, 21567, 21629, 21737, 21758, 21764, 21937, 22017, 22174, 22313, 22342, 22432, 22462, 22528, 22570, 22670, 22770, 22836, 22851, 23091, 23108, 23140, 23156, 23253, 23280, 23283, 23347, 23360, 23632, 23908, 23914, 23919, 24197, 24198, 24313, 24393, 24413, 24443, 24500, 24617, 24761, 24762, 24798, 24832, 24932, 25243, 25304, 25305, 25385, 25401, 25588, 25618, 25626, 25628, 25697, 25706, 25851, 25898, 25915, 26085, 26187, 26299, 26308, 26359, 26393, 26413, 26433, 26436, 26590, 26736, 26896, 26903, 26908, 26933, 26994, 27036, 27160, 27189, 27331, 27442, 27493, 27498, 27579, 27587, 27633, 27738, 27805, 27806, 27862, 27902, 27943, 28022, 28027, 28188, 28236, 28247, 28283, 28377, 28384, 28391, 28393, 28416, 28429, 28536, 28704, 28718, 28808, 28810, 28827, 28890, 28895, 28935, 28964, 29006, 29121, 29127, 29202, 29226, 29295, 29366, 29403, 29430, 29508, 29557, 29606, 29798, 29833, 29835, 29895, 29903, 29996, 30132, 30202, 30400, 30524, 30614, 30664, 30693, 30704, 30790, 30828, 30912, 30947, 31103, 31116, 31138, 31264, 31345, 31361, 31415, 31445, 31564, 31588, 31796, 31898, 32055, 32056, 32095, 32202, 32302, 32352, 32414, 32506, 32507, 32510, 32675, 32717, 32799, 33364, 33532, 33610, 33636, 33692, 33781, 33840, 33854, 33926, 33941, 33973, 34066, 34072, 34205, 34462, 34726, 34890, 34913, 34970, 35111, 35112, 35113, 35301, 35428, 35599, 35664, 35729, 36066, 36455, 36471, 36617, 36625, 36657, 36688, 36973, 37040, 37088, 37149, 37255, 37303, 37536, 37697, 37704, 37743, 37810, 37817, 37842, 37865, 38109, 38257, 38262, 38280, 38284, 38297, 38313, 38375, 38378, 38452, 38515, 38557, 38608, 38672, 38805, 38818, 38820, 38898, 38922, 39037, 39078, 39144, 39193, 39298, 39371, 39418, 39429, 39478, 39579, 39696, 39722, 39820, 39962, 39999, 40126, 40218, 40244, 40330, 40350, 40495, 40498, 40640, 40642, 40748, 40750, 40767, 40769, 40790, 40823, 41077, 41078, 41124, 41128, 41129, 41367, 41434, 41477, 41610, 41935, 41996, 41997, 42001, 42043, 42094, 42220, 42300, 42310, 42348, 42429, 42498, 42499, 42566, 42610, 42675, 42714, 42939, 42995, 43008, 43014, 43161, 43162, 43229, 43379, 43406, 43430, 43484, 43603, 43683, 43705, 43765, 43859, 43870, 43887, 43891, 44069, 44191, 44244, 44245, 44340, 44501, 44513, 44659, 44666, 44676, 44880, 45086, 45166, 45168, 45271, 45274, 45320, 45449, 45554, 45580, 45603, 45678, 45818, 45856, 45890, 45903, 45920, 45991, 45999, 46001, 46115, 46229, 46263, 46294, 46359, 46373, 46400, 46451, 46557, 46608, 46690, 46716, 46914, 47052, 47371, 47399, 47403, 47424, 47432, 47442, 47643, 47911, 48002, 48003, 48009, 48045, 48049, 48072, 48083, 48115, 48257, 48312, 48361, 48435, 48444, 48541, 48570, 48625, 48691, 48747, 48868, 49236, 49258, 49270, 49292, 49348, 49360, 49364, 49458, 49466, 49487, 49540, 49567, 49751, 49770, 49807, 49941, 49973, 50008, 50245, 50264, 50289, 50295, 50385, 50449, 50460, 50687, 50760, 50815, 50938, 50983, 51064, 51068, 51124, 51142, 51145, 51215, 51254, 51547, 51554, 51593, 51638, 51659, 51690, 51986, 52068, 52137, 52480, 52602, 52683, 52693, 52726, 52735, 52770, 52949, 52971, 53034, 53079, 53091, 53246, 53360, 53369, 53641, 53784, 53822, 53838, 54012, 54017, 54026, 54184, 54448, 54459, 54527, 54549, 54560, 54904, 54947, 54949, 55010, 55051, 55095, 55306, 55383, 55412, 55506, 55509, 55542, 55822, 55849, 55876, 55901, 55960, 56038, 56174, 56198, 56210, 56223, 56237, 56366, 56387, 56407, 56412, 56607, 56671, 56822, 56829, 56913, 56916, 56956, 56967, 56975, 57187, 57295, 57368, 57434, 57508, 57559, 57647, 57666, 57668, 57798, 57801, 57814, 57946, 58060, 58062, 58151, 58163, 58203, 58366, 58381, 58458, 58494, 58605, 58635, 58655, 58666, 58700, 58831, 58838, 58973, 59069, 59112, 59151, 59167, 59176, 59183, 59277, 59295, 59467, 59489, 59498, 59760, 59843, 59980, 60174, 60198, 60251, 60390, 60472, 60491, 60560, 60598, 60600, 60642, 60716, 60820, 61157, 61180, 61359, 61439, 61479, 61628, 61750, 61892, 61896, 62040, 62200, 62225, 62242, 62311, 62426, 62431, 62486, 62539, 62590, 62638, 62652, 62660, 62704, 63019, 63057, 63109, 63115, 63117, 63240, 63244, 63437, 63559, 63629, 63827, 63830, 63840, 63868, 63875, 63877, 63883, 63950, 63970, 64067, 64081, 64161, 64190, 64214, 64269, 64341, 64403, 64572, 64574, 64619, 64654, 64665, 64679, 64685, 64743, 64796, 64836, 64945, 64985, 65114, 65172, 65203, 65337, 65461, 65498, 65566, 65570, 65599, 65657, 65676, 65718, 65800, 65980, 66006, 66022, 66033, 66036, 66058, 66061, 66098, 66222, 66233, 66401, 66469, 66730, 66734, 66740, 66750, 66756, 66768, 66803, 67189, 67223, 67350, 67449, 67670, 67719, 67894, 67938, 67955, 67959, 67988, 68267, 68398, 68434, 68470, 68735, 68855, 69036, 69097, 69143, 69238, 69250, 69308, 69342, 69365, 69394, 69433, 69439, 69595, 69609, 69902, 70099, 70100, 70112, 70148, 70151, 70241, 70485, 70686, 70743, 70748, 70758, 70794, 70866, 71223, 71329, 71441, 71547, 71553, 71618, 71624, 71681, 71854, 72079, 72081, 72157, 72161, 72246, 72274, 72405, 72423, 72490, 72562, 72570, 72579, 72634, 72770, 72819, 72972, 73000, 73299, 73474, 73495, 73589, 73617, 73742, 73744, 73766, 73785, 73962, 74080, 74208, 74277, 74296, 74347, 74380, 74612, 74615, 74653, 74680, 74941, 75119, 75132, 75359, 75400, 75401, 75762, 75768, 75787, 75875, 75879, 75977, 76071, 76075, 76215, 76338, 76394, 76438, 76882, 76885, 76920, 76952, 77019, 77129, 77194, 77292, 77528, 77542, 77757, 77854, 77858, 77887, 77915, 77917, 78090, 78174, 78186, 78236, 78341, 78426, 78551, 78672, 78765, 78777, 78902, 78921, 78999, 79011, 79154, 79155, 79224, 79413, 79418, 79467, 79468, 79644, 79656, 79978, 80021, 80042, 80111, 80116, 80120, 80218, 80398, 80421, 80479, 80498, 80527, 80531, 80554, 80595, 80600, 80602, 80633, 80866, 81358, 81362, 81415, 81498, 81544, 81881, 81898, 81900, 81964, 81971, 82010, 82069, 82142, 82161, 82561, 82562, 82590, 82734, 82870, 82884, 82888, 82889, 83089, 83371, 83489, 83492, 83746, 83812, 83827, 83831, 83877, 83929, 83998, 84135, 84463, 84509, 84800, 85010, 85451, 85570, 85838, 85840, 85851, 85859, 85874, 85934, 86089, 86108, 86139, 86234, 86260, 86364, 86486, 86514, 86746, 86755, 86824, 86839, 86892, 87010, 87034, 87038, 87177, 87264, 87294, 87300, 87332, 87336, 87375, 87485, 87584, 87607, 87716, 88032, 88201, 88356, 88357, 88658, 88661, 88708, 88768, 88884, 88913, 88948, 88987, 89072, 89110, 89114, 89458, 89462, 89634, 89641, 89837, 89882, 89922, 90053, 90065, 90104, 90450, 90452, 90453, 90466, 90577, 90671, 90850, 90911, 90954, 90986, 91012, 91015, 91031, 91033, 91060, 91321, 91521, 91549, 91586, 91612, 91654, 91700, 91927, 91969, 92008, 92015, 92093, 92151, 92194, 92236, 92243, 92248, 92391, 92540, 92818, 92876, 92881, 92975, 93155, 93157, 93160, 93174, 93179, 93330, 93363, 93376, 93396, 93530, 93561, 93563, 93565, 93579, 93633, 93661, 93684, 93725, 93820, 93837, 93859, 93885, 93903, 93910, 94143, 94145, 94260, 94404, 94413, 94533, 94597, 94680, 94705, 94752, 94787, 94797, 94954, 94963, 94967, 95045, 95048, 95062, 95145, 95198, 95255, 95258, 95357, 95774, 95839, 95887, 96146, 96241, 96431, 96615, 96641, 96819, 96865, 97026, 97057, 97069, 97128, 97163, 97202, 97391, 97404, 97479, 97492, 97499, 97607, 97701, 98057, 98225, 98511, 98541, 98545, 98590, 98621, 98636, 98926, 98954, 99024, 99031, 99104, 99129, 99179, 99211, 99260, 99370, 99452, 99500, 99570, 99627, 99774, 99798, 99883, 99923, 99930, 99981, 100052, 100131, 100143, 100152, 100194, 100238, 100260, 100315, 100352, 100353, 100354, 100578, 100579, 100736, 100754, 100773, 100775, 100884, 100886, 100974, 101025, 101178, 101181, 101212, 101219, 101271, 101371, 101383, 101388, 101422, 101468, 101558, 101562, 101872, 101994, 102117, 102134, 102336, 102352, 102382, 102417, 102490, 102523, 102527, 102531, 102532, 102576, 102661, 102720, 102750, 102754, 102795, 102954, 103032, 103038, 103052, 103059, 103201, 103437, 103453, 103935, 104000, 104001, 104177, 104194, 104277, 104278, 104437, 104473, 104483, 104490, 104548, 105035, 105038, 105161, 105197, 105406, 105412, 105568, 105590, 105621, 105680, 105827, 105849, 105980, 105990, 106121, 106205, 106232, 106339, 106392, 106644, 106704, 106763, 106833, 106866, 106913, 106945, 107034, 107050, 107159, 107161, 107608, 107678, 107705, 107772, 107791, 107877, 107885, 108098, 108113, 108126, 108156, 108366, 108397, 108406, 108424, 108437, 108456, 108486, 108547, 108626, 108776, 108823, 108883, 108958, 108991, 109042, 109104, 109204, 109229, 109330, 109338, 109371, 109534, 109546, 109580, 109605, 109696, 109712, 109793, 109822, 109843, 110003, 110212, 110223, 110257, 110259, 110327, 110403, 110487, 110499, 110519, 110626, 110648, 110685, 110740, 110743, 110755, 110773, 110812, 110937, 110975, 110994, 111161, 111244, 111385, 111607, 111640, 111641, 111642, 111832, 111932, 111933, 111942, 111958, 112069, 112125, 112159, 112256, 112363, 112428, 112430, 112509, 112528, 112605, 112606, 112615, 112634, 112711, 112734, 112751, 112957, 112976, 113178, 113253, 113309, 113390, 113591, 113728, 114098, 114111, 114140, 114148, 114626, 114715, 114804, 114820, 115017, 115209, 115214, 115221, 115260, 115335, 115345, 115356, 115420, 115557, 115558, 115678, 115710, 115731, 115741, 115786, 115788, 115796, 116046, 116128, 116214, 116228, 116330, 116331, 116515, 116757, 116869, 116883, 116886, 116901, 116919, 116941, 117004, 117121, 117169, 117171, 117370, 117387, 117464, 117615, 117775, 117780, 117863, 117867, 118013, 118014, 118116, 118170, 118173, 118261, 118306, 118312, 118328, 118344, 118406, 118478, 118483, 118520, 118749, 118760, 118770, 118859, 118942, 119317, 119359, 119364, 119368, 119416, 119449, 119518, 119523, 119528, 119546, 119558, 119582, 119593, 119600, 119664, 119665, 119711, 119907, 120017, 120032, 120103, 120335, 120463, 120482, 120507, 120525, 120626, 120646, 120678, 120750, 120779, 120851, 121073, 121189, 121209, 121210, 121218, 121270, 121655, 121722, 121726, 121760, 121839, 121864, 121928, 121969, 122131, 122169, 122178, 122182, 122337, 122387, 122391, 122668, 122710, 122718, 122741, 122755, 122862, 122865, 122911, 123021, 123043, 123065, 123284, 123433, 123456, 123670, 123696, 123788, 123878, 123909, 123958, 124033, 124078, 124128, 124150, 124306, 124319, 124370, 124390, 124407, 124430, 124458, 124618, 124631, 124634, 124689, 124763, 124829, 124945, 125009, 125040, 125061, 125063, 125136, 125137, 125156, 125164, 125400, 125678, 125733, 125774, 125784, 125786, 125854, 125937, 125954, 125957, 125993, 126063, 126466, 126543, 126760, 126933, 126945, 126976, 127016, 127111, 127115, 127193, 127614, 127626, 127635, 127691, 127712, 127886, 127974, 128089, 128114, 128160, 128297, 128378, 128545, 128598, 128685, 128792, 128817, 128833, 128929, 129361, 129635, 129732, 129843, 129847, 129945, 130134, 130153, 130165, 130240, 130356, 130401, 130414, 130429, 130442, 130601, 130660, 130838, 130842, 130922, 131215, 131221, 131266, 131322, 131330, 131402, 131492, 131525, 131565, 131588, 131592, 131940, 131987, 132121, 132221, 132244, 132282, 132342, 132387, 132594, 132632, 132633, 133098, 133127, 133188]"
c1_random,WTSS,0.1,10%,0.1,10%,1790,16113,3264,2940,324,17903,15874,0.9851672562527152,False,120,15949,"[16, 35, 73, 84, 155, 276, 294, 384, 411, 426, 461, 463, 568, 729, 746, 749, 890, 891, 1099, 1366, 1369, 1411, 1509, 1510, 1518, 1559, 1806, 1820, 1883, 1895, 1968, 2112, 2160, 2166, 2330, 2368, 2381, 2417, 2626, 2627, 2633, 2647, 2839, 2916, 2917, 2966, 2969, 3028, 3105, 3117, 3166, 3204, 3235, 3289, 3382, 3430, 3479, 3609, 3739, 3775, 3816, 3829, 3952, 3964, 3981, 4007, 4065, 4114, 4374, 4473, 4502, 4679, 4882, 4906, 5034, 5089, 5209, 5291, 5415, 5480, 5639, 5677, 5710, 5735, 5899, 6140, 6332, 6541, 6637, 6837, 6881, 6930, 7087, 7090, 7103, 7291, 7359, 7432, 7521, 7588, 7599, 7706, 7707, 7821, 7933, 7980, 7991, 8507, 8561, 8620, 8842, 8912, 8924, 9039, 9151, 9283, 9284, 9316, 9317, 9342, 9387, 9488, 9504, 9540, 9676, 9886, 9900, 10000, 10056, 10191, 10195, 10565, 10679, 10864, 10905, 11020, 11038, 11197, 11198, 11472, 11531, 11925, 12008, 12166, 12265, 12338, 12407, 12410, 12462, 12504, 12505, 12547, 12630, 12645, 12646, 12667, 12837, 12860, 13023, 13046, 13080, 13086, 13219, 13590, 14129, 14208, 14213, 14362, 14507, 14646, 14691, 14715, 14816, 14824, 15049, 15052, 15182, 15212, 15213, 15226, 15309, 15351, 15413, 15467, 15483, 15569, 15577, 15587, 15647, 15765, 15788, 15846, 15847, 15975, 15976, 15977, 16110, 16111, 16163, 16236, 16237, 16246, 16337, 16463, 16540, 16542, 16666, 16700, 16752, 16789, 16795, 16854, 16877, 16879, 16881, 16959, 16961, 17075, 17147, 17265, 17266, 17279, 17280, 17287, 17565, 17566, 17663, 17689, 17737, 17738, 17764, 17968, 18018, 18176, 18243, 18257, 18327, 18342, 18459, 18506, 18600, 18860, 18953, 18957, 18958, 18984, 19023, 19149, 19204, 19363, 19389, 19413, 19417, 19445, 19575, 19830, 19893, 19898, 19945, 19981, 20031, 20129, 20143, 20204, 20205, 20207, 20211, 20245, 20490, 20514, 20600, 20665, 20684, 20692, 20698, 20749, 20771, 20780, 20803, 20857, 21140, 21203, 21275, 21298, 21300, 21306, 21339, 21374, 21377, 21388, 21466, 21479, 21538, 21542, 21567, 21629, 21737, 21758, 21764, 21937, 22017, 22174, 22313, 22342, 22432, 22462, 22528, 22570, 22670, 22770, 22836, 22851, 23091, 23108, 23140, 23156, 23253, 23280, 23283, 23347, 23360, 23632, 23908, 23914, 23919, 24197, 24198, 24313, 24393, 24413, 24443, 24500, 24617, 24761, 24762, 24798, 24832, 24932, 25243, 25304, 25305, 25385, 25401, 25588, 25618, 25626, 25628, 25697, 25706, 25851, 25898, 25915, 26085, 26187, 26299, 26308, 26359, 26393, 26413, 26433, 26436, 26590, 26736, 26896, 26903, 26908, 26933, 26994, 27036, 27160, 27189, 27331, 27442, 27493, 27498, 27579, 27587, 27633, 27738, 27805, 27806, 27862, 27902, 27943, 28022, 28027, 28188, 28236, 28247, 28283, 28377, 28384, 28391, 28393, 28416, 28429, 28536, 28704, 28718, 28808, 28810, 28827, 28890, 28895, 28935, 28964, 29006, 29121, 29127, 29202, 29226, 29295, 29366, 29403, 29430, 29508, 29557, 29606, 29798, 29833, 29835, 29895, 29903, 29996, 30132, 30202, 30400, 30524, 30614, 30664, 30693, 30704, 30790, 30828, 30912, 30947, 31103, 31116, 31138, 31264, 31345, 31361, 31415, 31445, 31564, 31588, 31796, 31898, 32055, 32056, 32095, 32202, 32302, 32352, 32414, 32506, 32507, 32510, 32675, 32717, 32799, 33364, 33532, 33610, 33636, 33692, 33781, 33840, 33854, 33926, 33941, 33973, 34066, 34072, 34205, 34462, 34726, 34890, 34913, 34970, 35111, 35112, 35113, 35301, 35428, 35599, 35664, 35729, 36066, 36455, 36471, 36617, 36625, 36657, 36688, 36973, 37040, 37088, 37149, 37255, 37303, 37536, 37697, 37704, 37743, 37810, 37817, 37842, 37865, 38109, 38257, 38262, 38280, 38284, 38297, 38313, 38375, 38378, 38452, 38515, 38557, 38608, 38672, 38805, 38818, 38820, 38898, 38922, 39037, 39078, 39144, 39193, 39298, 39371, 39418, 39429, 39478, 39579, 39696, 39722, 39820, 39962, 39999, 40126, 40218, 40244, 40330, 40350, 40495, 40498, 40640, 40642, 40748, 40750, 40767, 40769, 40790, 40823, 41077, 41078, 41124, 41128, 41129, 41367, 41434, 41477, 41610, 41935, 41996, 41997, 42001, 42043, 42094, 42220, 42300, 42310, 42348, 42429, 42498, 42499, 42566, 42610, 42675, 42714, 42939, 42995, 43008, 43014, 43161, 43162, 43229, 43379, 43406, 43430, 43484, 43603, 43683, 43705, 43765, 43859, 43870, 43887, 43891, 44069, 44191, 44244, 44245, 44340, 44501, 44513, 44659, 44666, 44676, 44880, 45086, 45166, 45168, 45271, 45274, 45320, 45449, 45554, 45580, 45603, 45678, 45818, 45856, 45890, 45903, 45920, 45991, 45999, 46001, 46115, 46229, 46263, 46294, 46359, 46373, 46400, 46451, 46557, 46608, 46690, 46716, 46914, 47052, 47371, 47399, 47403, 47424, 47432, 47442, 47643, 47911, 48002, 48003, 48009, 48045, 48049, 48072, 48083, 48115, 48257, 48312, 48361, 48435, 48444, 48541, 48570, 48625, 48691, 48747, 48868, 49236, 49258, 49270, 49292, 49348, 49360, 49364, 49458, 49466, 49487, 49540, 49567, 49751, 49770, 49807, 49941, 49973, 50008, 50245, 50264, 50289, 50295, 50385, 50449, 50460, 50687, 50760, 50815, 50938, 50983, 51064, 51068, 51124, 51142, 51145, 51215, 51254, 51547, 51554, 51593, 51638, 51659, 51690, 51986, 52068, 52137, 52480, 52602, 52683, 52693, 52726, 52735, 52770, 52949, 52971, 53034, 53079, 53091, 53246, 53360, 53369, 53641, 53784, 53822, 53838, 54012, 54017, 54026, 54184, 54448, 54459, 54527, 54549, 54560, 54904, 54947, 54949, 55010, 55051, 55095, 55306, 55383, 55412, 55506, 55509, 55542, 55822, 55849, 55876, 55901, 55960, 56038, 56174, 56198, 56210, 56223, 56237, 56366, 56387, 56407, 56412, 56607, 56671, 56822, 56829, 56913, 56916, 56956, 56967, 56975, 57187, 57295, 57368, 57434, 57508, 57559, 57647, 57666, 57668, 57798, 57801, 57814, 57946, 58060, 58062, 58151, 58163, 58203, 58366, 58381, 58458, 58494, 58605, 58635, 58655, 58666, 58700, 58831, 58838, 58973, 59069, 59112, 59151, 59167, 59176, 59183, 59277, 59295, 59467, 59489, 59498, 59760, 59843, 59980, 60174, 60198, 60251, 60390, 60472, 60491, 60560, 60598, 60600, 60642, 60716, 60820, 61157, 61180, 61359, 61439, 61479, 61628, 61750, 61892, 61896, 62040, 62200, 62225, 62242, 62311, 62426, 62431, 62486, 62539, 62590, 62638, 62652, 62660, 62704, 63019, 63057, 63109, 63115, 63117, 63240, 63244, 63437, 63559, 63629, 63827, 63830, 63840, 63868, 63875, 63877, 63883, 63950, 63970, 64067, 64081, 64161, 64190, 64214, 64269, 64341, 64403, 64572, 64574, 64619, 64654, 64665, 64679, 64685, 64743, 64796, 64836, 64945, 64985, 65114, 65172, 65203, 65337, 65461, 65498, 65566, 65570, 65599, 65657, 65676, 65718, 65800, 65980, 66006, 66022, 66033, 66036, 66058, 66061, 66098, 66222, 66233, 66401, 66469, 66730, 66734, 66740, 66750, 66756, 66768, 66803, 67189, 67223, 67350, 67449, 67670, 67719, 67894, 67938, 67955, 67959, 67988, 68267, 68398, 68434, 68470, 68735, 68855, 69036, 69097, 69143, 69238, 69250, 69308, 69342, 69365, 69394, 69433, 69439, 69595, 69609, 69902, 70099, 70100, 70112, 70148, 70151, 70241, 70485, 70686, 70743, 70748, 70758, 70794, 70866, 71223, 71329, 71441, 71547, 71553, 71618, 71624, 71681, 71854, 72079, 72081, 72157, 72161, 72246, 72274, 72405, 72423, 72490, 72562, 72570, 72579, 72634, 72770, 72819, 72972, 73000, 73299, 73474, 73495, 73589, 73617, 73742, 73744, 73766, 73785, 73962, 74080, 74208, 74277, 74296, 74347, 74380, 74612, 74615, 74653, 74680, 74941, 75119, 75132, 75359, 75400, 75401, 75762, 75768, 75787, 75875, 75879, 75977, 76071, 76075, 76215, 76338, 76394, 76438, 76882, 76885, 76920, 76952, 77019, 77129, 77194, 77292, 77528, 77542, 77757, 77854, 77858, 77887, 77915, 77917, 78090, 78174, 78186, 78236, 78341, 78426, 78551, 78672, 78765, 78777, 78902, 78921, 78999, 79011, 79154, 79155, 79224, 79413, 79418, 79467, 79468, 79644, 79656, 79978, 80021, 80042, 80111, 80116, 80120, 80218, 80398, 80421, 80479, 80498, 80527, 80531, 80554, 80595, 80600, 80602, 80633, 80866, 81358, 81362, 81415, 81498, 81544, 81881, 81898, 81900, 81964, 81971, 82010, 82069, 82142, 82161, 82561, 82562, 82590, 82734, 82870, 82884, 82888, 82889, 83089, 83371, 83489, 83492, 83746, 83812, 83827, 83831, 83877, 83929, 83998, 84135, 84463, 84509, 84800, 85010, 85451, 85570, 85838, 85840, 85851, 85859, 85874, 85934, 86089, 86108, 86139, 86234, 86260, 86364, 86486, 86514, 86746, 86755, 86824, 86839, 86892, 87010, 87034, 87038, 87177, 87264, 87294, 87300, 87332, 87336, 87375, 87485, 87584, 87607, 87716, 88032, 88201, 88356, 88357, 88658, 88661, 88708, 88768, 88884, 88913, 88948, 88987, 89072, 89110, 89114, 89458, 89462, 89634, 89641, 89837, 89882, 89922, 90053, 90065, 90104, 90450, 90452, 90453, 90466, 90577, 90671, 90850, 90911, 90954, 90986, 91012, 91015, 91031, 91033, 91060, 91321, 91521, 91549, 91586, 91612, 91654, 91700, 91927, 91969, 92008, 92015, 92093, 92151, 92194, 92236, 92243, 92248, 92391, 92540, 92818, 92876, 92881, 92975, 93155, 93157, 93160, 93174, 93179, 93330, 93363, 93376, 93396, 93530, 93561, 93563, 93565, 93579, 93633, 93661, 93684, 93725, 93820, 93837, 93859, 93885, 93903, 93910, 94143, 94145, 94260, 94404, 94413, 94533, 94597, 94680, 94705, 94752, 94787, 94797, 94954, 94963, 94967, 95045, 95048, 95062, 95145, 95198, 95255, 95258, 95357, 95774, 95839, 95887, 96146, 96241, 96431, 96615, 96641, 96819, 96865, 97026, 97057, 97069, 97128, 97163, 97202, 97391, 97404, 97479, 97492, 97499, 97607, 97701, 98057, 98225, 98511, 98541, 98545, 98590, 98621, 98636, 98926, 98954, 99024, 99031, 99104, 99129, 99179, 99211, 99260, 99370, 99452, 99500, 99570, 99627, 99774, 99798, 99883, 99923, 99930, 99981, 100052, 100131, 100143, 100152, 100194, 100238, 100260, 100315, 100352, 100353, 100354, 100578, 100579, 100736, 100754, 100773, 100775, 100884, 100886, 100974, 101025, 101178, 101181, 101212, 101219, 101271, 101371, 101383, 101388, 101422, 101468, 101558, 101562, 101872, 101994, 102117, 102134, 102336, 102352, 102382, 102417, 102490, 102523, 102527, 102531, 102532, 102576, 102661, 102720, 102750, 102754, 102795, 102954, 103032, 103038, 103052, 103059, 103201, 103437, 103453, 103935, 104000, 104001, 104177, 104194, 104277, 104278, 104437, 104473, 104483, 104490, 104548, 105035, 105038, 105161, 105197, 105406, 105412, 105568, 105590, 105621, 105680, 105827, 105849, 105980, 105990, 106121, 106205, 106232, 106339, 106392, 106644, 106704, 106763, 106833, 106866, 106913, 106945, 107034, 107050, 107159, 107161, 107608, 107678, 107705, 107772, 107791, 107877, 107885, 108098, 108113, 108126, 108156, 108366, 108397, 108406, 108424, 108437, 108456, 108486, 108547, 108626, 108776, 108823, 108883, 108958, 108991, 109042, 109104, 109204, 109229, 109330, 109338, 109371, 109534, 109546, 109580, 109605, 109696, 109712, 109793, 109822, 109843, 110003, 110212, 110223, 110257, 110259, 110327, 110403, 110487, 110499, 110519, 110626, 110648, 110685, 110740, 110743, 110755, 110773, 110812, 110937, 110975, 110994, 111161, 111244, 111385, 111607, 111640, 111641, 111642, 111832, 111932, 111933, 111942, 111958, 112069, 112125, 112159, 112256, 112363, 112428, 112430, 112509, 112528, 112605, 112606, 112615, 112634, 112711, 112734, 112751, 112957, 112976, 113178, 113253, 113309, 113390, 113591, 113728, 114098, 114111, 114140, 114148, 114626, 114715, 114804, 114820, 115017, 115209, 115214, 115221, 115260, 115335, 115345, 115356, 115420, 115557, 115558, 115678, 115710, 115731, 115741, 115786, 115788, 115796, 116046, 116128, 116214, 116228, 116330, 116331, 116515, 116757, 116869, 116883, 116886, 116901, 116919, 116941, 117004, 117121, 117169, 117171, 117370, 117387, 117464, 117615, 117775, 117780, 117863, 117867, 118013, 118014, 118116, 118170, 118173, 118261, 118306, 118312, 118328, 118344, 118406, 118478, 118483, 118520, 118749, 118760, 118770, 118859, 118942, 119317, 119359, 119364, 119368, 119416, 119449, 119518, 119523, 119528, 119546, 119558, 119582, 119593, 119600, 119664, 119665, 119711, 119907, 120017, 120032, 120103, 120335, 120463, 120482, 120507, 120525, 120626, 120646, 120678, 120750, 120779, 120851, 121073, 121189, 121209, 121210, 121218, 121270, 121655, 121722, 121726, 121760, 121839, 121864, 121928, 121969, 122131, 122169, 122178, 122182, 122337, 122387, 122391, 122668, 122710, 122718, 122741, 122755, 122862, 122865, 122911, 123021, 123043, 123065, 123284, 123433, 123456, 123670, 123696, 123788, 123878, 123909, 123958, 124033, 124078, 124128, 124150, 124306, 124319, 124370, 124390, 124407, 124430, 124458, 124618, 124631, 124634, 124689, 124763, 124829, 124945, 125009, 125040, 125061, 125063, 125136, 125137, 125156, 125164, 125400, 125678, 125733, 125774, 125784, 125786, 125854, 125937, 125954, 125957, 125993, 126063, 126466, 126543, 126760, 126933, 126945, 126976, 127016, 127111, 127115, 127193, 127614, 127626, 127635, 127691, 127712, 127886, 127974, 128089, 128114, 128160, 128297, 128378, 128545, 128598, 128685, 128792, 128817, 128833, 128929, 129361, 129635, 129732, 129843, 129847, 129945, 130134, 130153, 130165, 130240, 130356, 130401, 130414, 130429, 130442, 130601, 130660, 130838, 130842, 130922, 131215, 131221, 131266, 131322, 131330, 131402, 131492, 131525, 131565, 131588, 131592, 131940, 131987, 132121, 132221, 132244, 132282, 132342, 132387, 132594, 132632, 132633, 133098, 133127, 133188]"
c1_random,My-Seeds,0.1,10%,0.1,10%,1790,16113,4200,3754,446,16796,14801,0.9185750636132316,False,120,15949,"[16, 35, 73, 84, 155, 276, 294, 384, 411, 426, 461, 463, 568, 729, 746, 749, 890, 891, 1099, 1366, 1369, 1411, 1509, 1510, 1518, 1559, 1806, 1820, 1883, 1895, 1968, 2112, 2160, 2166, 2330, 2368, 2381, 2417, 2626, 2627, 2633, 2647, 2839, 2916, 2917, 2966, 2969, 3028, 3105, 3117, 3166, 3204, 3235, 3289, 3382, 3430, 3479, 3609, 3739, 3775, 3816, 3829, 3952, 3964, 3981, 4007, 4065, 4114, 4374, 4473, 4502, 4679, 4882, 4906, 5034, 5089, 5209, 5291, 5415, 5480, 5639, 5677, 5710, 5735, 5899, 6140, 6332, 6541, 6637, 6837, 6881, 6930, 7087, 7090, 7103, 7291, 7359, 7432, 7521, 7588, 7599, 7706, 7707, 7821, 7933, 7980, 7991, 8507, 8561, 8620, 8842, 8912, 8924, 9039, 9151, 9283, 9284, 9316, 9317, 9342, 9387, 9488, 9504, 9540, 9676, 9886, 9900, 10000, 10056, 10191, 10195, 10565, 10679, 10864, 10905, 11020, 11038, 11197, 11198, 11472, 11531, 11925, 12008, 12166, 12265, 12338, 12407, 12410, 12462, 12504, 12505, 12547, 12630, 12645, 12646, 12667, 12837, 12860, 13023, 13046, 13080, 13086, 13219, 13590, 14129, 14208, 14213, 14362, 14507, 14646, 14691, 14715, 14816, 14824, 15049, 15052, 15182, 15212, 15213, 15226, 15309, 15351, 15413, 15467, 15483, 15569, 15577, 15587, 15647, 15765, 15788, 15846, 15847, 15975, 15976, 15977, 16110, 16111, 16163, 16236, 16237, 16246, 16337, 16463, 16540, 16542, 16666, 16700, 16752, 16789, 16795, 16854, 16877, 16879, 16881, 16959, 16961, 17075, 17147, 17265, 17266, 17279, 17280, 17287, 17565, 17566, 17663, 17689, 17737, 17738, 17764, 17968, 18018, 18176, 18243, 18257, 18327, 18342, 18459, 18506, 18600, 18860, 18953, 18957, 18958, 18984, 19023, 19149, 19204, 19363, 19389, 19413, 19417, 19445, 19575, 19830, 19893, 19898, 19945, 19981, 20031, 20129, 20143, 20204, 20205, 20207, 20211, 20245, 20490, 20514, 20600, 20665, 20684, 20692, 20698, 20749, 20771, 20780, 20803, 20857, 21140, 21203, 21275, 21298, 21300, 21306, 21339, 21374, 21377, 21388, 21466, 21479, 21538, 21542, 21567, 21629, 21737, 21758, 21764, 21937, 22017, 22174, 22313, 22342, 22432, 22462, 22528, 22570, 22670, 22770, 22836, 22851, 23091, 23108, 23140, 23156, 23253, 23280, 23283, 23347, 23360, 23632, 23908, 23914, 23919, 24197, 24198, 24313, 24393, 24413, 24443, 24500, 24617, 24761, 24762, 24798, 24832, 24932, 25243, 25304, 25305, 25385, 25401, 25588, 25618, 25626, 25628, 25697, 25706, 25851, 25898, 25915, 26085, 26187, 26299, 26308, 26359, 26393, 26413, 26433, 26436, 26590, 26736, 26896, 26903, 26908, 26933, 26994, 27036, 27160, 27189, 27331, 27442, 27493, 27498, 27579, 27587, 27633, 27738, 27805, 27806, 27862, 27902, 27943, 28022, 28027, 28188, 28236, 28247, 28283, 28377, 28384, 28391, 28393, 28416, 28429, 28536, 28704, 28718, 28808, 28810, 28827, 28890, 28895, 28935, 28964, 29006, 29121, 29127, 29202, 29226, 29295, 29366, 29403, 29430, 29508, 29557, 29606, 29798, 29833, 29835, 29895, 29903, 29996, 30132, 30202, 30400, 30524, 30614, 30664, 30693, 30704, 30790, 30828, 30912, 30947, 31103, 31116, 31138, 31264, 31345, 31361, 31415, 31445, 31564, 31588, 31796, 31898, 32055, 32056, 32095, 32202, 32302, 32352, 32414, 32506, 32507, 32510, 32675, 32717, 32799, 33364, 33532, 33610, 33636, 33692, 33781, 33840, 33854, 33926, 33941, 33973, 34066, 34072, 34205, 34462, 34726, 34890, 34913, 34970, 35111, 35112, 35113, 35301, 35428, 35599, 35664, 35729, 36066, 36455, 36471, 36617, 36625, 36657, 36688, 36973, 37040, 37088, 37149, 37255, 37303, 37536, 37697, 37704, 37743, 37810, 37817, 37842, 37865, 38109, 38257, 38262, 38280, 38284, 38297, 38313, 38375, 38378, 38452, 38515, 38557, 38608, 38672, 38805, 38818, 38820, 38898, 38922, 39037, 39078, 39144, 39193, 39298, 39371, 39418, 39429, 39478, 39579, 39696, 39722, 39820, 39962, 39999, 40126, 40218, 40244, 40330, 40350, 40495, 40498, 40640, 40642, 40748, 40750, 40767, 40769, 40790, 40823, 41077, 41078, 41124, 41128, 41129, 41367, 41434, 41477, 41610, 41935, 41996, 41997, 42001, 42043, 42094, 42220, 42300, 42310, 42348, 42429, 42498, 42499, 42566, 42610, 42675, 42714, 42939, 42995, 43008, 43014, 43161, 43162, 43229, 43379, 43406, 43430, 43484, 43603, 43683, 43705, 43765, 43859, 43870, 43887, 43891, 44069, 44191, 44244, 44245, 44340, 44501, 44513, 44659, 44666, 44676, 44880, 45086, 45166, 45168, 45271, 45274, 45320, 45449, 45554, 45580, 45603, 45678, 45818, 45856, 45890, 45903, 45920, 45991, 45999, 46001, 46115, 46229, 46263, 46294, 46359, 46373, 46400, 46451, 46557, 46608, 46690, 46716, 46914, 47052, 47371, 47399, 47403, 47424, 47432, 47442, 47643, 47911, 48002, 48003, 48009, 48045, 48049, 48072, 48083, 48115, 48257, 48312, 48361, 48435, 48444, 48541, 48570, 48625, 48691, 48747, 48868, 49236, 49258, 49270, 49292, 49348, 49360, 49364, 49458, 49466, 49487, 49540, 49567, 49751, 49770, 49807, 49941, 49973, 50008, 50245, 50264, 50289, 50295, 50385, 50449, 50460, 50687, 50760, 50815, 50938, 50983, 51064, 51068, 51124, 51142, 51145, 51215, 51254, 51547, 51554, 51593, 51638, 51659, 51690, 51986, 52068, 52137, 52480, 52602, 52683, 52693, 52726, 52735, 52770, 52949, 52971, 53034, 53079, 53091, 53246, 53360, 53369, 53641, 53784, 53822, 53838, 54012, 54017, 54026, 54184, 54448, 54459, 54527, 54549, 54560, 54904, 54947, 54949, 55010, 55051, 55095, 55306, 55383, 55412, 55506, 55509, 55542, 55822, 55849, 55876, 55901, 55960, 56038, 56174, 56198, 56210, 56223, 56237, 56366, 56387, 56407, 56412, 56607, 56671, 56822, 56829, 56913, 56916, 56956, 56967, 56975, 57187, 57295, 57368, 57434, 57508, 57559, 57647, 57666, 57668, 57798, 57801, 57814, 57946, 58060, 58062, 58151, 58163, 58203, 58366, 58381, 58458, 58494, 58605, 58635, 58655, 58666, 58700, 58831, 58838, 58973, 59069, 59112, 59151, 59167, 59176, 59183, 59277, 59295, 59467, 59489, 59498, 59760, 59843, 59980, 60174, 60198, 60251, 60390, 60472, 60491, 60560, 60598, 60600, 60642, 60716, 60820, 61157, 61180, 61359, 61439, 61479, 61628, 61750, 61892, 61896, 62040, 62200, 62225, 62242, 62311, 62426, 62431, 62486, 62539, 62590, 62638, 62652, 62660, 62704, 63019, 63057, 63109, 63115, 63117, 63240, 63244, 63437, 63559, 63629, 63827, 63830, 63840, 63868, 63875, 63877, 63883, 63950, 63970, 64067, 64081, 64161, 64190, 64214, 64269, 64341, 64403, 64572, 64574, 64619, 64654, 64665, 64679, 64685, 64743, 64796, 64836, 64945, 64985, 65114, 65172, 65203, 65337, 65461, 65498, 65566, 65570, 65599, 65657, 65676, 65718, 65800, 65980, 66006, 66022, 66033, 66036, 66058, 66061, 66098, 66222, 66233, 66401, 66469, 66730, 66734, 66740, 66750, 66756, 66768, 66803, 67189, 67223, 67350, 67449, 67670, 67719, 67894, 67938, 67955, 67959, 67988, 68267, 68398, 68434, 68470, 68735, 68855, 69036, 69097, 69143, 69238, 69250, 69308, 69342, 69365, 69394, 69433, 69439, 69595, 69609, 69902, 70099, 70100, 70112, 70148, 70151, 70241, 70485, 70686, 70743, 70748, 70758, 70794, 70866, 71223, 71329, 71441, 71547, 71553, 71618, 71624, 71681, 71854, 72079, 72081, 72157, 72161, 72246, 72274, 72405, 72423, 72490, 72562, 72570, 72579, 72634, 72770, 72819, 72972, 73000, 73299, 73474, 73495, 73589, 73617, 73742, 73744, 73766, 73785, 73962, 74080, 74208, 74277, 74296, 74347, 74380, 74612, 74615, 74653, 74680, 74941, 75119, 75132, 75359, 75400, 75401, 75762, 75768, 75787, 75875, 75879, 75977, 76071, 76075, 76215, 76338, 76394, 76438, 76882, 76885, 76920, 76952, 77019, 77129, 77194, 77292, 77528, 77542, 77757, 77854, 77858, 77887, 77915, 77917, 78090, 78174, 78186, 78236, 78341, 78426, 78551, 78672, 78765, 78777, 78902, 78921, 78999, 79011, 79154, 79155, 79224, 79413, 79418, 79467, 79468, 79644, 79656, 79978, 80021, 80042, 80111, 80116, 80120, 80218, 80398, 80421, 80479, 80498, 80527, 80531, 80554, 80595, 80600, 80602, 80633, 80866, 81358, 81362, 81415, 81498, 81544, 81881, 81898, 81900, 81964, 81971, 82010, 82069, 82142, 82161, 82561, 82562, 82590, 82734, 82870, 82884, 82888, 82889, 83089, 83371, 83489, 83492, 83746, 83812, 83827, 83831, 83877, 83929, 83998, 84135, 84463, 84509, 84800, 85010, 85451, 85570, 85838, 85840, 85851, 85859, 85874, 85934, 86089, 86108, 86139, 86234, 86260, 86364, 86486, 86514, 86746, 86755, 86824, 86839, 86892, 87010, 87034, 87038, 87177, 87264, 87294, 87300, 87332, 87336, 87375, 87485, 87584, 87607, 87716, 88032, 88201, 88356, 88357, 88658, 88661, 88708, 88768, 88884, 88913, 88948, 88987, 89072, 89110, 89114, 89458, 89462, 89634, 89641, 89837, 89882, 89922, 90053, 90065, 90104, 90450, 90452, 90453, 90466, 90577, 90671, 90850, 90911, 90954, 90986, 91012, 91015, 91031, 91033, 91060, 91321, 91521, 91549, 91586, 91612, 91654, 91700, 91927, 91969, 92008, 92015, 92093, 92151, 92194, 92236, 92243, 92248, 92391, 92540, 92818, 92876, 92881, 92975, 93155, 93157, 93160, 93174, 93179, 93330, 93363, 93376, 93396, 93530, 93561, 93563, 93565, 93579, 93633, 93661, 93684, 93725, 93820, 93837, 93859, 93885, 93903, 93910, 94143, 94145, 94260, 94404, 94413, 94533, 94597, 94680, 94705, 94752, 94787, 94797, 94954, 94963, 94967, 95045, 95048, 95062, 95145, 95198, 95255, 95258, 95357, 95774, 95839, 95887, 96146, 96241, 96431, 96615, 96641, 96819, 96865, 97026, 97057, 97069, 97128, 97163, 97202, 97391, 97404, 97479, 97492, 97499, 97607, 97701, 98057, 98225, 98511, 98541, 98545, 98590, 98621, 98636, 98926, 98954, 99024, 99031, 99104, 99129, 99179, 99211, 99260, 99370, 99452, 99500, 99570, 99627, 99774, 99798, 99883, 99923, 99930, 99981, 100052, 100131, 100143, 100152, 100194, 100238, 100260, 100315, 100352, 100353, 100354, 100578, 100579, 100736, 100754, 100773, 100775, 100884, 100886, 100974, 101025, 101178, 101181, 101212, 101219, 101271, 101371, 101383, 101388, 101422, 101468, 101558, 101562, 101872, 101994, 102117, 102134, 102336, 102352, 102382, 102417, 102490, 102523, 102527, 102531, 102532, 102576, 102661, 102720, 102750, 102754, 102795, 102954, 103032, 103038, 103052, 103059, 103201, 103437, 103453, 103935, 104000, 104001, 104177, 104194, 104277, 104278, 104437, 104473, 104483, 104490, 104548, 105035, 105038, 105161, 105197, 105406, 105412, 105568, 105590, 105621, 105680, 105827, 105849, 105980, 105990, 106121, 106205, 106232, 106339, 106392, 106644, 106704, 106763, 106833, 106866, 106913, 106945, 107034, 107050, 107159, 107161, 107608, 107678, 107705, 107772, 107791, 107877, 107885, 108098, 108113, 108126, 108156, 108366, 108397, 108406, 108424, 108437, 108456, 108486, 108547, 108626, 108776, 108823, 108883, 108958, 108991, 109042, 109104, 109204, 109229, 109330, 109338, 109371, 109534, 109546, 109580, 109605, 109696, 109712, 109793, 109822, 109843, 110003, 110212, 110223, 110257, 110259, 110327, 110403, 110487, 110499, 110519, 110626, 110648, 110685, 110740, 110743, 110755, 110773, 110812, 110937, 110975, 110994, 111161, 111244, 111385, 111607, 111640, 111641, 111642, 111832, 111932, 111933, 111942, 111958, 112069, 112125, 112159, 112256, 112363, 112428, 112430, 112509, 112528, 112605, 112606, 112615, 112634, 112711, 112734, 112751, 112957, 112976, 113178, 113253, 113309, 113390, 113591, 113728, 114098, 114111, 114140, 114148, 114626, 114715, 114804, 114820, 115017, 115209, 115214, 115221, 115260, 115335, 115345, 115356, 115420, 115557, 115558, 115678, 115710, 115731, 115741, 115786, 115788, 115796, 116046, 116128, 116214, 116228, 116330, 116331, 116515, 116757, 116869, 116883, 116886, 116901, 116919, 116941, 117004, 117121, 117169, 117171, 117370, 117387, 117464, 117615, 117775, 117780, 117863, 117867, 118013, 118014, 118116, 118170, 118173, 118261, 118306, 118312, 118328, 118344, 118406, 118478, 118483, 118520, 118749, 118760, 118770, 118859, 118942, 119317, 119359, 119364, 119368, 119416, 119449, 119518, 119523, 119528, 119546, 119558, 119582, 119593, 119600, 119664, 119665, 119711, 119907, 120017, 120032, 120103, 120335, 120463, 120482, 120507, 120525, 120626, 120646, 120678, 120750, 120779, 120851, 121073, 121189, 121209, 121210, 121218, 121270, 121655, 121722, 121726, 121760, 121839, 121864, 121928, 121969, 122131, 122169, 122178, 122182, 122337, 122387, 122391, 122668, 122710, 122718, 122741, 122755, 122862, 122865, 122911, 123021, 123043, 123065, 123284, 123433, 123456, 123670, 123696, 123788, 123878, 123909, 123958, 124033, 124078, 124128, 124150, 124306, 124319, 124370, 124390, 124407, 124430, 124458, 124618, 124631, 124634, 124689, 124763, 124829, 124945, 125009, 125040, 125061, 125063, 125136, 125137, 125156, 125164, 125400, 125678, 125733, 125774, 125784, 125786, 125854, 125937, 125954, 125957, 125993, 126063, 126466, 126543, 126760, 126933, 126945, 126976, 127016, 127111, 127115, 127193, 127614, 127626, 127635, 127691, 127712, 127886, 127974, 128089, 128114, 128160, 128297, 128378, 128545, 128598, 128685, 128792, 128817, 128833, 128929, 129361, 129635, 129732, 129843, 129847, 129945, 130134, 130153, 130165, 130240, 130356, 130401, 130414, 130429, 130442, 130601, 130660, 130838, 130842, 130922, 131215, 131221, 131266, 131322, 131330, 131402, 131492, 131525, 131565, 131588, 131592, 131940, 131987, 132121, 132221, 132244, 132282, 132342, 132387, 132594, 132632, 132633, 133098, 133127, 133188]"
c2_degree,Greedy-f1,0.1,10%,0.1,10%,1790,16113,1807,1646,161,2445,2259,0.140197356172035,False,120,15949,"[16, 35, 73, 84, 155, 276, 294, 384, 411, 426, 461, 463, 568, 729, 746, 749, 890, 891, 1099, 1366, 1369, 1411, 1509, 1510, 1518, 1559, 1806, 1820, 1883, 1895, 1968, 2112, 2160, 2166, 2330, 2368, 2381, 2417, 2626, 2627, 2633, 2647, 2839, 2916, 2917, 2966, 2969, 3028, 3105, 3117, 3166, 3204, 3235, 3289, 3382, 3430, 3479, 3609, 3739, 3775, 3816, 3829, 3952, 3964, 3981, 4007, 4065, 4114, 4374, 4473, 4502, 4679, 4882, 4906, 5034, 5089, 5209, 5291, 5415, 5480, 5639, 5677, 5710, 5735, 5899, 6140, 6332, 6541, 6637, 6837, 6881, 6930, 7087, 7090, 7103, 7291, 7359, 7432, 7521, 7588, 7599, 7706, 7707, 7821, 7933, 7980, 7991, 8507, 8561, 8620, 8842, 8912, 8924, 9039, 9151, 9283, 9284, 9316, 9317, 9342, 9387, 9488, 9504, 9540, 9676, 9886, 9900, 10000, 10056, 10191, 10195, 10565, 10679, 10864, 10905, 11020, 11038, 11197, 11198, 11472, 11531, 11925, 12008, 12166, 12265, 12338, 12407, 12410, 12462, 12504, 12505, 12547, 12630, 12645, 12646, 12667, 12837, 12860, 13023, 13046, 13080, 13086, 13219, 13590, 14129, 14208, 14213, 14362, 14507, 14646, 14691, 14715, 14816, 14824, 15049, 15052, 15182, 15212, 15213, 15226, 15309, 15351, 15413, 15467, 15483, 15569, 15577, 15587, 15647, 15765, 15788, 15846, 15847, 15975, 15976, 15977, 16110, 16111, 16163, 16236, 16237, 16246, 16337, 16463, 16540, 16542, 16666, 16700, 16752, 16789, 16795, 16854, 16877, 16879, 16881, 16959, 16961, 17075, 17147, 17265, 17266, 17279, 17280, 17287, 17565, 17566, 17663, 17689, 17737, 17738, 17764, 17968, 18018, 18176, 18243, 18257, 18327, 18342, 18459, 18506, 18600, 18860, 18953, 18957, 18958, 18984, 19023, 19149, 19204, 19363, 19389, 19413, 19417, 19445, 19575, 19830, 19893, 19898, 19945, 19981, 20031, 20129, 20143, 20204, 20205, 20207, 20211, 20245, 20490, 20514, 20600, 20665, 20684, 20692, 20698, 20749, 20771, 20780, 20803, 20857, 21140, 21203, 21275, 21298, 21300, 21306, 21339, 21374, 21377, 21388, 21466, 21479, 21538, 21542, 21567, 21629, 21737, 21758, 21764, 21937, 22017, 22174, 22313, 22342, 22432, 22462, 22528, 22570, 22670, 22770, 22836, 22851, 23091, 23108, 23140, 23156, 23253, 23280, 23283, 23347, 23360, 23632, 23908, 23914, 23919, 24197, 24198, 24313, 24393, 24413, 24443, 24500, 24617, 24761, 24762, 24798, 24832, 24932, 25243, 25304, 25305, 25385, 25401, 25588, 25618, 25626, 25628, 25697, 25706, 25851, 25898, 25915, 26085, 26187, 26299, 26308, 26359, 26393, 26413, 26433, 26436, 26590, 26736, 26896, 26903, 26908, 26933, 26994, 27036, 27160, 27189, 27331, 27442, 27493, 27498, 27579, 27587, 27633, 27738, 27805, 27806, 27862, 27902, 27943, 28022, 28027, 28188, 28236, 28247, 28283, 28377, 28384, 28391, 28393, 28416, 28429, 28536, 28704, 28718, 28808, 28810, 28827, 28890, 28895, 28935, 28964, 29006, 29121, 29127, 29202, 29226, 29295, 29366, 29403, 29430, 29508, 29557, 29606, 29798, 29833, 29835, 29895, 29903, 29996, 30132, 30202, 30400, 30524, 30614, 30664, 30693, 30704, 30790, 30828, 30912, 30947, 31103, 31116, 31138, 31264, 31345, 31361, 31415, 31445, 31564, 31588, 31796, 31898, 32055, 32056, 32095, 32202, 32302, 32352, 32414, 32506, 32507, 32510, 32675, 32717, 32799, 33364, 33532, 33610, 33636, 33692, 33781, 33840, 33854, 33926, 33941, 33973, 34066, 34072, 34205, 34462, 34726, 34890, 34913, 34970, 35111, 35112, 35113, 35301, 35428, 35599, 35664, 35729, 36066, 36455, 36471, 36617, 36625, 36657, 36688, 36973, 37040, 37088, 37149, 37255, 37303, 37536, 37697, 37704, 37743, 37810, 37817, 37842, 37865, 38109, 38257, 38262, 38280, 38284, 38297, 38313, 38375, 38378, 38452, 38515, 38557, 38608, 38672, 38805, 38818, 38820, 38898, 38922, 39037, 39078, 39144, 39193, 39298, 39371, 39418, 39429, 39478, 39579, 39696, 39722, 39820, 39962, 39999, 40126, 40218, 40244, 40330, 40350, 40495, 40498, 40640, 40642, 40748, 40750, 40767, 40769, 40790, 40823, 41077, 41078, 41124, 41128, 41129, 41367, 41434, 41477, 41610, 41935, 41996, 41997, 42001, 42043, 42094, 42220, 42300, 42310, 42348, 42429, 42498, 42499, 42566, 42610, 42675, 42714, 42939, 42995, 43008, 43014, 43161, 43162, 43229, 43379, 43406, 43430, 43484, 43603, 43683, 43705, 43765, 43859, 43870, 43887, 43891, 44069, 44191, 44244, 44245, 44340, 44501, 44513, 44659, 44666, 44676, 44880, 45086, 45166, 45168, 45271, 45274, 45320, 45449, 45554, 45580, 45603, 45678, 45818, 45856, 45890, 45903, 45920, 45991, 45999, 46001, 46115, 46229, 46263, 46294, 46359, 46373, 46400, 46451, 46557, 46608, 46690, 46716, 46914, 47052, 47371, 47399, 47403, 47424, 47432, 47442, 47643, 47911, 48002, 48003, 48009, 48045, 48049, 48072, 48083, 48115, 48257, 48312, 48361, 48435, 48444, 48541, 48570, 48625, 48691, 48747, 48868, 49236, 49258, 49270, 49292, 49348, 49360, 49364, 49458, 49466, 49487, 49540, 49567, 49751, 49770, 49807, 49941, 49973, 50008, 50245, 50264, 50289, 50295, 50385, 50449, 50460, 50687, 50760, 50815, 50938, 50983, 51064, 51068, 51124, 51142, 51145, 51215, 51254, 51547, 51554, 51593, 51638, 51659, 51690, 51986, 52068, 52137, 52480, 52602, 52683, 52693, 52726, 52735, 52770, 52949, 52971, 53034, 53079, 53091, 53246, 53360, 53369, 53641, 53784, 53822, 53838, 54012, 54017, 54026, 54184, 54448, 54459, 54527, 54549, 54560, 54904, 54947, 54949, 55010, 55051, 55095, 55306, 55383, 55412, 55506, 55509, 55542, 55822, 55849, 55876, 55901, 55960, 56038, 56174, 56198, 56210, 56223, 56237, 56366, 56387, 56407, 56412, 56607, 56671, 56822, 56829, 56913, 56916, 56956, 56967, 56975, 57187, 57295, 57368, 57434, 57508, 57559, 57647, 57666, 57668, 57798, 57801, 57814, 57946, 58060, 58062, 58151, 58163, 58203, 58366, 58381, 58458, 58494, 58605, 58635, 58655, 58666, 58700, 58831, 58838, 58973, 59069, 59112, 59151, 59167, 59176, 59183, 59277, 59295, 59467, 59489, 59498, 59760, 59843, 59980, 60174, 60198, 60251, 60390, 60472, 60491, 60560, 60598, 60600, 60642, 60716, 60820, 61157, 61180, 61359, 61439, 61479, 61628, 61750, 61892, 61896, 62040, 62200, 62225, 62242, 62311, 62426, 62431, 62486, 62539, 62590, 62638, 62652, 62660, 62704, 63019, 63057, 63109, 63115, 63117, 63240, 63244, 63437, 63559, 63629, 63827, 63830, 63840, 63868, 63875, 63877, 63883, 63950, 63970, 64067, 64081, 64161, 64190, 64214, 64269, 64341, 64403, 64572, 64574, 64619, 64654, 64665, 64679, 64685, 64743, 64796, 64836, 64945, 64985, 65114, 65172, 65203, 65337, 65461, 65498, 65566, 65570, 65599, 65657, 65676, 65718, 65800, 65980, 66006, 66022, 66033, 66036, 66058, 66061, 66098, 66222, 66233, 66401, 66469, 66730, 66734, 66740, 66750, 66756, 66768, 66803, 67189, 67223, 67350, 67449, 67670, 67719, 67894, 67938, 67955, 67959, 67988, 68267, 68398, 68434, 68470, 68735, 68855, 69036, 69097, 69143, 69238, 69250, 69308, 69342, 69365, 69394, 69433, 69439, 69595, 69609, 69902, 70099, 70100, 70112, 70148, 70151, 70241, 70485, 70686, 70743, 70748, 70758, 70794, 70866, 71223, 71329, 71441, 71547, 71553, 71618, 71624, 71681, 71854, 72079, 72081, 72157, 72161, 72246, 72274, 72405, 72423, 72490, 72562, 72570, 72579, 72634, 72770, 72819, 72972, 73000, 73299, 73474, 73495, 73589, 73617, 73742, 73744, 73766, 73785, 73962, 74080, 74208, 74277, 74296, 74347, 74380, 74612, 74615, 74653, 74680, 74941, 75119, 75132, 75359, 75400, 75401, 75762, 75768, 75787, 75875, 75879, 75977, 76071, 76075, 76215, 76338, 76394, 76438, 76882, 76885, 76920, 76952, 77019, 77129, 77194, 77292, 77528, 77542, 77757, 77854, 77858, 77887, 77915, 77917, 78090, 78174, 78186, 78236, 78341, 78426, 78551, 78672, 78765, 78777, 78902, 78921, 78999, 79011, 79154, 79155, 79224, 79413, 79418, 79467, 79468, 79644, 79656, 79978, 80021, 80042, 80111, 80116, 80120, 80218, 80398, 80421, 80479, 80498, 80527, 80531, 80554, 80595, 80600, 80602, 80633, 80866, 81358, 81362, 81415, 81498, 81544, 81881, 81898, 81900, 81964, 81971, 82010, 82069, 82142, 82161, 82561, 82562, 82590, 82734, 82870, 82884, 82888, 82889, 83089, 83371, 83489, 83492, 83746, 83812, 83827, 83831, 83877, 83929, 83998, 84135, 84463, 84509, 84800, 85010, 85451, 85570, 85838, 85840, 85851, 85859, 85874, 85934, 86089, 86108, 86139, 86234, 86260, 86364, 86486, 86514, 86746, 86755, 86824, 86839, 86892, 87010, 87034, 87038, 87177, 87264, 87294, 87300, 87332, 87336, 87375, 87485, 87584, 87607, 87716, 88032, 88201, 88356, 88357, 88658, 88661, 88708, 88768, 88884, 88913, 88948, 88987, 89072, 89110, 89114, 89458, 89462, 89634, 89641, 89837, 89882, 89922, 90053, 90065, 90104, 90450, 90452, 90453, 90466, 90577, 90671, 90850, 90911, 90954, 90986, 91012, 91015, 91031, 91033, 91060, 91321, 91521, 91549, 91586, 91612, 91654, 91700, 91927, 91969, 92008, 92015, 92093, 92151, 92194, 92236, 92243, 92248, 92391, 92540, 92818, 92876, 92881, 92975, 93155, 93157, 93160, 93174, 93179, 93330, 93363, 93376, 93396, 93530, 93561, 93563, 93565, 93579, 93633, 93661, 93684, 93725, 93820, 93837, 93859, 93885, 93903, 93910, 94143, 94145, 94260, 94404, 94413, 94533, 94597, 94680, 94705, 94752, 94787, 94797, 94954, 94963, 94967, 95045, 95048, 95062, 95145, 95198, 95255, 95258, 95357, 95774, 95839, 95887, 96146, 96241, 96431, 96615, 96641, 96819, 96865, 97026, 97057, 97069, 97128, 97163, 97202, 97391, 97404, 97479, 97492, 97499, 97607, 97701, 98057, 98225, 98511, 98541, 98545, 98590, 98621, 98636, 98926, 98954, 99024, 99031, 99104, 99129, 99179, 99211, 99260, 99370, 99452, 99500, 99570, 99627, 99774, 99798, 99883, 99923, 99930, 99981, 100052, 100131, 100143, 100152, 100194, 100238, 100260, 100315, 100352, 100353, 100354, 100578, 100579, 100736, 100754, 100773, 100775, 100884, 100886, 100974, 101025, 101178, 101181, 101212, 101219, 101271, 101371, 101383, 101388, 101422, 101468, 101558, 101562, 101872, 101994, 102117, 102134, 102336, 102352, 102382, 102417, 102490, 102523, 102527, 102531, 102532, 102576, 102661, 102720, 102750, 102754, 102795, 102954, 103032, 103038, 103052, 103059, 103201, 103437, 103453, 103935, 104000, 104001, 104177, 104194, 104277, 104278, 104437, 104473, 104483, 104490, 104548, 105035, 105038, 105161, 105197, 105406, 105412, 105568, 105590, 105621, 105680, 105827, 105849, 105980, 105990, 106121, 106205, 106232, 106339, 106392, 106644, 106704, 106763, 106833, 106866, 106913, 106945, 107034, 107050, 107159, 107161, 107608, 107678, 107705, 107772, 107791, 107877, 107885, 108098, 108113, 108126, 108156, 108366, 108397, 108406, 108424, 108437, 108456, 108486, 108547, 108626, 108776, 108823, 108883, 108958, 108991, 109042, 109104, 109204, 109229, 109330, 109338, 109371, 109534, 109546, 109580, 109605, 109696, 109712, 109793, 109822, 109843, 110003, 110212, 110223, 110257, 110259, 110327, 110403, 110487, 110499, 110519, 110626, 110648, 110685, 110740, 110743, 110755, 110773, 110812, 110937, 110975, 110994, 111161, 111244, 111385, 111607, 111640, 111641, 111642, 111832, 111932, 111933, 111942, 111958, 112069, 112125, 112159, 112256, 112363, 112428, 112430, 112509, 112528, 112605, 112606, 112615, 112634, 112711, 112734, 112751, 112957, 112976, 113178, 113253, 113309, 113390, 113591, 113728, 114098, 114111, 114140, 114148, 114626, 114715, 114804, 114820, 115017, 115209, 115214, 115221, 115260, 115335, 115345, 115356, 115420, 115557, 115558, 115678, 115710, 115731, 115741, 115786, 115788, 115796, 116046, 116128, 116214, 116228, 116330, 116331, 116515, 116757, 116869, 116883, 116886, 116901, 116919, 116941, 117004, 117121, 117169, 117171, 117370, 117387, 117464, 117615, 117775, 117780, 117863, 117867, 118013, 118014, 118116, 118170, 118173, 118261, 118306, 118312, 118328, 118344, 118406, 118478, 118483, 118520, 118749, 118760, 118770, 118859, 118942, 119317, 119359, 119364, 119368, 119416, 119449, 119518, 119523, 119528, 119546, 119558, 119582, 119593, 119600, 119664, 119665, 119711, 119907, 120017, 120032, 120103, 120335, 120463, 120482, 120507, 120525, 120626, 120646, 120678, 120750, 120779, 120851, 121073, 121189, 121209, 121210, 121218, 121270, 121655, 121722, 121726, 121760, 121839, 121864, 121928, 121969, 122131, 122169, 122178, 122182, 122337, 122387, 122391, 122668, 122710, 122718, 122741, 122755, 122862, 122865, 122911, 123021, 123043, 123065, 123284, 123433, 123456, 123670, 123696, 123788, 123878, 123909, 123958, 124033, 124078, 124128, 124150, 124306, 124319, 124370, 124390, 124407, 124430, 124458, 124618, 124631, 124634, 124689, 124763, 124829, 124945, 125009, 125040, 125061, 125063, 125136, 125137, 125156, 125164, 125400, 125678, 125733, 125774, 125784, 125786, 125854, 125937, 125954, 125957, 125993, 126063, 126466, 126543, 126760, 126933, 126945, 126976, 127016, 127111, 127115, 127193, 127614, 127626, 127635, 127691, 127712, 127886, 127974, 128089, 128114, 128160, 128297, 128378, 128545, 128598, 128685, 128792, 128817, 128833, 128929, 129361, 129635, 129732, 129843, 129847, 129945, 130134, 130153, 130165, 130240, 130356, 130401, 130414, 130429, 130442, 130601, 130660, 130838, 130842, 130922, 131215, 131221, 131266, 131322, 131330, 131402, 131492, 131525, 131565, 131588, 131592, 131940, 131987, 132121, 132221, 132244, 132282, 132342, 132387, 132594, 132632, 132633, 133098, 133127, 133188]"
c2_degree,Greedy-f2,0.1,10%,0.1,10%,1790,16113,1327,1208,119,1386,1279,0.0793769006392354,False,120,15949,"[16, 35, 73, 84, 155, 276, 294, 384, 411, 426, 461, 463, 568, 729, 746, 749, 890, 891, 1099, 1366, 1369, 1411, 1509, 1510, 1518, 1559, 1806, 1820, 1883, 1895, 1968, 2112, 2160, 2166, 2330, 2368, 2381, 2417, 2626, 2627, 2633, 2647, 2839, 2916, 2917, 2966, 2969, 3028, 3105, 3117, 3166, 3204, 3235, 3289, 3382, 3430, 3479, 3609, 3739, 3775, 3816, 3829, 3952, 3964, 3981, 4007, 4065, 4114, 4374, 4473, 4502, 4679, 4882, 4906, 5034, 5089, 5209, 5291, 5415, 5480, 5639, 5677, 5710, 5735, 5899, 6140, 6332, 6541, 6637, 6837, 6881, 6930, 7087, 7090, 7103, 7291, 7359, 7432, 7521, 7588, 7599, 7706, 7707, 7821, 7933, 7980, 7991, 8507, 8561, 8620, 8842, 8912, 8924, 9039, 9151, 9283, 9284, 9316, 9317, 9342, 9387, 9488, 9504, 9540, 9676, 9886, 9900, 10000, 10056, 10191, 10195, 10565, 10679, 10864, 10905, 11020, 11038, 11197, 11198, 11472, 11531, 11925, 12008, 12166, 12265, 12338, 12407, 12410, 12462, 12504, 12505, 12547, 12630, 12645, 12646, 12667, 12837, 12860, 13023, 13046, 13080, 13086, 13219, 13590, 14129, 14208, 14213, 14362, 14507, 14646, 14691, 14715, 14816, 14824, 15049, 15052, 15182, 15212, 15213, 15226, 15309, 15351, 15413, 15467, 15483, 15569, 15577, 15587, 15647, 15765, 15788, 15846, 15847, 15975, 15976, 15977, 16110, 16111, 16163, 16236, 16237, 16246, 16337, 16463, 16540, 16542, 16666, 16700, 16752, 16789, 16795, 16854, 16877, 16879, 16881, 16959, 16961, 17075, 17147, 17265, 17266, 17279, 17280, 17287, 17565, 17566, 17663, 17689, 17737, 17738, 17764, 17968, 18018, 18176, 18243, 18257, 18327, 18342, 18459, 18506, 18600, 18860, 18953, 18957, 18958, 18984, 19023, 19149, 19204, 19363, 19389, 19413, 19417, 19445, 19575, 19830, 19893, 19898, 19945, 19981, 20031, 20129, 20143, 20204, 20205, 20207, 20211, 20245, 20490, 20514, 20600, 20665, 20684, 20692, 20698, 20749, 20771, 20780, 20803, 20857, 21140, 21203, 21275, 21298, 21300, 21306, 21339, 21374, 21377, 21388, 21466, 21479, 21538, 21542, 21567, 21629, 21737, 21758, 21764, 21937, 22017, 22174, 22313, 22342, 22432, 22462, 22528, 22570, 22670, 22770, 22836, 22851, 23091, 23108, 23140, 23156, 23253, 23280, 23283, 23347, 23360, 23632, 23908, 23914, 23919, 24197, 24198, 24313, 24393, 24413, 24443, 24500, 24617, 24761, 24762, 24798, 24832, 24932, 25243, 25304, 25305, 25385, 25401, 25588, 25618, 25626, 25628, 25697, 25706, 25851, 25898, 25915, 26085, 26187, 26299, 26308, 26359, 26393, 26413, 26433, 26436, 26590, 26736, 26896, 26903, 26908, 26933, 26994, 27036, 27160, 27189, 27331, 27442, 27493, 27498, 27579, 27587, 27633, 27738, 27805, 27806, 27862, 27902, 27943, 28022, 28027, 28188, 28236, 28247, 28283, 28377, 28384, 28391, 28393, 28416, 28429, 28536, 28704, 28718, 28808, 28810, 28827, 28890, 28895, 28935, 28964, 29006, 29121, 29127, 29202, 29226, 29295, 29366, 29403, 29430, 29508, 29557, 29606, 29798, 29833, 29835, 29895, 29903, 29996, 30132, 30202, 30400, 30524, 30614, 30664, 30693, 30704, 30790, 30828, 30912, 30947, 31103, 31116, 31138, 31264, 31345, 31361, 31415, 31445, 31564, 31588, 31796, 31898, 32055, 32056, 32095, 32202, 32302, 32352, 32414, 32506, 32507, 32510, 32675, 32717, 32799, 33364, 33532, 33610, 33636, 33692, 33781, 33840, 33854, 33926, 33941, 33973, 34066, 34072, 34205, 34462, 34726, 34890, 34913, 34970, 35111, 35112, 35113, 35301, 35428, 35599, 35664, 35729, 36066, 36455, 36471, 36617, 36625, 36657, 36688, 36973, 37040, 37088, 37149, 37255, 37303, 37536, 37697, 37704, 37743, 37810, 37817, 37842, 37865, 38109, 38257, 38262, 38280, 38284, 38297, 38313, 38375, 38378, 38452, 38515, 38557, 38608, 38672, 38805, 38818, 38820, 38898, 38922, 39037, 39078, 39144, 39193, 39298, 39371, 39418, 39429, 39478, 39579, 39696, 39722, 39820, 39962, 39999, 40126, 40218, 40244, 40330, 40350, 40495, 40498, 40640, 40642, 40748, 40750, 40767, 40769, 40790, 40823, 41077, 41078, 41124, 41128, 41129, 41367, 41434, 41477, 41610, 41935, 41996, 41997, 42001, 42043, 42094, 42220, 42300, 42310, 42348, 42429, 42498, 42499, 42566, 42610, 42675, 42714, 42939, 42995, 43008, 43014, 43161, 43162, 43229, 43379, 43406, 43430, 43484, 43603, 43683, 43705, 43765, 43859, 43870, 43887, 43891, 44069, 44191, 44244, 44245, 44340, 44501, 44513, 44659, 44666, 44676, 44880, 45086, 45166, 45168, 45271, 45274, 45320, 45449, 45554, 45580, 45603, 45678, 45818, 45856, 45890, 45903, 45920, 45991, 45999, 46001, 46115, 46229, 46263, 46294, 46359, 46373, 46400, 46451, 46557, 46608, 46690, 46716, 46914, 47052, 47371, 47399, 47403, 47424, 47432, 47442, 47643, 47911, 48002, 48003, 48009, 48045, 48049, 48072, 48083, 48115, 48257, 48312, 48361, 48435, 48444, 48541, 48570, 48625, 48691, 48747, 48868, 49236, 49258, 49270, 49292, 49348, 49360, 49364, 49458, 49466, 49487, 49540, 49567, 49751, 49770, 49807, 49941, 49973, 50008, 50245, 50264, 50289, 50295, 50385, 50449, 50460, 50687, 50760, 50815, 50938, 50983, 51064, 51068, 51124, 51142, 51145, 51215, 51254, 51547, 51554, 51593, 51638, 51659, 51690, 51986, 52068, 52137, 52480, 52602, 52683, 52693, 52726, 52735, 52770, 52949, 52971, 53034, 53079, 53091, 53246, 53360, 53369, 53641, 53784, 53822, 53838, 54012, 54017, 54026, 54184, 54448, 54459, 54527, 54549, 54560, 54904, 54947, 54949, 55010, 55051, 55095, 55306, 55383, 55412, 55506, 55509, 55542, 55822, 55849, 55876, 55901, 55960, 56038, 56174, 56198, 56210, 56223, 56237, 56366, 56387, 56407, 56412, 56607, 56671, 56822, 56829, 56913, 56916, 56956, 56967, 56975, 57187, 57295, 57368, 57434, 57508, 57559, 57647, 57666, 57668, 57798, 57801, 57814, 57946, 58060, 58062, 58151, 58163, 58203, 58366, 58381, 58458, 58494, 58605, 58635, 58655, 58666, 58700, 58831, 58838, 58973, 59069, 59112, 59151, 59167, 59176, 59183, 59277, 59295, 59467, 59489, 59498, 59760, 59843, 59980, 60174, 60198, 60251, 60390, 60472, 60491, 60560, 60598, 60600, 60642, 60716, 60820, 61157, 61180, 61359, 61439, 61479, 61628, 61750, 61892, 61896, 62040, 62200, 62225, 62242, 62311, 62426, 62431, 62486, 62539, 62590, 62638, 62652, 62660, 62704, 63019, 63057, 63109, 63115, 63117, 63240, 63244, 63437, 63559, 63629, 63827, 63830, 63840, 63868, 63875, 63877, 63883, 63950, 63970, 64067, 64081, 64161, 64190, 64214, 64269, 64341, 64403, 64572, 64574, 64619, 64654, 64665, 64679, 64685, 64743, 64796, 64836, 64945, 64985, 65114, 65172, 65203, 65337, 65461, 65498, 65566, 65570, 65599, 65657, 65676, 65718, 65800, 65980, 66006, 66022, 66033, 66036, 66058, 66061, 66098, 66222, 66233, 66401, 66469, 66730, 66734, 66740, 66750, 66756, 66768, 66803, 67189, 67223, 67350, 67449, 67670, 67719, 67894, 67938, 67955, 67959, 67988, 68267, 68398, 68434, 68470, 68735, 68855, 69036, 69097, 69143, 69238, 69250, 69308, 69342, 69365, 69394, 69433, 69439, 69595, 69609, 69902, 70099, 70100, 70112, 70148, 70151, 70241, 70485, 70686, 70743, 70748, 70758, 70794, 70866, 71223, 71329, 71441, 71547, 71553, 71618, 71624, 71681, 71854, 72079, 72081, 72157, 72161, 72246, 72274, 72405, 72423, 72490, 72562, 72570, 72579, 72634, 72770, 72819, 72972, 73000, 73299, 73474, 73495, 73589, 73617, 73742, 73744, 73766, 73785, 73962, 74080, 74208, 74277, 74296, 74347, 74380, 74612, 74615, 74653, 74680, 74941, 75119, 75132, 75359, 75400, 75401, 75762, 75768, 75787, 75875, 75879, 75977, 76071, 76075, 76215, 76338, 76394, 76438, 76882, 76885, 76920, 76952, 77019, 77129, 77194, 77292, 77528, 77542, 77757, 77854, 77858, 77887, 77915, 77917, 78090, 78174, 78186, 78236, 78341, 78426, 78551, 78672, 78765, 78777, 78902, 78921, 78999, 79011, 79154, 79155, 79224, 79413, 79418, 79467, 79468, 79644, 79656, 79978, 80021, 80042, 80111, 80116, 80120, 80218, 80398, 80421, 80479, 80498, 80527, 80531, 80554, 80595, 80600, 80602, 80633, 80866, 81358, 81362, 81415, 81498, 81544, 81881, 81898, 81900, 81964, 81971, 82010, 82069, 82142, 82161, 82561, 82562, 82590, 82734, 82870, 82884, 82888, 82889, 83089, 83371, 83489, 83492, 83746, 83812, 83827, 83831, 83877, 83929, 83998, 84135, 84463, 84509, 84800, 85010, 85451, 85570, 85838, 85840, 85851, 85859, 85874, 85934, 86089, 86108, 86139, 86234, 86260, 86364, 86486, 86514, 86746, 86755, 86824, 86839, 86892, 87010, 87034, 87038, 87177, 87264, 87294, 87300, 87332, 87336, 87375, 87485, 87584, 87607, 87716, 88032, 88201, 88356, 88357, 88658, 88661, 88708, 88768, 88884, 88913, 88948, 88987, 89072, 89110, 89114, 89458, 89462, 89634, 89641, 89837, 89882, 89922, 90053, 90065, 90104, 90450, 90452, 90453, 90466, 90577, 90671, 90850, 90911, 90954, 90986, 91012, 91015, 91031, 91033, 91060, 91321, 91521, 91549, 91586, 91612, 91654, 91700, 91927, 91969, 92008, 92015, 92093, 92151, 92194, 92236, 92243, 92248, 92391, 92540, 92818, 92876, 92881, 92975, 93155, 93157, 93160, 93174, 93179, 93330, 93363, 93376, 93396, 93530, 93561, 93563, 93565, 93579, 93633, 93661, 93684, 93725, 93820, 93837, 93859, 93885, 93903, 93910, 94143, 94145, 94260, 94404, 94413, 94533, 94597, 94680, 94705, 94752, 94787, 94797, 94954, 94963, 94967, 95045, 95048, 95062, 95145, 95198, 95255, 95258, 95357, 95774, 95839, 95887, 96146, 96241, 96431, 96615, 96641, 96819, 96865, 97026, 97057, 97069, 97128, 97163, 97202, 97391, 97404, 97479, 97492, 97499, 97607, 97701, 98057, 98225, 98511, 98541, 98545, 98590, 98621, 98636, 98926, 98954, 99024, 99031, 99104, 99129, 99179, 99211, 99260, 99370, 99452, 99500, 99570, 99627, 99774, 99798, 99883, 99923, 99930, 99981, 100052, 100131, 100143, 100152, 100194, 100238, 100260, 100315, 100352, 100353, 100354, 100578, 100579, 100736, 100754, 100773, 100775, 100884, 100886, 100974, 101025, 101178, 101181, 101212, 101219, 101271, 101371, 101383, 101388, 101422, 101468, 101558, 101562, 101872, 101994, 102117, 102134, 102336, 102352, 102382, 102417, 102490, 102523, 102527, 102531, 102532, 102576, 102661, 102720, 102750, 102754, 102795, 102954, 103032, 103038, 103052, 103059, 103201, 103437, 103453, 103935, 104000, 104001, 104177, 104194, 104277, 104278, 104437, 104473, 104483, 104490, 104548, 105035, 105038, 105161, 105197, 105406, 105412, 105568, 105590, 105621, 105680, 105827, 105849, 105980, 105990, 106121, 106205, 106232, 106339, 106392, 106644, 106704, 106763, 106833, 106866, 106913, 106945, 107034, 107050, 107159, 107161, 107608, 107678, 107705, 107772, 107791, 107877, 107885, 108098, 108113, 108126, 108156, 108366, 108397, 108406, 108424, 108437, 108456, 108486, 108547, 108626, 108776, 108823, 108883, 108958, 108991, 109042, 109104, 109204, 109229, 109330, 109338, 109371, 109534, 109546, 109580, 109605, 109696, 109712, 109793, 109822, 109843, 110003, 110212, 110223, 110257, 110259, 110327, 110403, 110487, 110499, 110519, 110626, 110648, 110685, 110740, 110743, 110755, 110773, 110812, 110937, 110975, 110994, 111161, 111244, 111385, 111607, 111640, 111641, 111642, 111832, 111932, 111933, 111942, 111958, 112069, 112125, 112159, 112256, 112363, 112428, 112430, 112509, 112528, 112605, 112606, 112615, 112634, 112711, 112734, 112751, 112957, 112976, 113178, 113253, 113309, 113390, 113591, 113728, 114098, 114111, 114140, 114148, 114626, 114715, 114804, 114820, 115017, 115209, 115214, 115221, 115260, 115335, 115345, 115356, 115420, 115557, 115558, 115678, 115710, 115731, 115741, 115786, 115788, 115796, 116046, 116128, 116214, 116228, 116330, 116331, 116515, 116757, 116869, 116883, 116886, 116901, 116919, 116941, 117004, 117121, 117169, 117171, 117370, 117387, 117464, 117615, 117775, 117780, 117863, 117867, 118013, 118014, 118116, 118170, 118173, 118261, 118306, 118312, 118328, 118344, 118406, 118478, 118483, 118520, 118749, 118760, 118770, 118859, 118942, 119317, 119359, 119364, 119368, 119416, 119449, 119518, 119523, 119528, 119546, 119558, 119582, 119593, 119600, 119664, 119665, 119711, 119907, 120017, 120032, 120103, 120335, 120463, 120482, 120507, 120525, 120626, 120646, 120678, 120750, 120779, 120851, 121073, 121189, 121209, 121210, 121218, 121270, 121655, 121722, 121726, 121760, 121839, 121864, 121928, 121969, 122131, 122169, 122178, 122182, 122337, 122387, 122391, 122668, 122710, 122718, 122741, 122755, 122862, 122865, 122911, 123021, 123043, 123065, 123284, 123433, 123456, 123670, 123696, 123788, 123878, 123909, 123958, 124033, 124078, 124128, 124150, 124306, 124319, 124370, 124390, 124407, 124430, 124458, 124618, 124631, 124634, 124689, 124763, 124829, 124945, 125009, 125040, 125061, 125063, 125136, 125137, 125156, 125164, 125400, 125678, 125733, 125774, 125784, 125786, 125854, 125937, 125954, 125957, 125993, 126063, 126466, 126543, 126760, 126933, 126945, 126976, 127016, 127111, 127115, 127193, 127614, 127626, 127635, 127691, 127712, 127886, 127974, 128089, 128114, 128160, 128297, 128378, 128545, 128598, 128685, 128792, 128817, 128833, 128929, 129361, 129635, 129732, 129843, 129847, 129945, 130134, 130153, 130165, 130240, 130356, 130401, 130414, 130429, 130442, 130601, 130660, 130838, 130842, 130922, 131215, 131221, 131266, 131322, 131330, 131402, 131492, 131525, 131565, 131588, 131592, 131940, 131987, 132121, 132221, 132244, 132282, 132342, 132387, 132594, 132632, 132633, 133098, 133127, 133188]"
c2_degree,Greedy-f3,0.1,10%,0.1,10%,1790,16113,2666,2391,275,4157,3875,0.24048904611183516,False,120,15949,"[16, 35, 73, 84, 155, 276, 294, 384, 411, 426, 461, 463, 568, 729, 746, 749, 890, 891, 1099, 1366, 1369, 1411, 1509, 1510, 1518, 1559, 1806, 1820, 1883, 1895, 1968, 2112, 2160, 2166, 2330, 2368, 2381, 2417, 2626, 2627, 2633, 2647, 2839, 2916, 2917, 2966, 2969, 3028, 3105, 3117, 3166, 3204, 3235, 3289, 3382, 3430, 3479, 3609, 3739, 3775, 3816, 3829, 3952, 3964, 3981, 4007, 4065, 4114, 4374, 4473, 4502, 4679, 4882, 4906, 5034, 5089, 5209, 5291, 5415, 5480, 5639, 5677, 5710, 5735, 5899, 6140, 6332, 6541, 6637, 6837, 6881, 6930, 7087, 7090, 7103, 7291, 7359, 7432, 7521, 7588, 7599, 7706, 7707, 7821, 7933, 7980, 7991, 8507, 8561, 8620, 8842, 8912, 8924, 9039, 9151, 9283, 9284, 9316, 9317, 9342, 9387, 9488, 9504, 9540, 9676, 9886, 9900, 10000, 10056, 10191, 10195, 10565, 10679, 10864, 10905, 11020, 11038, 11197, 11198, 11472, 11531, 11925, 12008, 12166, 12265, 12338, 12407, 12410, 12462, 12504, 12505, 12547, 12630, 12645, 12646, 12667, 12837, 12860, 13023, 13046, 13080, 13086, 13219, 13590, 14129, 14208, 14213, 14362, 14507, 14646, 14691, 14715, 14816, 14824, 15049, 15052, 15182, 15212, 15213, 15226, 15309, 15351, 15413, 15467, 15483, 15569, 15577, 15587, 15647, 15765, 15788, 15846, 15847, 15975, 15976, 15977, 16110, 16111, 16163, 16236, 16237, 16246, 16337, 16463, 16540, 16542, 16666, 16700, 16752, 16789, 16795, 16854, 16877, 16879, 16881, 16959, 16961, 17075, 17147, 17265, 17266, 17279, 17280, 17287, 17565, 17566, 17663, 17689, 17737, 17738, 17764, 17968, 18018, 18176, 18243, 18257, 18327, 18342, 18459, 18506, 18600, 18860, 18953, 18957, 18958, 18984, 19023, 19149, 19204, 19363, 19389, 19413, 19417, 19445, 19575, 19830, 19893, 19898, 19945, 19981, 20031, 20129, 20143, 20204, 20205, 20207, 20211, 20245, 20490, 20514, 20600, 20665, 20684, 20692, 20698, 20749, 20771, 20780, 20803, 20857, 21140, 21203, 21275, 21298, 21300, 21306, 21339, 21374, 21377, 21388, 21466, 21479, 21538, 21542, 21567, 21629, 21737, 21758, 21764, 21937, 22017, 22174, 22313, 22342, 22432, 22462, 22528, 22570, 22670, 22770, 22836, 22851, 23091, 23108, 23140, 23156, 23253, 23280, 23283, 23347, 23360, 23632, 23908, 23914, 23919, 24197, 24198, 24313, 24393, 24413, 24443, 24500, 24617, 24761, 24762, 24798, 24832, 24932, 25243, 25304, 25305, 25385, 25401, 25588, 25618, 25626, 25628, 25697, 25706, 25851, 25898, 25915, 26085, 26187, 26299, 26308, 26359, 26393, 26413, 26433, 26436, 26590, 26736, 26896, 26903, 26908, 26933, 26994, 27036, 27160, 27189, 27331, 27442, 27493, 27498, 27579, 27587, 27633, 27738, 27805, 27806, 27862, 27902, 27943, 28022, 28027, 28188, 28236, 28247, 28283, 28377, 28384, 28391, 28393, 28416, 28429, 28536, 28704, 28718, 28808, 28810, 28827, 28890, 28895, 28935, 28964, 29006, 29121, 29127, 29202, 29226, 29295, 29366, 29403, 29430, 29508, 29557, 29606, 29798, 29833, 29835, 29895, 29903, 29996, 30132, 30202, 30400, 30524, 30614, 30664, 30693, 30704, 30790, 30828, 30912, 30947, 31103, 31116, 31138, 31264, 31345, 31361, 31415, 31445, 31564, 31588, 31796, 31898, 32055, 32056, 32095, 32202, 32302, 32352, 32414, 32506, 32507, 32510, 32675, 32717, 32799, 33364, 33532, 33610, 33636, 33692, 33781, 33840, 33854, 33926, 33941, 33973, 34066, 34072, 34205, 34462, 34726, 34890, 34913, 34970, 35111, 35112, 35113, 35301, 35428, 35599, 35664, 35729, 36066, 36455, 36471, 36617, 36625, 36657, 36688, 36973, 37040, 37088, 37149, 37255, 37303, 37536, 37697, 37704, 37743, 37810, 37817, 37842, 37865, 38109, 38257, 38262, 38280, 38284, 38297, 38313, 38375, 38378, 38452, 38515, 38557, 38608, 38672, 38805, 38818, 38820, 38898, 38922, 39037, 39078, 39144, 39193, 39298, 39371, 39418, 39429, 39478, 39579, 39696, 39722, 39820, 39962, 39999, 40126, 40218, 40244, 40330, 40350, 40495, 40498, 40640, 40642, 40748, 40750, 40767, 40769, 40790, 40823, 41077, 41078, 41124, 41128, 41129, 41367, 41434, 41477, 41610, 41935, 41996, 41997, 42001, 42043, 42094, 42220, 42300, 42310, 42348, 42429, 42498, 42499, 42566, 42610, 42675, 42714, 42939, 42995, 43008, 43014, 43161, 43162, 43229, 43379, 43406, 43430, 43484, 43603, 43683, 43705, 43765, 43859, 43870, 43887, 43891, 44069, 44191, 44244, 44245, 44340, 44501, 44513, 44659, 44666, 44676, 44880, 45086, 45166, 45168, 45271, 45274, 45320, 45449, 45554, 45580, 45603, 45678, 45818, 45856, 45890, 45903, 45920, 45991, 45999, 46001, 46115, 46229, 46263, 46294, 46359, 46373, 46400, 46451, 46557, 46608, 46690, 46716, 46914, 47052, 47371, 47399, 47403, 47424, 47432, 47442, 47643, 47911, 48002, 48003, 48009, 48045, 48049, 48072, 48083, 48115, 48257, 48312, 48361, 48435, 48444, 48541, 48570, 48625, 48691, 48747, 48868, 49236, 49258, 49270, 49292, 49348, 49360, 49364, 49458, 49466, 49487, 49540, 49567, 49751, 49770, 49807, 49941, 49973, 50008, 50245, 50264, 50289, 50295, 50385, 50449, 50460, 50687, 50760, 50815, 50938, 50983, 51064, 51068, 51124, 51142, 51145, 51215, 51254, 51547, 51554, 51593, 51638, 51659, 51690, 51986, 52068, 52137, 52480, 52602, 52683, 52693, 52726, 52735, 52770, 52949, 52971, 53034, 53079, 53091, 53246, 53360, 53369, 53641, 53784, 53822, 53838, 54012, 54017, 54026, 54184, 54448, 54459, 54527, 54549, 54560, 54904, 54947, 54949, 55010, 55051, 55095, 55306, 55383, 55412, 55506, 55509, 55542, 55822, 55849, 55876, 55901, 55960, 56038, 56174, 56198, 56210, 56223, 56237, 56366, 56387, 56407, 56412, 56607, 56671, 56822, 56829, 56913, 56916, 56956, 56967, 56975, 57187, 57295, 57368, 57434, 57508, 57559, 57647, 57666, 57668, 57798, 57801, 57814, 57946, 58060, 58062, 58151, 58163, 58203, 58366, 58381, 58458, 58494, 58605, 58635, 58655, 58666, 58700, 58831, 58838, 58973, 59069, 59112, 59151, 59167, 59176, 59183, 59277, 59295, 59467, 59489, 59498, 59760, 59843, 59980, 60174, 60198, 60251, 60390, 60472, 60491, 60560, 60598, 60600, 60642, 60716, 60820, 61157, 61180, 61359, 61439, 61479, 61628, 61750, 61892, 61896, 62040, 62200, 62225, 62242, 62311, 62426, 62431, 62486, 62539, 62590, 62638, 62652, 62660, 62704, 63019, 63057, 63109, 63115, 63117, 63240, 63244, 63437, 63559, 63629, 63827, 63830, 63840, 63868, 63875, 63877, 63883, 63950, 63970, 64067, 64081, 64161, 64190, 64214, 64269, 64341, 64403, 64572, 64574, 64619, 64654, 64665, 64679, 64685, 64743, 64796, 64836, 64945, 64985, 65114, 65172, 65203, 65337, 65461, 65498, 65566, 65570, 65599, 65657, 65676, 65718, 65800, 65980, 66006, 66022, 66033, 66036, 66058, 66061, 66098, 66222, 66233, 66401, 66469, 66730, 66734, 66740, 66750, 66756, 66768, 66803, 67189, 67223, 67350, 67449, 67670, 67719, 67894, 67938, 67955, 67959, 67988, 68267, 68398, 68434, 68470, 68735, 68855, 69036, 69097, 69143, 69238, 69250, 69308, 69342, 69365, 69394, 69433, 69439, 69595, 69609, 69902, 70099, 70100, 70112, 70148, 70151, 70241, 70485, 70686, 70743, 70748, 70758, 70794, 70866, 71223, 71329, 71441, 71547, 71553, 71618, 71624, 71681, 71854, 72079, 72081, 72157, 72161, 72246, 72274, 72405, 72423, 72490, 72562, 72570, 72579, 72634, 72770, 72819, 72972, 73000, 73299, 73474, 73495, 73589, 73617, 73742, 73744, 73766, 73785, 73962, 74080, 74208, 74277, 74296, 74347, 74380, 74612, 74615, 74653, 74680, 74941, 75119, 75132, 75359, 75400, 75401, 75762, 75768, 75787, 75875, 75879, 75977, 76071, 76075, 76215, 76338, 76394, 76438, 76882, 76885, 76920, 76952, 77019, 77129, 77194, 77292, 77528, 77542, 77757, 77854, 77858, 77887, 77915, 77917, 78090, 78174, 78186, 78236, 78341, 78426, 78551, 78672, 78765, 78777, 78902, 78921, 78999, 79011, 79154, 79155, 79224, 79413, 79418, 79467, 79468, 79644, 79656, 79978, 80021, 80042, 80111, 80116, 80120, 80218, 80398, 80421, 80479, 80498, 80527, 80531, 80554, 80595, 80600, 80602, 80633, 80866, 81358, 81362, 81415, 81498, 81544, 81881, 81898, 81900, 81964, 81971, 82010, 82069, 82142, 82161, 82561, 82562, 82590, 82734, 82870, 82884, 82888, 82889, 83089, 83371, 83489, 83492, 83746, 83812, 83827, 83831, 83877, 83929, 83998, 84135, 84463, 84509, 84800, 85010, 85451, 85570, 85838, 85840, 85851, 85859, 85874, 85934, 86089, 86108, 86139, 86234, 86260, 86364, 86486, 86514, 86746, 86755, 86824, 86839, 86892, 87010, 87034, 87038, 87177, 87264, 87294, 87300, 87332, 87336, 87375, 87485, 87584, 87607, 87716, 88032, 88201, 88356, 88357, 88658, 88661, 88708, 88768, 88884, 88913, 88948, 88987, 89072, 89110, 89114, 89458, 89462, 89634, 89641, 89837, 89882, 89922, 90053, 90065, 90104, 90450, 90452, 90453, 90466, 90577, 90671, 90850, 90911, 90954, 90986, 91012, 91015, 91031, 91033, 91060, 91321, 91521, 91549, 91586, 91612, 91654, 91700, 91927, 91969, 92008, 92015, 92093, 92151, 92194, 92236, 92243, 92248, 92391, 92540, 92818, 92876, 92881, 92975, 93155, 93157, 93160, 93174, 93179, 93330, 93363, 93376, 93396, 93530, 93561, 93563, 93565, 93579, 93633, 93661, 93684, 93725, 93820, 93837, 93859, 93885, 93903, 93910, 94143, 94145, 94260, 94404, 94413, 94533, 94597, 94680, 94705, 94752, 94787, 94797, 94954, 94963, 94967, 95045, 95048, 95062, 95145, 95198, 95255, 95258, 95357, 95774, 95839, 95887, 96146, 96241, 96431, 96615, 96641, 96819, 96865, 97026, 97057, 97069, 97128, 97163, 97202, 97391, 97404, 97479, 97492, 97499, 97607, 97701, 98057, 98225, 98511, 98541, 98545, 98590, 98621, 98636, 98926, 98954, 99024, 99031, 99104, 99129, 99179, 99211, 99260, 99370, 99452, 99500, 99570, 99627, 99774, 99798, 99883, 99923, 99930, 99981, 100052, 100131, 100143, 100152, 100194, 100238, 100260, 100315, 100352, 100353, 100354, 100578, 100579, 100736, 100754, 100773, 100775, 100884, 100886, 100974, 101025, 101178, 101181, 101212, 101219, 101271, 101371, 101383, 101388, 101422, 101468, 101558, 101562, 101872, 101994, 102117, 102134, 102336, 102352, 102382, 102417, 102490, 102523, 102527, 102531, 102532, 102576, 102661, 102720, 102750, 102754, 102795, 102954, 103032, 103038, 103052, 103059, 103201, 103437, 103453, 103935, 104000, 104001, 104177, 104194, 104277, 104278, 104437, 104473, 104483, 104490, 104548, 105035, 105038, 105161, 105197, 105406, 105412, 105568, 105590, 105621, 105680, 105827, 105849, 105980, 105990, 106121, 106205, 106232, 106339, 106392, 106644, 106704, 106763, 106833, 106866, 106913, 106945, 107034, 107050, 107159, 107161, 107608, 107678, 107705, 107772, 107791, 107877, 107885, 108098, 108113, 108126, 108156, 108366, 108397, 108406, 108424, 108437, 108456, 108486, 108547, 108626, 108776, 108823, 108883, 108958, 108991, 109042, 109104, 109204, 109229, 109330, 109338, 109371, 109534, 109546, 109580, 109605, 109696, 109712, 109793, 109822, 109843, 110003, 110212, 110223, 110257, 110259, 110327, 110403, 110487, 110499, 110519, 110626, 110648, 110685, 110740, 110743, 110755, 110773, 110812, 110937, 110975, 110994, 111161, 111244, 111385, 111607, 111640, 111641, 111642, 111832, 111932, 111933, 111942, 111958, 112069, 112125, 112159, 112256, 112363, 112428, 112430, 112509, 112528, 112605, 112606, 112615, 112634, 112711, 112734, 112751, 112957, 112976, 113178, 113253, 113309, 113390, 113591, 113728, 114098, 114111, 114140, 114148, 114626, 114715, 114804, 114820, 115017, 115209, 115214, 115221, 115260, 115335, 115345, 115356, 115420, 115557, 115558, 115678, 115710, 115731, 115741, 115786, 115788, 115796, 116046, 116128, 116214, 116228, 116330, 116331, 116515, 116757, 116869, 116883, 116886, 116901, 116919, 116941, 117004, 117121, 117169, 117171, 117370, 117387, 117464, 117615, 117775, 117780, 117863, 117867, 118013, 118014, 118116, 118170, 118173, 118261, 118306, 118312, 118328, 118344, 118406, 118478, 118483, 118520, 118749, 118760, 118770, 118859, 118942, 119317, 119359, 119364, 119368, 119416, 119449, 119518, 119523, 119528, 119546, 119558, 119582, 119593, 119600, 119664, 119665, 119711, 119907, 120017, 120032, 120103, 120335, 120463, 120482, 120507, 120525, 120626, 120646, 120678, 120750, 120779, 120851, 121073, 121189, 121209, 121210, 121218, 121270, 121655, 121722, 121726, 121760, 121839, 121864, 121928, 121969, 122131, 122169, 122178, 122182, 122337, 122387, 122391, 122668, 122710, 122718, 122741, 122755, 122862, 122865, 122911, 123021, 123043, 123065, 123284, 123433, 123456, 123670, 123696, 123788, 123878, 123909, 123958, 124033, 124078, 124128, 124150, 124306, 124319, 124370, 124390, 124407, 124430, 124458, 124618, 124631, 124634, 124689, 124763, 124829, 124945, 125009, 125040, 125061, 125063, 125136, 125137, 125156, 125164, 125400, 125678, 125733, 125774, 125784, 125786, 125854, 125937, 125954, 125957, 125993, 126063, 126466, 126543, 126760, 126933, 126945, 126976, 127016, 127111, 127115, 127193, 127614, 127626, 127635, 127691, 127712, 127886, 127974, 128089, 128114, 128160, 128297, 128378, 128545, 128598, 128685, 128792, 128817, 128833, 128929, 129361, 129635, 129732, 129843, 129847, 129945, 130134, 130153, 130165, 130240, 130356, 130401, 130414, 130429, 130442, 130601, 130660, 130838, 130842, 130922, 131215, 131221, 131266, 131322, 131330, 131402, 131492, 131525, 131565, 131588, 131592, 131940, 131987, 132121, 132221, 132244, 132282, 132342, 132387, 132594, 132632, 132633, 133098, 133127, 133188]"
c2_degree,WTSS,0.1,10%,0.1,10%,1790,16113,3289,2971,318,3822,3499,0.21715385092782225,False,120,15949,"[16, 35, 73, 84, 155, 276, 294, 384, 411, 426, 461, 463, 568, 729, 746, 749, 890, 891, 1099, 1366, 1369, 1411, 1509, 1510, 1518, 1559, 1806, 1820, 1883, 1895, 1968, 2112, 2160, 2166, 2330, 2368, 2381, 2417, 2626, 2627, 2633, 2647, 2839, 2916, 2917, 2966, 2969, 3028, 3105, 3117, 3166, 3204, 3235, 3289, 3382, 3430, 3479, 3609, 3739, 3775, 3816, 3829, 3952, 3964, 3981, 4007, 4065, 4114, 4374, 4473, 4502, 4679, 4882, 4906, 5034, 5089, 5209, 5291, 5415, 5480, 5639, 5677, 5710, 5735, 5899, 6140, 6332, 6541, 6637, 6837, 6881, 6930, 7087, 7090, 7103, 7291, 7359, 7432, 7521, 7588, 7599, 7706, 7707, 7821, 7933, 7980, 7991, 8507, 8561, 8620, 8842, 8912, 8924, 9039, 9151, 9283, 9284, 9316, 9317, 9342, 9387, 9488, 9504, 9540, 9676, 9886, 9900, 10000, 10056, 10191, 10195, 10565, 10679, 10864, 10905, 11020, 11038, 11197, 11198, 11472, 11531, 11925, 12008, 12166, 12265, 12338, 12407, 12410, 12462, 12504, 12505, 12547, 12630, 12645, 12646, 12667, 12837, 12860, 13023, 13046, 13080, 13086, 13219, 13590, 14129, 14208, 14213, 14362, 14507, 14646, 14691, 14715, 14816, 14824, 15049, 15052, 15182, 15212, 15213, 15226, 15309, 15351, 15413, 15467, 15483, 15569, 15577, 15587, 15647, 15765, 15788, 15846, 15847, 15975, 15976, 15977, 16110, 16111, 16163, 16236, 16237, 16246, 16337, 16463, 16540, 16542, 16666, 16700, 16752, 16789, 16795, 16854, 16877, 16879, 16881, 16959, 16961, 17075, 17147, 17265, 17266, 17279, 17280, 17287, 17565, 17566, 17663, 17689, 17737, 17738, 17764, 17968, 18018, 18176, 18243, 18257, 18327, 18342, 18459, 18506, 18600, 18860, 18953, 18957, 18958, 18984, 19023, 19149, 19204, 19363, 19389, 19413, 19417, 19445, 19575, 19830, 19893, 19898, 19945, 19981, 20031, 20129, 20143, 20204, 20205, 20207, 20211, 20245, 20490, 20514, 20600, 20665, 20684, 20692, 20698, 20749, 20771, 20780, 20803, 20857, 21140, 21203, 21275, 21298, 21300, 21306, 21339, 21374, 21377, 21388, 21466, 21479, 21538, 21542, 21567, 21629, 21737, 21758, 21764, 21937, 22017, 22174, 22313, 22342, 22432, 22462, 22528, 22570, 22670, 22770, 22836, 22851, 23091, 23108, 23140, 23156, 23253, 23280, 23283, 23347, 23360, 23632, 23908, 23914, 23919, 24197, 24198, 24313, 24393, 24413, 24443, 24500, 24617, 24761, 24762, 24798, 24832, 24932, 25243, 25304, 25305, 25385, 25401, 25588, 25618, 25626, 25628, 25697, 25706, 25851, 25898, 25915, 26085, 26187, 26299, 26308, 26359, 26393, 26413, 26433, 26436, 26590, 26736, 26896, 26903, 26908, 26933, 26994, 27036, 27160, 27189, 27331, 27442, 27493, 27498, 27579, 27587, 27633, 27738, 27805, 27806, 27862, 27902, 27943, 28022, 28027, 28188, 28236, 28247, 28283, 28377, 28384, 28391, 28393, 28416, 28429, 28536, 28704, 28718, 28808, 28810, 28827, 28890, 28895, 28935, 28964, 29006, 29121, 29127, 29202, 29226, 29295, 29366, 29403, 29430, 29508, 29557, 29606, 29798, 29833, 29835, 29895, 29903, 29996, 30132, 30202, 30400, 30524, 30614, 30664, 30693, 30704, 30790, 30828, 30912, 30947, 31103, 31116, 31138, 31264, 31345, 31361, 31415, 31445, 31564, 31588, 31796, 31898, 32055, 32056, 32095, 32202, 32302, 32352, 32414, 32506, 32507, 32510, 32675, 32717, 32799, 33364, 33532, 33610, 33636, 33692, 33781, 33840, 33854, 33926, 33941, 33973, 34066, 34072, 34205, 34462, 34726, 34890, 34913, 34970, 35111, 35112, 35113, 35301, 35428, 35599, 35664, 35729, 36066, 36455, 36471, 36617, 36625, 36657, 36688, 36973, 37040, 37088, 37149, 37255, 37303, 37536, 37697, 37704, 37743, 37810, 37817, 37842, 37865, 38109, 38257, 38262, 38280, 38284, 38297, 38313, 38375, 38378, 38452, 38515, 38557, 38608, 38672, 38805, 38818, 38820, 38898, 38922, 39037, 39078, 39144, 39193, 39298, 39371, 39418, 39429, 39478, 39579, 39696, 39722, 39820, 39962, 39999, 40126, 40218, 40244, 40330, 40350, 40495, 40498, 40640, 40642, 40748, 40750, 40767, 40769, 40790, 40823, 41077, 41078, 41124, 41128, 41129, 41367, 41434, 41477, 41610, 41935, 41996, 41997, 42001, 42043, 42094, 42220, 42300, 42310, 42348, 42429, 42498, 42499, 42566, 42610, 42675, 42714, 42939, 42995, 43008, 43014, 43161, 43162, 43229, 43379, 43406, 43430, 43484, 43603, 43683, 43705, 43765, 43859, 43870, 43887, 43891, 44069, 44191, 44244, 44245, 44340, 44501, 44513, 44659, 44666, 44676, 44880, 45086, 45166, 45168, 45271, 45274, 45320, 45449, 45554, 45580, 45603, 45678, 45818, 45856, 45890, 45903, 45920, 45991, 45999, 46001, 46115, 46229, 46263, 46294, 46359, 46373, 46400, 46451, 46557, 46608, 46690, 46716, 46914, 47052, 47371, 47399, 47403, 47424, 47432, 47442, 47643, 47911, 48002, 48003, 48009, 48045, 48049, 48072, 48083, 48115, 48257, 48312, 48361, 48435, 48444, 48541, 48570, 48625, 48691, 48747, 48868, 49236, 49258, 49270, 49292, 49348, 49360, 49364, 49458, 49466, 49487, 49540, 49567, 49751, 49770, 49807, 49941, 49973, 50008, 50245, 50264, 50289, 50295, 50385, 50449, 50460, 50687, 50760, 50815, 50938, 50983, 51064, 51068, 51124, 51142, 51145, 51215, 51254, 51547, 51554, 51593, 51638, 51659, 51690, 51986, 52068, 52137, 52480, 52602, 52683, 52693, 52726, 52735, 52770, 52949, 52971, 53034, 53079, 53091, 53246, 53360, 53369, 53641, 53784, 53822, 53838, 54012, 54017, 54026, 54184, 54448, 54459, 54527, 54549, 54560, 54904, 54947, 54949, 55010, 55051, 55095, 55306, 55383, 55412, 55506, 55509, 55542, 55822, 55849, 55876, 55901, 55960, 56038, 56174, 56198, 56210, 56223, 56237, 56366, 56387, 56407, 56412, 56607, 56671, 56822, 56829, 56913, 56916, 56956, 56967, 56975, 57187, 57295, 57368, 57434, 57508, 57559, 57647, 57666, 57668, 57798, 57801, 57814, 57946, 58060, 58062, 58151, 58163, 58203, 58366, 58381, 58458, 58494, 58605, 58635, 58655, 58666, 58700, 58831, 58838, 58973, 59069, 59112, 59151, 59167, 59176, 59183, 59277, 59295, 59467, 59489, 59498, 59760, 59843, 59980, 60174, 60198, 60251, 60390, 60472, 60491, 60560, 60598, 60600, 60642, 60716, 60820, 61157, 61180, 61359, 61439, 61479, 61628, 61750, 61892, 61896, 62040, 62200, 62225, 62242, 62311, 62426, 62431, 62486, 62539, 62590, 62638, 62652, 62660, 62704, 63019, 63057, 63109, 63115, 63117, 63240, 63244, 63437, 63559, 63629, 63827, 63830, 63840, 63868, 63875, 63877, 63883, 63950, 63970, 64067, 64081, 64161, 64190, 64214, 64269, 64341, 64403, 64572, 64574, 64619, 64654, 64665, 64679, 64685, 64743, 64796, 64836, 64945, 64985, 65114, 65172, 65203, 65337, 65461, 65498, 65566, 65570, 65599, 65657, 65676, 65718, 65800, 65980, 66006, 66022, 66033, 66036, 66058, 66061, 66098, 66222, 66233, 66401, 66469, 66730, 66734, 66740, 66750, 66756, 66768, 66803, 67189, 67223, 67350, 67449, 67670, 67719, 67894, 67938, 67955, 67959, 67988, 68267, 68398, 68434, 68470, 68735, 68855, 69036, 69097, 69143, 69238, 69250, 69308, 69342, 69365, 69394, 69433, 69439, 69595, 69609, 69902, 70099, 70100, 70112, 70148, 70151, 70241, 70485, 70686, 70743, 70748, 70758, 70794, 70866, 71223, 71329, 71441, 71547, 71553, 71618, 71624, 71681, 71854, 72079, 72081, 72157, 72161, 72246, 72274, 72405, 72423, 72490, 72562, 72570, 72579, 72634, 72770, 72819, 72972, 73000, 73299, 73474, 73495, 73589, 73617, 73742, 73744, 73766, 73785, 73962, 74080, 74208, 74277, 74296, 74347, 74380, 74612, 74615, 74653, 74680, 74941, 75119, 75132, 75359, 75400, 75401, 75762, 75768, 75787, 75875, 75879, 75977, 76071, 76075, 76215, 76338, 76394, 76438, 76882, 76885, 76920, 76952, 77019, 77129, 77194, 77292, 77528, 77542, 77757, 77854, 77858, 77887, 77915, 77917, 78090, 78174, 78186, 78236, 78341, 78426, 78551, 78672, 78765, 78777, 78902, 78921, 78999, 79011, 79154, 79155, 79224, 79413, 79418, 79467, 79468, 79644, 79656, 79978, 80021, 80042, 80111, 80116, 80120, 80218, 80398, 80421, 80479, 80498, 80527, 80531, 80554, 80595, 80600, 80602, 80633, 80866, 81358, 81362, 81415, 81498, 81544, 81881, 81898, 81900, 81964, 81971, 82010, 82069, 82142, 82161, 82561, 82562, 82590, 82734, 82870, 82884, 82888, 82889, 83089, 83371, 83489, 83492, 83746, 83812, 83827, 83831, 83877, 83929, 83998, 84135, 84463, 84509, 84800, 85010, 85451, 85570, 85838, 85840, 85851, 85859, 85874, 85934, 86089, 86108, 86139, 86234, 86260, 86364, 86486, 86514, 86746, 86755, 86824, 86839, 86892, 87010, 87034, 87038, 87177, 87264, 87294, 87300, 87332, 87336, 87375, 87485, 87584, 87607, 87716, 88032, 88201, 88356, 88357, 88658, 88661, 88708, 88768, 88884, 88913, 88948, 88987, 89072, 89110, 89114, 89458, 89462, 89634, 89641, 89837, 89882, 89922, 90053, 90065, 90104, 90450, 90452, 90453, 90466, 90577, 90671, 90850, 90911, 90954, 90986, 91012, 91015, 91031, 91033, 91060, 91321, 91521, 91549, 91586, 91612, 91654, 91700, 91927, 91969, 92008, 92015, 92093, 92151, 92194, 92236, 92243, 92248, 92391, 92540, 92818, 92876, 92881, 92975, 93155, 93157, 93160, 93174, 93179, 93330, 93363, 93376, 93396, 93530, 93561, 93563, 93565, 93579, 93633, 93661, 93684, 93725, 93820, 93837, 93859, 93885, 93903, 93910, 94143, 94145, 94260, 94404, 94413, 94533, 94597, 94680, 94705, 94752, 94787, 94797, 94954, 94963, 94967, 95045, 95048, 95062, 95145, 95198, 95255, 95258, 95357, 95774, 95839, 95887, 96146, 96241, 96431, 96615, 96641, 96819, 96865, 97026, 97057, 97069, 97128, 97163, 97202, 97391, 97404, 97479, 97492, 97499, 97607, 97701, 98057, 98225, 98511, 98541, 98545, 98590, 98621, 98636, 98926, 98954, 99024, 99031, 99104, 99129, 99179, 99211, 99260, 99370, 99452, 99500, 99570, 99627, 99774, 99798, 99883, 99923, 99930, 99981, 100052, 100131, 100143, 100152, 100194, 100238, 100260, 100315, 100352, 100353, 100354, 100578, 100579, 100736, 100754, 100773, 100775, 100884, 100886, 100974, 101025, 101178, 101181, 101212, 101219, 101271, 101371, 101383, 101388, 101422, 101468, 101558, 101562, 101872, 101994, 102117, 102134, 102336, 102352, 102382, 102417, 102490, 102523, 102527, 102531, 102532, 102576, 102661, 102720, 102750, 102754, 102795, 102954, 103032, 103038, 103052, 103059, 103201, 103437, 103453, 103935, 104000, 104001, 104177, 104194, 104277, 104278, 104437, 104473, 104483, 104490, 104548, 105035, 105038, 105161, 105197, 105406, 105412, 105568, 105590, 105621, 105680, 105827, 105849, 105980, 105990, 106121, 106205, 106232, 106339, 106392, 106644, 106704, 106763, 106833, 106866, 106913, 106945, 107034, 107050, 107159, 107161, 107608, 107678, 107705, 107772, 107791, 107877, 107885, 108098, 108113, 108126, 108156, 108366, 108397, 108406, 108424, 108437, 108456, 108486, 108547, 108626, 108776, 108823, 108883, 108958, 108991, 109042, 109104, 109204, 109229, 109330, 109338, 109371, 109534, 109546, 109580, 109605, 109696, 109712, 109793, 109822, 109843, 110003, 110212, 110223, 110257, 110259, 110327, 110403, 110487, 110499, 110519, 110626, 110648, 110685, 110740, 110743, 110755, 110773, 110812, 110937, 110975, 110994, 111161, 111244, 111385, 111607, 111640, 111641, 111642, 111832, 111932, 111933, 111942, 111958, 112069, 112125, 112159, 112256, 112363, 112428, 112430, 112509, 112528, 112605, 112606, 112615, 112634, 112711, 112734, 112751, 112957, 112976, 113178, 113253, 113309, 113390, 113591, 113728, 114098, 114111, 114140, 114148, 114626, 114715, 114804, 114820, 115017, 115209, 115214, 115221, 115260, 115335, 115345, 115356, 115420, 115557, 115558, 115678, 115710, 115731, 115741, 115786, 115788, 115796, 116046, 116128, 116214, 116228, 116330, 116331, 116515, 116757, 116869, 116883, 116886, 116901, 116919, 116941, 117004, 117121, 117169, 117171, 117370, 117387, 117464, 117615, 117775, 117780, 117863, 117867, 118013, 118014, 118116, 118170, 118173, 118261, 118306, 118312, 118328, 118344, 118406, 118478, 118483, 118520, 118749, 118760, 118770, 118859, 118942, 119317, 119359, 119364, 119368, 119416, 119449, 119518, 119523, 119528, 119546, 119558, 119582, 119593, 119600, 119664, 119665, 119711, 119907, 120017, 120032, 120103, 120335, 120463, 120482, 120507, 120525, 120626, 120646, 120678, 120750, 120779, 120851, 121073, 121189, 121209, 121210, 121218, 121270, 121655, 121722, 121726, 121760, 121839, 121864, 121928, 121969, 122131, 122169, 122178, 122182, 122337, 122387, 122391, 122668, 122710, 122718, 122741, 122755, 122862, 122865, 122911, 123021, 123043, 123065, 123284, 123433, 123456, 123670, 123696, 123788, 123878, 123909, 123958, 124033, 124078, 124128, 124150, 124306, 124319, 124370, 124390, 124407, 124430, 124458, 124618, 124631, 124634, 124689, 124763, 124829, 124945, 125009, 125040, 125061, 125063, 125136, 125137, 125156, 125164, 125400, 125678, 125733, 125774, 125784, 125786, 125854, 125937, 125954, 125957, 125993, 126063, 126466, 126543, 126760, 126933, 126945, 126976, 127016, 127111, 127115, 127193, 127614, 127626, 127635, 127691, 127712, 127886, 127974, 128089, 128114, 128160, 128297, 128378, 128545, 128598, 128685, 128792, 128817, 128833, 128929, 129361, 129635, 129732, 129843, 129847, 129945, 130134, 130153, 130165, 130240, 130356, 130401, 130414, 130429, 130442, 130601, 130660, 130838, 130842, 130922, 131215, 131221, 131266, 131322, 131330, 131402, 131492, 131525, 131565, 131588, 131592, 131940, 131987, 132121, 132221, 132244, 132282, 132342, 132387, 132594, 132632, 132633, 133098, 133127, 133188]"
c2_degree,My-Seeds,0.1,10%,0.1,10%,1790,16113,4236,3817,419,4511,4072,0.25271519890771427,False,120,15949,"[16, 35, 73, 84, 155, 276, 294, 384, 411, 426, 461, 463, 568, 729, 746, 749, 890, 891, 1099, 1366, 1369, 1411, 1509, 1510, 1518, 1559, 1806, 1820, 1883, 1895, 1968, 2112, 2160, 2166, 2330, 2368, 2381, 2417, 2626, 2627, 2633, 2647, 2839, 2916, 2917, 2966, 2969, 3028, 3105, 3117, 3166, 3204, 3235, 3289, 3382, 3430, 3479, 3609, 3739, 3775, 3816, 3829, 3952, 3964, 3981, 4007, 4065, 4114, 4374, 4473, 4502, 4679, 4882, 4906, 5034, 5089, 5209, 5291, 5415, 5480, 5639, 5677, 5710, 5735, 5899, 6140, 6332, 6541, 6637, 6837, 6881, 6930, 7087, 7090, 7103, 7291, 7359, 7432, 7521, 7588, 7599, 7706, 7707, 7821, 7933, 7980, 7991, 8507, 8561, 8620, 8842, 8912, 8924, 9039, 9151, 9283, 9284, 9316, 9317, 9342, 9387, 9488, 9504, 9540, 9676, 9886, 9900, 10000, 10056, 10191, 10195, 10565, 10679, 10864, 10905, 11020, 11038, 11197, 11198, 11472, 11531, 11925, 12008, 12166, 12265, 12338, 12407, 12410, 12462, 12504, 12505, 12547, 12630, 12645, 12646, 12667, 12837, 12860, 13023, 13046, 13080, 13086, 13219, 13590, 14129, 14208, 14213, 14362, 14507, 14646, 14691, 14715, 14816, 14824, 15049, 15052, 15182, 15212, 15213, 15226, 15309, 15351, 15413, 15467, 15483, 15569, 15577, 15587, 15647, 15765, 15788, 15846, 15847, 15975, 15976, 15977, 16110, 16111, 16163, 16236, 16237, 16246, 16337, 16463, 16540, 16542, 16666, 16700, 16752, 16789, 16795, 16854, 16877, 16879, 16881, 16959, 16961, 17075, 17147, 17265, 17266, 17279, 17280, 17287, 17565, 17566, 17663, 17689, 17737, 17738, 17764, 17968, 18018, 18176, 18243, 18257, 18327, 18342, 18459, 18506, 18600, 18860, 18953, 18957, 18958, 18984, 19023, 19149, 19204, 19363, 19389, 19413, 19417, 19445, 19575, 19830, 19893, 19898, 19945, 19981, 20031, 20129, 20143, 20204, 20205, 20207, 20211, 20245, 20490, 20514, 20600, 20665, 20684, 20692, 20698, 20749, 20771, 20780, 20803, 20857, 21140, 21203, 21275, 21298, 21300, 21306, 21339, 21374, 21377, 21388, 21466, 21479, 21538, 21542, 21567, 21629, 21737, 21758, 21764, 21937, 22017, 22174, 22313, 22342, 22432, 22462, 22528, 22570, 22670, 22770, 22836, 22851, 23091, 23108, 23140, 23156, 23253, 23280, 23283, 23347, 23360, 23632, 23908, 23914, 23919, 24197, 24198, 24313, 24393, 24413, 24443, 24500, 24617, 24761, 24762, 24798, 24832, 24932, 25243, 25304, 25305, 25385, 25401, 25588, 25618, 25626, 25628, 25697, 25706, 25851, 25898, 25915, 26085, 26187, 26299, 26308, 26359, 26393, 26413, 26433, 26436, 26590, 26736, 26896, 26903, 26908, 26933, 26994, 27036, 27160, 27189, 27331, 27442, 27493, 27498, 27579, 27587, 27633, 27738, 27805, 27806, 27862, 27902, 27943, 28022, 28027, 28188, 28236, 28247, 28283, 28377, 28384, 28391, 28393, 28416, 28429, 28536, 28704, 28718, 28808, 28810, 28827, 28890, 28895, 28935, 28964, 29006, 29121, 29127, 29202, 29226, 29295, 29366, 29403, 29430, 29508, 29557, 29606, 29798, 29833, 29835, 29895, 29903, 29996, 30132, 30202, 30400, 30524, 30614, 30664, 30693, 30704, 30790, 30828, 30912, 30947, 31103, 31116, 31138, 31264, 31345, 31361, 31415, 31445, 31564, 31588, 31796, 31898, 32055, 32056, 32095, 32202, 32302, 32352, 32414, 32506, 32507, 32510, 32675, 32717, 32799, 33364, 33532, 33610, 33636, 33692, 33781, 33840, 33854, 33926, 33941, 33973, 34066, 34072, 34205, 34462, 34726, 34890, 34913, 34970, 35111, 35112, 35113, 35301, 35428, 35599, 35664, 35729, 36066, 36455, 36471, 36617, 36625, 36657, 36688, 36973, 37040, 37088, 37149, 37255, 37303, 37536, 37697, 37704, 37743, 37810, 37817, 37842, 37865, 38109, 38257, 38262, 38280, 38284, 38297, 38313, 38375, 38378, 38452, 38515, 38557, 38608, 38672, 38805, 38818, 38820, 38898, 38922, 39037, 39078, 39144, 39193, 39298, 39371, 39418, 39429, 39478, 39579, 39696, 39722, 39820, 39962, 39999, 40126, 40218, 40244, 40330, 40350, 40495, 40498, 40640, 40642, 40748, 40750, 40767, 40769, 40790, 40823, 41077, 41078, 41124, 41128, 41129, 41367, 41434, 41477, 41610, 41935, 41996, 41997, 42001, 42043, 42094, 42220, 42300, 42310, 42348, 42429, 42498, 42499, 42566, 42610, 42675, 42714, 42939, 42995, 43008, 43014, 43161, 43162, 43229, 43379, 43406, 43430, 43484, 43603, 43683, 43705, 43765, 43859, 43870, 43887, 43891, 44069, 44191, 44244, 44245, 44340, 44501, 44513, 44659, 44666, 44676, 44880, 45086, 45166, 45168, 45271, 45274, 45320, 45449, 45554, 45580, 45603, 45678, 45818, 45856, 45890, 45903, 45920, 45991, 45999, 46001, 46115, 46229, 46263, 46294, 46359, 46373, 46400, 46451, 46557, 46608, 46690, 46716, 46914, 47052, 47371, 47399, 47403, 47424, 47432, 47442, 47643, 47911, 48002, 48003, 48009, 48045, 48049, 48072, 48083, 48115, 48257, 48312, 48361, 48435, 48444, 48541, 48570, 48625, 48691, 48747, 48868, 49236, 49258, 49270, 49292, 49348, 49360, 49364, 49458, 49466, 49487, 49540, 49567, 49751, 49770, 49807, 49941, 49973, 50008, 50245, 50264, 50289, 50295, 50385, 50449, 50460, 50687, 50760, 50815, 50938, 50983, 51064, 51068, 51124, 51142, 51145, 51215, 51254, 51547, 51554, 51593, 51638, 51659, 51690, 51986, 52068, 52137, 52480, 52602, 52683, 52693, 52726, 52735, 52770, 52949, 52971, 53034, 53079, 53091, 53246, 53360, 53369, 53641, 53784, 53822, 53838, 54012, 54017, 54026, 54184, 54448, 54459, 54527, 54549, 54560, 54904, 54947, 54949, 55010, 55051, 55095, 55306, 55383, 55412, 55506, 55509, 55542, 55822, 55849, 55876, 55901, 55960, 56038, 56174, 56198, 56210, 56223, 56237, 56366, 56387, 56407, 56412, 56607, 56671, 56822, 56829, 56913, 56916, 56956, 56967, 56975, 57187, 57295, 57368, 57434, 57508, 57559, 57647, 57666, 57668, 57798, 57801, 57814, 57946, 58060, 58062, 58151, 58163, 58203, 58366, 58381, 58458, 58494, 58605, 58635, 58655, 58666, 58700, 58831, 58838, 58973, 59069, 59112, 59151, 59167, 59176, 59183, 59277, 59295, 59467, 59489, 59498, 59760, 59843, 59980, 60174, 60198, 60251, 60390, 60472, 60491, 60560, 60598, 60600, 60642, 60716, 60820, 61157, 61180, 61359, 61439, 61479, 61628, 61750, 61892, 61896, 62040, 62200, 62225, 62242, 62311, 62426, 62431, 62486, 62539, 62590, 62638, 62652, 62660, 62704, 63019, 63057, 63109, 63115, 63117, 63240, 63244, 63437, 63559, 63629, 63827, 63830, 63840, 63868, 63875, 63877, 63883, 63950, 63970, 64067, 64081, 64161, 64190, 64214, 64269, 64341, 64403, 64572, 64574, 64619, 64654, 64665, 64679, 64685, 64743, 64796, 64836, 64945, 64985, 65114, 65172, 65203, 65337, 65461, 65498, 65566, 65570, 65599, 65657, 65676, 65718, 65800, 65980, 66006, 66022, 66033, 66036, 66058, 66061, 66098, 66222, 66233, 66401, 66469, 66730, 66734, 66740, 66750, 66756, 66768, 66803, 67189, 67223, 67350, 67449, 67670, 67719, 67894, 67938, 67955, 67959, 67988, 68267, 68398, 68434, 68470, 68735, 68855, 69036, 69097, 69143, 69238, 69250, 69308, 69342, 69365, 69394, 69433, 69439, 69595, 69609, 69902, 70099, 70100, 70112, 70148, 70151, 70241, 70485, 70686, 70743, 70748, 70758, 70794, 70866, 71223, 71329, 71441, 71547, 71553, 71618, 71624, 71681, 71854, 72079, 72081, 72157, 72161, 72246, 72274, 72405, 72423, 72490, 72562, 72570, 72579, 72634, 72770, 72819, 72972, 73000, 73299, 73474, 73495, 73589, 73617, 73742, 73744, 73766, 73785, 73962, 74080, 74208, 74277, 74296, 74347, 74380, 74612, 74615, 74653, 74680, 74941, 75119, 75132, 75359, 75400, 75401, 75762, 75768, 75787, 75875, 75879, 75977, 76071, 76075, 76215, 76338, 76394, 76438, 76882, 76885, 76920, 76952, 77019, 77129, 77194, 77292, 77528, 77542, 77757, 77854, 77858, 77887, 77915, 77917, 78090, 78174, 78186, 78236, 78341, 78426, 78551, 78672, 78765, 78777, 78902, 78921, 78999, 79011, 79154, 79155, 79224, 79413, 79418, 79467, 79468, 79644, 79656, 79978, 80021, 80042, 80111, 80116, 80120, 80218, 80398, 80421, 80479, 80498, 80527, 80531, 80554, 80595, 80600, 80602, 80633, 80866, 81358, 81362, 81415, 81498, 81544, 81881, 81898, 81900, 81964, 81971, 82010, 82069, 82142, 82161, 82561, 82562, 82590, 82734, 82870, 82884, 82888, 82889, 83089, 83371, 83489, 83492, 83746, 83812, 83827, 83831, 83877, 83929, 83998, 84135, 84463, 84509, 84800, 85010, 85451, 85570, 85838, 85840, 85851, 85859, 85874, 85934, 86089, 86108, 86139, 86234, 86260, 86364, 86486, 86514, 86746, 86755, 86824, 86839, 86892, 87010, 87034, 87038, 87177, 87264, 87294, 87300, 87332, 87336, 87375, 87485, 87584, 87607, 87716, 88032, 88201, 88356, 88357, 88658, 88661, 88708, 88768, 88884, 88913, 88948, 88987, 89072, 89110, 89114, 89458, 89462, 89634, 89641, 89837, 89882, 89922, 90053, 90065, 90104, 90450, 90452, 90453, 90466, 90577, 90671, 90850, 90911, 90954, 90986, 91012, 91015, 91031, 91033, 91060, 91321, 91521, 91549, 91586, 91612, 91654, 91700, 91927, 91969, 92008, 92015, 92093, 92151, 92194, 92236, 92243, 92248, 92391, 92540, 92818, 92876, 92881, 92975, 93155, 93157, 93160, 93174, 93179, 93330, 93363, 93376, 93396, 93530, 93561, 93563, 93565, 93579, 93633, 93661, 93684, 93725, 93820, 93837, 93859, 93885, 93903, 93910, 94143, 94145, 94260, 94404, 94413, 94533, 94597, 94680, 94705, 94752, 94787, 94797, 94954, 94963, 94967, 95045, 95048, 95062, 95145, 95198, 95255, 95258, 95357, 95774, 95839, 95887, 96146, 96241, 96431, 96615, 96641, 96819, 96865, 97026, 97057, 97069, 97128, 97163, 97202, 97391, 97404, 97479, 97492, 97499, 97607, 97701, 98057, 98225, 98511, 98541, 98545, 98590, 98621, 98636, 98926, 98954, 99024, 99031, 99104, 99129, 99179, 99211, 99260, 99370, 99452, 99500, 99570, 99627, 99774, 99798, 99883, 99923, 99930, 99981, 100052, 100131, 100143, 100152, 100194, 100238, 100260, 100315, 100352, 100353, 100354, 100578, 100579, 100736, 100754, 100773, 100775, 100884, 100886, 100974, 101025, 101178, 101181, 101212, 101219, 101271, 101371, 101383, 101388, 101422, 101468, 101558, 101562, 101872, 101994, 102117, 102134, 102336, 102352, 102382, 102417, 102490, 102523, 102527, 102531, 102532, 102576, 102661, 102720, 102750, 102754, 102795, 102954, 103032, 103038, 103052, 103059, 103201, 103437, 103453, 103935, 104000, 104001, 104177, 104194, 104277, 104278, 104437, 104473, 104483, 104490, 104548, 105035, 105038, 105161, 105197, 105406, 105412, 105568, 105590, 105621, 105680, 105827, 105849, 105980, 105990, 106121, 106205, 106232, 106339, 106392, 106644, 106704, 106763, 106833, 106866, 106913, 106945, 107034, 107050, 107159, 107161, 107608, 107678, 107705, 107772, 107791, 107877, 107885, 108098, 108113, 108126, 108156, 108366, 108397, 108406, 108424, 108437, 108456, 108486, 108547, 108626, 108776, 108823, 108883, 108958, 108991, 109042, 109104, 109204, 109229, 109330, 109338, 109371, 109534, 109546, 109580, 109605, 109696, 109712, 109793, 109822, 109843, 110003, 110212, 110223, 110257, 110259, 110327, 110403, 110487, 110499, 110519, 110626, 110648, 110685, 110740, 110743, 110755, 110773, 110812, 110937, 110975, 110994, 111161, 111244, 111385, 111607, 111640, 111641, 111642, 111832, 111932, 111933, 111942, 111958, 112069, 112125, 112159, 112256, 112363, 112428, 112430, 112509, 112528, 112605, 112606, 112615, 112634, 112711, 112734, 112751, 112957, 112976, 113178, 113253, 113309, 113390, 113591, 113728, 114098, 114111, 114140, 114148, 114626, 114715, 114804, 114820, 115017, 115209, 115214, 115221, 115260, 115335, 115345, 115356, 115420, 115557, 115558, 115678, 115710, 115731, 115741, 115786, 115788, 115796, 116046, 116128, 116214, 116228, 116330, 116331, 116515, 116757, 116869, 116883, 116886, 116901, 116919, 116941, 117004, 117121, 117169, 117171, 117370, 117387, 117464, 117615, 117775, 117780, 117863, 117867, 118013, 118014, 118116, 118170, 118173, 118261, 118306, 118312, 118328, 118344, 118406, 118478, 118483, 118520, 118749, 118760, 118770, 118859, 118942, 119317, 119359, 119364, 119368, 119416, 119449, 119518, 119523, 119528, 119546, 119558, 119582, 119593, 119600, 119664, 119665, 119711, 119907, 120017, 120032, 120103, 120335, 120463, 120482, 120507, 120525, 120626, 120646, 120678, 120750, 120779, 120851, 121073, 121189, 121209, 121210, 121218, 121270, 121655, 121722, 121726, 121760, 121839, 121864, 121928, 121969, 122131, 122169, 122178, 122182, 122337, 122387, 122391, 122668, 122710, 122718, 122741, 122755, 122862, 122865, 122911, 123021, 123043, 123065, 123284, 123433, 123456, 123670, 123696, 123788, 123878, 123909, 123958, 124033, 124078, 124128, 124150, 124306, 124319, 124370, 124390, 124407, 124430, 124458, 124618, 124631, 124634, 124689, 124763, 124829, 124945, 125009, 125040, 125061, 125063, 125136, 125137, 125156, 125164, 125400, 125678, 125733, 125774, 125784, 125786, 125854, 125937, 125954, 125957, 125993, 126063, 126466, 126543, 126760, 126933, 126945, 126976, 127016, 127111, 127115, 127193, 127614, 127626, 127635, 127691, 127712, 127886, 127974, 128089, 128114, 128160, 128297, 128378, 128545, 128598, 128685, 128792, 128817, 128833, 128929, 129361, 129635, 129732, 129843, 129847, 129945, 130134, 130153, 130165, 130240, 130356, 130401, 130414, 130429, 130442, 130601, 130660, 130838, 130842, 130922, 131215, 131221, 131266, 131322, 131330, 131402, 131492, 131525, 131565, 131588, 131592, 131940, 131987, 132121, 132221, 132244, 132282, 132342, 132387, 132594, 132632, 132633, 133098, 133127, 133188]"
c1_random,Greedy-f1,0.1,10%,0.2,20%,3581,14322,3696,2951,745,16530,12866,0.8983382209188661,False,309,13809,"[17, 73, 102, 119, 277, 278, 295, 319, 320, 349, 350, 385, 411, 424, 465, 494, 498, 542, 543, 555, 568, 572, 623, 642, 654, 655, 680, 730, 748, 762, 766, 813, 816, 839, 898, 1086, 1116, 1120, 1123, 1158, 1218, 1235, 1341, 1351, 1366, 1368, 1369, 1372, 1436, 1482, 1500, 1510, 1513, 1516, 1518, 1697, 1804, 1898, 1917, 1918, 1949, 1964, 2109, 2111, 2112, 2117, 2121, 2161, 2162, 2166, 2214, 2220, 2241, 2255, 2261, 2278, 2280, 2368, 2389, 2392, 2449, 2486, 2518, 2642, 2656, 2657, 2686, 2700, 2743, 2794, 2797, 2844, 2855, 2857, 2889, 2910, 2916, 2917, 2968, 3012, 3018, 3028, 3068, 3121, 3130, 3142, 3149, 3160, 3167, 3203, 3204, 3233, 3247, 3269, 3270, 3293, 3328, 3330, 3365, 3430, 3480, 3518, 3527, 3528, 3532, 3534, 3544, 3545, 3566, 3579, 3598, 3604, 3609, 3649, 3684, 3685, 3688, 3708, 3710, 3711, 3728, 3768, 3776, 3781, 3810, 3908, 3955, 3981, 4012, 4032, 4161, 4173, 4272, 4279, 4282, 4284, 4378, 4390, 4460, 4462, 4483, 4534, 4679, 4685, 4697, 4713, 4734, 4740, 4741, 4753, 4786, 4790, 4797, 4874, 4905, 4908, 4984, 5066, 5067, 5102, 5130, 5143, 5149, 5152, 5157, 5167, 5180, 5184, 5206, 5209, 5212, 5223, 5233, 5237, 5284, 5399, 5429, 5453, 5476, 5480, 5513, 5515, 5524, 5541, 5547, 5548, 5580, 5802, 5811, 5898, 5900, 6026, 6364, 6387, 6440, 6441, 6532, 6612, 6647, 6655, 6659, 6835, 6838, 6845, 6871, 6914, 6977, 7004, 7005, 7026, 7140, 7146, 7206, 7264, 7325, 7371, 7387, 7477, 7482, 7612, 7620, 7629, 7686, 7756, 7784, 7821, 7919, 7923, 7968, 8053, 8071, 8129, 8139, 8303, 8398, 8413, 8445, 8458, 8486, 8507, 8553, 8626, 8711, 8800, 8801, 8833, 8836, 8840, 8978, 8985, 8995, 9011, 9039, 9052, 9208, 9263, 9268, 9284, 9292, 9316, 9334, 9414, 9418, 9452, 9481, 9606, 9617, 9780, 9887, 9904, 9987, 9999, 10017, 10056, 10116, 10174, 10191, 10194, 10199, 10243, 10399, 10429, 10479, 10713, 10834, 10873, 10914, 11006, 11025, 11080, 11083, 11107, 11318, 11337, 11383, 11412, 11478, 11536, 11551, 11723, 11729, 11753, 11856, 11874, 12011, 12050, 12068, 12073, 12150, 12166, 12186, 12328, 12350, 12376, 12448, 12449, 12505, 12548, 12614, 12620, 12633, 12645, 12732, 12757, 12758, 12832, 12837, 12904, 13070, 13074, 13084, 13112, 13121, 13144, 13179, 13259, 13395, 13575, 13577, 13598, 13622, 13630, 13652, 13693, 13742, 13894, 14084, 14104, 14128, 14129, 14186, 14210, 14273, 14302, 14304, 14309, 14354, 14363, 14404, 14413, 14439, 14465, 14467, 14507, 14522, 14528, 14548, 14570, 14646, 14686, 14691, 14716, 14783, 14802, 14816, 14867, 15052, 15124, 15161, 15213, 15223, 15231, 15238, 15250, 15252, 15254, 15309, 15311, 15342, 15352, 15353, 15435, 15440, 15524, 15547, 15555, 15607, 15669, 15765, 15767, 15768, 15840, 15921, 15941, 15973, 15976, 16035, 16042, 16043, 16059, 16078, 16110, 16116, 16118, 16190, 16211, 16235, 16236, 16237, 16250, 16265, 16305, 16329, 16340, 16349, 16359, 16430, 16434, 16455, 16463, 16480, 16523, 16607, 16666, 16681, 16773, 16784, 16790, 16793, 16884, 16886, 17247, 17248, 17263, 17438, 17442, 17447, 17459, 17593, 17736, 17760, 17837, 17864, 17866, 17920, 18013, 18027, 18079, 18092, 18137, 18138, 18250, 18255, 18258, 18326, 18327, 18344, 18357, 18425, 18442, 18444, 18451, 18453, 18459, 18553, 18575, 18587, 18647, 18662, 18860, 18864, 18867, 18876, 18911, 18948, 18977, 18993, 18995, 19018, 19066, 19149, 19282, 19326, 19339, 19363, 19400, 19409, 19428, 19445, 19475, 19480, 19517, 19556, 19603, 19611, 19620, 19695, 19921, 19970, 20031, 20040, 20151, 20177, 20181, 20245, 20251, 20296, 20362, 20363, 20417, 20440, 20464, 20469, 20496, 20500, 20501, 20664, 20684, 20685, 20704, 20711, 20756, 20766, 20775, 20781, 20872, 20875, 20913, 20975, 20977, 20978, 21005, 21144, 21209, 21228, 21292, 21372, 21383, 21396, 21416, 21418, 21448, 21456, 21457, 21486, 21514, 21536, 21539, 21542, 21737, 21757, 21762, 21768, 21859, 21862, 21867, 21884, 21914, 21991, 22150, 22154, 22171, 22240, 22300, 22316, 22416, 22437, 22440, 22555, 22570, 22653, 22681, 22698, 22767, 22804, 22837, 23070, 23082, 23085, 23099, 23107, 23110, 23119, 23122, 23256, 23344, 23375, 23456, 23461, 23483, 23564, 23579, 23673, 23752, 23820, 23893, 23908, 24107, 24138, 24330, 24417, 24442, 24500, 24583, 24670, 24682, 24836, 24896, 24921, 25164, 25168, 25178, 25211, 25230, 25247, 25305, 25346, 25373, 25400, 25471, 25518, 25522, 25538, 25543, 25548, 25626, 25717, 25741, 25761, 25822, 25831, 25850, 25910, 25962, 25995, 26042, 26086, 26091, 26141, 26293, 26308, 26323, 26326, 26349, 26413, 26459, 26474, 26526, 26624, 26733, 26738, 26775, 26787, 26821, 26843, 26859, 26860, 26861, 26896, 26972, 26973, 27031, 27062, 27147, 27170, 27224, 27251, 27281, 27282, 27297, 27305, 27306, 27309, 27358, 27363, 27375, 27385, 27397, 27400, 27406, 27412, 27428, 27442, 27471, 27560, 27580, 27581, 27666, 27710, 27739, 27746, 27748, 27749, 27882, 27905, 27943, 28003, 28005, 28019, 28027, 28046, 28063, 28064, 28130, 28133, 28138, 28139, 28194, 28236, 28247, 28298, 28377, 28384, 28391, 28394, 28516, 28535, 28549, 28564, 28633, 28682, 28692, 28717, 28718, 28753, 28789, 28811, 28907, 28917, 28918, 28933, 28964, 29001, 29005, 29065, 29128, 29131, 29189, 29194, 29202, 29294, 29295, 29301, 29353, 29355, 29388, 29403, 29421, 29631, 29644, 29649, 29739, 29740, 29801, 29835, 29845, 29880, 29881, 29895, 29909, 29934, 29947, 29949, 30068, 30189, 30193, 30196, 30234, 30287, 30352, 30353, 30372, 30375, 30407, 30408, 30441, 30476, 30513, 30514, 30547, 30588, 30630, 30666, 30668, 30704, 30780, 30921, 30941, 31076, 31079, 31098, 31116, 31166, 31261, 31264, 31336, 31397, 31414, 31445, 31465, 31491, 31562, 31644, 31815, 31862, 31878, 31898, 31930, 32009, 32011, 32018, 32055, 32057, 32059, 32079, 32099, 32131, 32186, 32187, 32269, 32308, 32317, 32323, 32342, 32444, 32447, 32457, 32482, 32528, 32596, 32666, 32719, 32752, 33040, 33099, 33181, 33189, 33194, 33224, 33429, 33636, 33830, 33854, 33921, 33926, 33932, 34023, 34067, 34101, 34110, 34127, 34206, 34270, 34333, 34417, 34459, 34463, 34478, 34479, 34494, 34524, 34729, 34801, 34809, 34810, 34864, 34916, 34945, 34954, 35055, 35152, 35165, 35299, 35363, 35412, 35596, 35655, 35662, 35695, 35799, 35881, 35882, 35930, 35947, 35952, 35953, 35954, 36002, 36013, 36099, 36102, 36136, 36138, 36140, 36183, 36373, 36409, 36458, 36464, 36476, 36531, 36562, 36568, 36571, 36617, 36618, 36704, 36740, 36743, 36758, 36781, 36783, 36814, 36820, 36973, 37052, 37142, 37152, 37255, 37292, 37316, 37378, 37540, 37542, 37659, 37787, 37794, 37811, 37832, 37865, 37937, 37943, 37949, 37950, 37987, 37990, 38219, 38251, 38264, 38295, 38297, 38374, 38378, 38413, 38432, 38446, 38530, 38542, 38564, 38572, 38578, 38606, 38608, 38675, 38716, 38748, 38805, 38869, 38969, 38970, 38980, 39062, 39078, 39093, 39108, 39190, 39196, 39251, 39298, 39335, 39343, 39438, 39446, 39448, 39451, 39720, 39722, 39794, 39856, 39960, 39962, 39999, 40000, 40034, 40041, 40126, 40173, 40208, 40216, 40343, 40393, 40394, 40407, 40412, 40420, 40497, 40599, 40607, 40636, 40666, 40720, 40729, 40739, 40740, 40758, 40764, 40767, 40769, 40811, 40824, 41025, 41058, 41124, 41191, 41192, 41193, 41283, 41358, 41426, 41434, 41451, 41475, 41476, 41567, 41574, 41579, 41611, 41726, 41767, 41801, 41862, 41883, 41884, 41899, 41946, 41996, 42001, 42071, 42080, 42222, 42293, 42304, 42310, 42314, 42318, 42386, 42402, 42413, 42417, 42444, 42498, 42499, 42501, 42507, 42556, 42565, 42576, 42598, 42674, 42675, 42766, 42767, 42821, 42883, 42887, 42920, 42923, 42939, 42995, 43005, 43052, 43053, 43088, 43098, 43230, 43289, 43408, 43457, 43469, 43483, 43603, 43613, 43649, 43712, 43714, 43733, 43742, 43743, 43779, 43887, 44019, 44065, 44069, 44072, 44125, 44278, 44329, 44386, 44434, 44503, 44514, 44516, 44622, 44645, 44659, 44675, 44678, 44706, 44791, 44794, 44797, 44880, 44881, 44951, 45054, 45107, 45121, 45168, 45169, 45212, 45272, 45344, 45345, 45445, 45531, 45549, 45554, 45565, 45580, 45616, 45617, 45640, 45641, 45654, 45677, 45692, 45696, 45746, 45792, 45861, 45889, 45920, 45983, 46083, 46119, 46146, 46153, 46244, 46263, 46359, 46400, 46404, 46460, 46532, 46556, 46559, 46663, 46684, 46692, 46698, 46716, 46733, 46988, 47029, 47096, 47098, 47176, 47209, 47262, 47272, 47331, 47337, 47372, 47424, 47447, 47451, 47463, 47608, 47649, 47667, 47718, 47765, 47772, 47776, 47865, 47882, 47894, 47999, 48045, 48201, 48277, 48301, 48350, 48360, 48363, 48444, 48446, 48466, 48488, 48507, 48536, 48569, 48570, 48575, 48577, 48640, 48688, 48747, 48793, 48870, 48951, 48952, 49034, 49118, 49138, 49163, 49197, 49199, 49241, 49246, 49305, 49319, 49359, 49391, 49422, 49458, 49462, 49466, 49525, 49539, 49551, 49565, 49567, 49648, 49661, 49702, 49740, 49741, 49742, 49747, 49749, 49751, 49989, 49990, 50003, 50008, 50010, 50036, 50039, 50043, 50122, 50125, 50148, 50174, 50226, 50244, 50245, 50264, 50278, 50280, 50288, 50289, 50310, 50385, 50387, 50463, 50483, 50505, 50545, 50592, 50633, 50637, 50640, 50642, 50671, 50687, 50730, 50760, 50820, 50918, 50920, 50946, 50987, 50991, 51121, 51137, 51206, 51215, 51236, 51262, 51306, 51425, 51439, 51474, 51489, 51495, 51507, 51546, 51559, 51638, 51680, 51730, 51778, 51779, 51791, 51866, 51878, 51956, 51964, 51982, 51983, 51985, 51986, 52028, 52041, 52130, 52131, 52139, 52176, 52207, 52208, 52211, 52217, 52231, 52252, 52254, 52290, 52297, 52320, 52371, 52482, 52495, 52497, 52518, 52564, 52598, 52604, 52700, 52703, 52708, 52744, 52817, 52947, 52968, 52984, 53034, 53054, 53058, 53076, 53091, 53110, 53213, 53215, 53243, 53245, 53280, 53360, 53405, 53406, 53420, 53481, 53501, 53534, 53569, 53571, 53574, 53578, 53591, 53599, 53607, 53617, 53629, 53641, 53652, 53661, 53662, 53681, 53703, 53709, 53719, 53807, 53820, 53955, 54014, 54026, 54131, 54181, 54184, 54196, 54212, 54261, 54352, 54360, 54361, 54392, 54402, 54425, 54432, 54460, 54542, 54550, 54558, 54582, 54599, 54746, 54752, 54799, 54887, 54947, 54972, 55011, 55035, 55040, 55045, 55066, 55155, 55180, 55183, 55198, 55247, 55249, 55292, 55331, 55343, 55356, 55369, 55371, 55384, 55404, 55406, 55412, 55555, 55556, 55607, 55676, 55714, 55850, 55853, 55859, 55864, 55888, 55915, 55959, 55999, 56002, 56038, 56051, 56168, 56170, 56174, 56184, 56206, 56216, 56217, 56223, 56225, 56237, 56241, 56247, 56302, 56412, 56448, 56532, 56695, 56714, 56733, 56768, 56769, 56795, 56799, 56855, 56925, 56933, 56938, 56971, 57150, 57190, 57217, 57263, 57276, 57307, 57331, 57470, 57507, 57560, 57624, 57644, 57660, 57666, 57793, 57798, 57964, 57984, 58060, 58099, 58151, 58153, 58172, 58233, 58245, 58381, 58395, 58397, 58494, 58605, 58656, 58706, 58707, 58726, 58750, 58857, 58865, 58887, 58924, 58926, 58931, 58934, 58985, 59032, 59058, 59092, 59103, 59216, 59220, 59276, 59277, 59326, 59345, 59371, 59379, 59398, 59433, 59467, 59503, 59506, 59517, 59528, 59530, 59532, 59554, 59570, 59596, 59605, 59627, 59697, 59760, 59767, 59801, 59850, 59863, 60010, 60043, 60056, 60059, 60076, 60088, 60164, 60211, 60215, 60251, 60271, 60274, 60329, 60337, 60425, 60426, 60472, 60491, 60499, 60603, 60690, 60712, 60750, 60760, 60813, 60818, 60962, 60975, 61080, 61115, 61157, 61308, 61326, 61345, 61358, 61430, 61435, 61439, 61440, 61497, 61571, 61574, 61628, 61686, 61750, 61789, 61806, 61846, 61872, 62013, 62058, 62067, 62097, 62098, 62179, 62185, 62225, 62296, 62297, 62298, 62300, 62305, 62311, 62426, 62481, 62486, 62496, 62560, 62564, 62605, 62650, 62660, 62698, 62705, 62706, 62707, 62716, 62825, 63013, 63015, 63073, 63105, 63116, 63140, 63170, 63172, 63352, 63366, 63422, 63438, 63476, 63484, 63500, 63570, 63618, 63625, 63626, 63663, 63665, 63671, 63719, 63796, 63827, 63964, 64062, 64124, 64176, 64192, 64214, 64253, 64261, 64317, 64336, 64364, 64403, 64414, 64470, 64569, 64583, 64636, 64646, 64650, 64669, 64679, 64691, 64743, 64747, 64753, 64789, 64834, 64852, 64857, 64945, 64995, 65171, 65201, 65213, 65254, 65255, 65257, 65262, 65264, 65461, 65467, 65500, 65507, 65519, 65540, 65541, 65570, 65571, 65597, 65599, 65613, 65723, 65799, 65938, 65982, 66059, 66079, 66157, 66232, 66350, 66356, 66396, 66401, 66430, 66439, 66459, 66465, 66511, 66514, 66518, 66522, 66535, 66555, 66608, 66633, 66638, 66683, 66741, 66761, 66803, 66946, 66996, 67060, 67108, 67123, 67137, 67141, 67147, 67357, 67360, 67411, 67498, 67580, 67662, 67664, 67671, 67692, 67717, 67719, 67730, 67742, 67746, 67747, 67752, 67755, 67850, 67890, 67893, 67896, 67901, 67925, 67955, 67988, 68051, 68148, 68246, 68291, 68455, 68471, 68472, 68629, 68736, 68739, 68749, 68752, 68799, 68834, 68835, 68931, 68956, 69057, 69058, 69078, 69094, 69109, 69142, 69169, 69190, 69195, 69366, 69376, 69403, 69520, 69595, 69601, 69609, 69622, 69680, 69681, 69703, 69841, 69877, 69902, 69960, 69961, 70027, 70075, 70130, 70225, 70282, 70284, 70335, 70368, 70393, 70413, 70460, 70570, 70589, 70759, 70770, 70781, 70794, 70824, 70825, 70902, 70918, 71040, 71074, 71077, 71118, 71218, 71245, 71371, 71442, 71545, 71566, 71574, 71576, 71602, 71681, 71712, 71718, 71719, 71724, 71725, 71854, 71861, 72049, 72114, 72201, 72291, 72311, 72315, 72406, 72439, 72444, 72464, 72491, 72493, 72494, 72556, 72562, 72579, 72616, 72628, 72634, 72699, 72744, 72747, 72750, 72811, 72818, 72949, 72960, 72975, 73033, 73034, 73053, 73074, 73135, 73143, 73220, 73238, 73252, 73271, 73280, 73304, 73315, 73420, 73440, 73441, 73452, 73497, 73544, 73553, 73610, 73624, 73703, 73714, 73744, 73759, 73766, 73767, 73785, 73842, 73865, 73914, 73966, 73970, 74016, 74024, 74059, 74081, 74207, 74225, 74277, 74302, 74310, 74400, 74402, 74577, 74614, 74653, 74659, 74788, 74834, 74844, 74853, 74921, 74932, 74939, 75043, 75049, 75050, 75055, 75059, 75063, 75077, 75117, 75156, 75226, 75227, 75233, 75348, 75398, 75401, 75420, 75441, 75465, 75607, 75794, 75855, 75858, 75978, 76014, 76035, 76040, 76071, 76075, 76108, 76111, 76217, 76218, 76327, 76432, 76451, 76489, 76504, 76597, 76618, 76707, 76832, 76862, 76892, 76930, 76946, 77019, 77107, 77113, 77129, 77152, 77245, 77252, 77269, 77270, 77293, 77325, 77460, 77480, 77504, 77515, 77526, 77529, 77558, 77618, 77755, 77786, 77787, 77788, 77822, 77825, 77837, 77849, 77850, 77852, 77888, 77915, 77978, 78090, 78091, 78105, 78128, 78186, 78194, 78236, 78328, 78369, 78370, 78425, 78462, 78470, 78550, 78566, 78696, 78901, 78921, 79028, 79035, 79069, 79131, 79155, 79157, 79239, 79240, 79277, 79379, 79408, 79451, 79467, 79610, 79631, 79633, 79722, 79746, 79814, 79818, 79975, 80042, 80093, 80116, 80121, 80123, 80327, 80358, 80374, 80396, 80433, 80438, 80442, 80496, 80526, 80531, 80577, 80579, 80581, 80602, 80604, 80629, 80643, 80650, 80692, 80742, 80763, 80804, 80809, 80811, 80928, 80954, 81004, 81175, 81296, 81321, 81325, 81370, 81416, 81435, 81462, 81505, 81539, 81544, 81546, 81565, 81707, 81708, 81794, 81900, 81909, 81960, 81969, 81971, 81974, 82079, 82159, 82216, 82261, 82296, 82358, 82362, 82498, 82535, 82561, 82562, 82587, 82588, 82615, 82651, 82717, 82753, 82768, 82797, 82798, 82848, 82947, 82965, 82966, 83022, 83053, 83058, 83080, 83151, 83160, 83171, 83172, 83188, 83224, 83298, 83490, 83507, 83560, 83563, 83580, 83676, 83697, 83774, 83825, 83830, 83835, 83848, 83860, 83877, 83906, 83924, 83964, 84007, 84008, 84032, 84053, 84127, 84145, 84150, 84156, 84162, 84164, 84180, 84182, 84214, 84299, 84302, 84333, 84457, 84513, 84585, 84614, 84628, 84657, 84663, 84728, 84800, 84804, 84809, 84818, 84845, 84918, 84943, 85010, 85040, 85091, 85190, 85296, 85323, 85451, 85508, 85532, 85561, 85563, 85566, 85764, 85765, 85772, 85829, 85835, 85836, 85837, 85840, 85848, 85857, 85908, 85910, 85962, 85969, 85970, 85986, 86003, 86018, 86021, 86094, 86116, 86133, 86204, 86234, 86332, 86417, 86486, 86499, 86516, 86546, 86560, 86561, 86563, 86579, 86609, 86652, 86654, 86671, 86721, 86787, 86845, 86892, 86966, 86974, 86990, 86991, 86993, 87018, 87046, 87130, 87165, 87168, 87181, 87325, 87336, 87337, 87345, 87376, 87390, 87415, 87419, 87421, 87422, 87502, 87506, 87507, 87519, 87520, 87525, 87547, 87601, 87632, 87664, 87691, 87695, 87720, 87888, 88012, 88038, 88046, 88131, 88135, 88136, 88166, 88198, 88199, 88202, 88283, 88311, 88320, 88349, 88351, 88357, 88361, 88512, 88560, 88576, 88577, 88598, 88602, 88604, 88633, 88708, 88712, 88715, 88727, 88850, 88877, 88903, 88905, 88913, 88930, 88948, 88969, 89006, 89027, 89072, 89120, 89124, 89169, 89170, 89171, 89248, 89487, 89549, 89560, 89588, 89591, 89630, 89652, 89737, 89755, 89781, 89782, 89783, 89820, 89835, 89862, 89924, 90007, 90021, 90023, 90031, 90043, 90071, 90077, 90119, 90127, 90151, 90189, 90253, 90281, 90403, 90413, 90442, 90452, 90592, 90632, 90645, 90668, 90794, 90806, 90807, 90816, 90830, 90839, 90850, 90854, 90881, 90922, 90954, 90972, 90976, 91027, 91033, 91101, 91152, 91186, 91192, 91196, 91230, 91254, 91403, 91453, 91456, 91457, 91557, 91586, 91613, 91666, 91668, 91752, 91772, 91858, 91867, 92013, 92024, 92028, 92081, 92085, 92092, 92108, 92123, 92134, 92152, 92189, 92208, 92218, 92220, 92228, 92248, 92387, 92464, 92472, 92478, 92480, 92501, 92513, 92537, 92554, 92577, 92580, 92588, 92813, 92817, 92831, 92916, 92927, 92933, 92977, 92998, 93032, 93096, 93099, 93104, 93119, 93174, 93235, 93283, 93296, 93312, 93329, 93365, 93395, 93517, 93563, 93608, 93626, 93627, 93633, 93690, 93720, 93725, 93798, 93804, 93806, 93819, 93837, 93889, 93936, 93968, 93984, 93988, 94022, 94023, 94140, 94259, 94260, 94306, 94313, 94357, 94360, 94365, 94376, 94392, 94410, 94445, 94495, 94513, 94538, 94630, 94679, 94705, 94780, 94792, 94793, 94797, 94835, 94838, 94855, 94878, 94879, 94881, 94887, 94918, 94947, 94969, 95147, 95180, 95194, 95267, 95283, 95284, 95558, 95701, 95767, 95839, 95845, 95879, 95880, 95941, 96083, 96094, 96196, 96234, 96241, 96263, 96304, 96415, 96430, 96436, 96450, 96500, 96504, 96530, 96599, 96600, 96601, 96616, 96641, 96743, 96765, 96796, 96831, 96909, 96921, 97012, 97020, 97036, 97057, 97101, 97143, 97207, 97208, 97371, 97404, 97469, 97470, 97479, 97480, 97499, 97586, 97590, 97595, 97602, 97603, 97607, 97618, 97622, 97675, 97676, 97687, 97698, 97701, 97734, 97750, 97844, 97916, 97920, 97937, 97938, 97967, 97983, 98023, 98034, 98085, 98086, 98150, 98155, 98191, 98319, 98340, 98346, 98412, 98441, 98463, 98471, 98571, 98586, 98629, 98647, 98698, 98709, 98714, 98724, 98765, 98771, 98772, 98780, 98871, 98940, 98952, 98957, 98962, 98981, 98983, 99024, 99031, 99086, 99126, 99129, 99178, 99179, 99239, 99242, 99260, 99263, 99327, 99359, 99361, 99431, 99452, 99454, 99467, 99468, 99472, 99476, 99499, 99539, 99568, 99617, 99621, 99627, 99717, 99793, 99878, 99908, 99916, 99972, 100025, 100052, 100103, 100105, 100143, 100152, 100182, 100192, 100260, 100272, 100290, 100394, 100418, 100425, 100446, 100452, 100536, 100574, 100593, 100606, 100625, 100629, 100716, 100717, 100754, 100791, 100813, 100885, 100908, 100912, 100938, 100974, 100976, 101066, 101095, 101105, 101108, 101168, 101174, 101178, 101192, 101199, 101212, 101220, 101267, 101273, 101319, 101323, 101324, 101334, 101361, 101368, 101378, 101422, 101425, 101467, 101560, 101579, 101611, 101635, 101662, 101682, 101695, 101705, 101748, 101780, 101797, 101842, 101848, 101872, 101875, 101917, 101942, 101958, 101994, 101996, 102118, 102191, 102199, 102201, 102204, 102277, 102309, 102331, 102345, 102352, 102376, 102397, 102472, 102490, 102523, 102525, 102532, 102551, 102617, 102672, 102725, 102731, 102750, 102752, 102806, 102856, 102874, 102876, 102891, 102912, 102950, 102951, 103116, 103201, 103208, 103213, 103218, 103235, 103264, 103265, 103430, 103431, 103463, 103464, 103492, 103500, 103549, 103571, 103586, 103589, 103698, 103749, 103767, 103783, 103786, 103825, 103837, 103838, 103995, 103999, 104040, 104049, 104075, 104098, 104113, 104114, 104248, 104289, 104312, 104430, 104437, 104485, 104522, 104602, 104655, 104865, 104878, 104880, 104953, 104967, 104976, 105017, 105110, 105142, 105218, 105274, 105348, 105361, 105437, 105441, 105496, 105563, 105651, 105686, 105689, 105725, 105849, 105906, 105923, 105970, 105980, 106000, 106050, 106051, 106176, 106203, 106224, 106232, 106245, 106353, 106355, 106400, 106497, 106501, 106619, 106639, 106837, 106866, 106869, 106875, 106881, 106882, 106885, 106894, 106964, 107002, 107023, 107024, 107035, 107036, 107037, 107042, 107093, 107121, 107163, 107297, 107308, 107344, 107351, 107352, 107397, 107436, 107466, 107588, 107597, 107645, 107702, 107714, 107715, 107757, 107766, 107791, 107797, 107805, 107808, 107877, 107879, 107883, 107884, 107885, 107988, 107993, 108062, 108139, 108155, 108213, 108289, 108393, 108397, 108437, 108494, 108604, 108722, 108754, 108762, 108776, 108850, 108883, 108906, 108930, 108945, 108946, 108947, 108951, 109000, 109053, 109072, 109107, 109153, 109317, 109338, 109339, 109365, 109369, 109371, 109432, 109534, 109544, 109545, 109580, 109593, 109670, 109686, 109699, 109733, 109771, 109778, 109822, 109834, 109952, 109976, 110003, 110006, 110055, 110211, 110239, 110248, 110293, 110295, 110299, 110319, 110325, 110356, 110364, 110365, 110387, 110422, 110427, 110455, 110461, 110486, 110487, 110523, 110529, 110536, 110601, 110644, 110690, 110704, 110741, 110742, 110749, 110750, 110758, 110788, 110798, 110902, 110942, 111082, 111244, 111271, 111303, 111388, 111496, 111570, 111596, 111607, 111622, 111631, 111641, 111642, 111683, 111685, 111687, 111732, 111789, 111794, 111875, 111916, 111932, 111938, 111945, 111970, 111996, 112059, 112071, 112125, 112158, 112163, 112172, 112217, 112221, 112242, 112265, 112266, 112272, 112297, 112304, 112383, 112384, 112385, 112390, 112476, 112479, 112490, 112491, 112500, 112529, 112640, 112705, 112711, 112715, 112727, 112737, 112833, 112849, 112868, 112945, 113008, 113046, 113057, 113079, 113210, 113254, 113260, 113277, 113335, 113419, 113481, 113652, 113686, 113751, 113780, 113867, 113879, 113895, 113910, 113964, 114097, 114116, 114148, 114183, 114187, 114265, 114380, 114402, 114497, 114604, 114605, 114645, 114650, 114761, 114789, 114817, 114880, 114979, 115007, 115016, 115076, 115124, 115143, 115217, 115260, 115270, 115310, 115314, 115330, 115347, 115351, 115354, 115433, 115438, 115440, 115459, 115502, 115519, 115531, 115558, 115666, 115667, 115670, 115675, 115733, 115963, 115964, 115975, 116017, 116046, 116069, 116071, 116078, 116180, 116208, 116216, 116230, 116231, 116399, 116488, 116514, 116576, 116665, 116757, 116782, 116784, 116800, 116805, 116851, 116895, 116901, 116915, 116949, 116962, 116969, 116978, 117169, 117171, 117172, 117175, 117306, 117308, 117350, 117362, 117396, 117443, 117464, 117478, 117493, 117690, 117751, 117863, 117867, 117988, 118025, 118028, 118040, 118079, 118119, 118143, 118170, 118179, 118306, 118310, 118325, 118346, 118349, 118396, 118403, 118469, 118487, 118488, 118519, 118630, 118637, 118675, 118762, 118859, 118945, 119087, 119097, 119102, 119136, 119146, 119150, 119158, 119163, 119164, 119190, 119236, 119254, 119319, 119411, 119412, 119615, 119616, 119619, 119669, 119683, 119702, 119711, 119714, 119762, 119780, 119804, 119844, 119863, 119864, 119867, 119907, 119958, 119959, 119969, 119975, 120017, 120019, 120050, 120051, 120055, 120094, 120106, 120149, 120163, 120166, 120169, 120174, 120177, 120206, 120335, 120336, 120459, 120557, 120631, 120678, 120698, 120747, 120783, 120792, 120794, 120800, 120810, 120849, 121030, 121039, 121052, 121054, 121081, 121100, 121131, 121140, 121147, 121218, 121278, 121402, 121403, 121554, 121581, 121630, 121655, 121754, 121758, 121768, 121831, 121832, 121916, 121928, 121943, 122040, 122041, 122066, 122101, 122105, 122148, 122193, 122272, 122276, 122294, 122349, 122369, 122572, 122581, 122600, 122637, 122654, 122668, 122670, 122700, 122710, 122729, 122746, 122802, 122863, 122883, 122899, 122921, 122938, 122978, 122980, 122993, 123205, 123239, 123247, 123267, 123268, 123300, 123340, 123341, 123397, 123431, 123437, 123458, 123478, 123485, 123487, 123556, 123581, 123603, 123673, 123698, 123701, 123714, 123757, 123762, 123792, 123793, 123876, 123911, 124056, 124095, 124118, 124126, 124146, 124181, 124231, 124243, 124297, 124306, 124313, 124315, 124352, 124370, 124533, 124536, 124546, 124587, 124591, 124593, 124633, 124682, 124683, 124687, 124751, 124794, 124795, 124838, 124936, 124939, 125005, 125009, 125045, 125102, 125116, 125137, 125190, 125192, 125231, 125267, 125285, 125302, 125316, 125317, 125350, 125380, 125454, 125557, 125561, 125595, 125609, 125664, 125678, 125735, 125745, 125853, 125867, 125892, 125915, 125935, 125937, 125942, 125957, 126052, 126055, 126063, 126102, 126103, 126158, 126194, 126261, 126292, 126340, 126354, 126451, 126488, 126489, 126533, 126538, 126549, 126716, 126737, 126748, 126760, 126917, 126919, 126924, 126948, 126976, 126985, 126986, 126992, 127085, 127112, 127117, 127193, 127195, 127204, 127274, 127302, 127393, 127410, 127635, 127641, 127688, 127691, 127705, 127750, 127792, 127816, 127886, 128013, 128027, 128038, 128102, 128160, 128338, 128376, 128402, 128463, 128493, 128732, 128814, 128816, 128842, 128843, 128858, 128879, 128898, 128902, 128905, 128985, 129039, 129065, 129106, 129130, 129140, 129147, 129149, 129156, 129183, 129229, 129256, 129313, 129315, 129331, 129356, 129361, 129412, 129417, 129446, 129458, 129538, 129608, 129610, 129622, 129634, 129641, 129819, 129856, 129898, 129984, 129985, 130006, 130068, 130146, 130232, 130234, 130277, 130384, 130398, 130414, 130416, 130438, 130442, 130519, 130543, 130568, 130663, 130684, 130759, 130779, 130784, 130836, 130837, 130840, 130883, 131018, 131043, 131123, 131126, 131211, 131217, 131281, 131309, 131315, 131323, 131402, 131492, 131536, 131542, 131647, 131651, 131717, 131814, 131840, 131866, 131979, 131982, 132021, 132043, 132076, 132104, 132105, 132221, 132247, 132248, 132368, 132376, 132525, 132615, 132629, 132630, 132633, 132726, 132728, 132733, 132760, 132804, 132877, 132927, 132976, 133011, 133024, 133026, 133034, 133062, 133097, 133202, 133228, 133257, 133278]"
c1_random,Greedy-f2,0.1,10%,0.2,20%,3581,14322,3727,2985,742,16492,12785,0.8926825862309733,False,309,13809,"[17, 73, 102, 119, 277, 278, 295, 319, 320, 349, 350, 385, 411, 424, 465, 494, 498, 542, 543, 555, 568, 572, 623, 642, 654, 655, 680, 730, 748, 762, 766, 813, 816, 839, 898, 1086, 1116, 1120, 1123, 1158, 1218, 1235, 1341, 1351, 1366, 1368, 1369, 1372, 1436, 1482, 1500, 1510, 1513, 1516, 1518, 1697, 1804, 1898, 1917, 1918, 1949, 1964, 2109, 2111, 2112, 2117, 2121, 2161, 2162, 2166, 2214, 2220, 2241, 2255, 2261, 2278, 2280, 2368, 2389, 2392, 2449, 2486, 2518, 2642, 2656, 2657, 2686, 2700, 2743, 2794, 2797, 2844, 2855, 2857, 2889, 2910, 2916, 2917, 2968, 3012, 3018, 3028, 3068, 3121, 3130, 3142, 3149, 3160, 3167, 3203, 3204, 3233, 3247, 3269, 3270, 3293, 3328, 3330, 3365, 3430, 3480, 3518, 3527, 3528, 3532, 3534, 3544, 3545, 3566, 3579, 3598, 3604, 3609, 3649, 3684, 3685, 3688, 3708, 3710, 3711, 3728, 3768, 3776, 3781, 3810, 3908, 3955, 3981, 4012, 4032, 4161, 4173, 4272, 4279, 4282, 4284, 4378, 4390, 4460, 4462, 4483, 4534, 4679, 4685, 4697, 4713, 4734, 4740, 4741, 4753, 4786, 4790, 4797, 4874, 4905, 4908, 4984, 5066, 5067, 5102, 5130, 5143, 5149, 5152, 5157, 5167, 5180, 5184, 5206, 5209, 5212, 5223, 5233, 5237, 5284, 5399, 5429, 5453, 5476, 5480, 5513, 5515, 5524, 5541, 5547, 5548, 5580, 5802, 5811, 5898, 5900, 6026, 6364, 6387, 6440, 6441, 6532, 6612, 6647, 6655, 6659, 6835, 6838, 6845, 6871, 6914, 6977, 7004, 7005, 7026, 7140, 7146, 7206, 7264, 7325, 7371, 7387, 7477, 7482, 7612, 7620, 7629, 7686, 7756, 7784, 7821, 7919, 7923, 7968, 8053, 8071, 8129, 8139, 8303, 8398, 8413, 8445, 8458, 8486, 8507, 8553, 8626, 8711, 8800, 8801, 8833, 8836, 8840, 8978, 8985, 8995, 9011, 9039, 9052, 9208, 9263, 9268, 9284, 9292, 9316, 9334, 9414, 9418, 9452, 9481, 9606, 9617, 9780, 9887, 9904, 9987, 9999, 10017, 10056, 10116, 10174, 10191, 10194, 10199, 10243, 10399, 10429, 10479, 10713, 10834, 10873, 10914, 11006, 11025, 11080, 11083, 11107, 11318, 11337, 11383, 11412, 11478, 11536, 11551, 11723, 11729, 11753, 11856, 11874, 12011, 12050, 12068, 12073, 12150, 12166, 12186, 12328, 12350, 12376, 12448, 12449, 12505, 12548, 12614, 12620, 12633, 12645, 12732, 12757, 12758, 12832, 12837, 12904, 13070, 13074, 13084, 13112, 13121, 13144, 13179, 13259, 13395, 13575, 13577, 13598, 13622, 13630, 13652, 13693, 13742, 13894, 14084, 14104, 14128, 14129, 14186, 14210, 14273, 14302, 14304, 14309, 14354, 14363, 14404, 14413, 14439, 14465, 14467, 14507, 14522, 14528, 14548, 14570, 14646, 14686, 14691, 14716, 14783, 14802, 14816, 14867, 15052, 15124, 15161, 15213, 15223, 15231, 15238, 15250, 15252, 15254, 15309, 15311, 15342, 15352, 15353, 15435, 15440, 15524, 15547, 15555, 15607, 15669, 15765, 15767, 15768, 15840, 15921, 15941, 15973, 15976, 16035, 16042, 16043, 16059, 16078, 16110, 16116, 16118, 16190, 16211, 16235, 16236, 16237, 16250, 16265, 16305, 16329, 16340, 16349, 16359, 16430, 16434, 16455, 16463, 16480, 16523, 16607, 16666, 16681, 16773, 16784, 16790, 16793, 16884, 16886, 17247, 17248, 17263, 17438, 17442, 17447, 17459, 17593, 17736, 17760, 17837, 17864, 17866, 17920, 18013, 18027, 18079, 18092, 18137, 18138, 18250, 18255, 18258, 18326, 18327, 18344, 18357, 18425, 18442, 18444, 18451, 18453, 18459, 18553, 18575, 18587, 18647, 18662, 18860, 18864, 18867, 18876, 18911, 18948, 18977, 18993, 18995, 19018, 19066, 19149, 19282, 19326, 19339, 19363, 19400, 19409, 19428, 19445, 19475, 19480, 19517, 19556, 19603, 19611, 19620, 19695, 19921, 19970, 20031, 20040, 20151, 20177, 20181, 20245, 20251, 20296, 20362, 20363, 20417, 20440, 20464, 20469, 20496, 20500, 20501, 20664, 20684, 20685, 20704, 20711, 20756, 20766, 20775, 20781, 20872, 20875, 20913, 20975, 20977, 20978, 21005, 21144, 21209, 21228, 21292, 21372, 21383, 21396, 21416, 21418, 21448, 21456, 21457, 21486, 21514, 21536, 21539, 21542, 21737, 21757, 21762, 21768, 21859, 21862, 21867, 21884, 21914, 21991, 22150, 22154, 22171, 22240, 22300, 22316, 22416, 22437, 22440, 22555, 22570, 22653, 22681, 22698, 22767, 22804, 22837, 23070, 23082, 23085, 23099, 23107, 23110, 23119, 23122, 23256, 23344, 23375, 23456, 23461, 23483, 23564, 23579, 23673, 23752, 23820, 23893, 23908, 24107, 24138, 24330, 24417, 24442, 24500, 24583, 24670, 24682, 24836, 24896, 24921, 25164, 25168, 25178, 25211, 25230, 25247, 25305, 25346, 25373, 25400, 25471, 25518, 25522, 25538, 25543, 25548, 25626, 25717, 25741, 25761, 25822, 25831, 25850, 25910, 25962, 25995, 26042, 26086, 26091, 26141, 26293, 26308, 26323, 26326, 26349, 26413, 26459, 26474, 26526, 26624, 26733, 26738, 26775, 26787, 26821, 26843, 26859, 26860, 26861, 26896, 26972, 26973, 27031, 27062, 27147, 27170, 27224, 27251, 27281, 27282, 27297, 27305, 27306, 27309, 27358, 27363, 27375, 27385, 27397, 27400, 27406, 27412, 27428, 27442, 27471, 27560, 27580, 27581, 27666, 27710, 27739, 27746, 27748, 27749, 27882, 27905, 27943, 28003, 28005, 28019, 28027, 28046, 28063, 28064, 28130, 28133, 28138, 28139, 28194, 28236, 28247, 28298, 28377, 28384, 28391, 28394, 28516, 28535, 28549, 28564, 28633, 28682, 28692, 28717, 28718, 28753, 28789, 28811, 28907, 28917, 28918, 28933, 28964, 29001, 29005, 29065, 29128, 29131, 29189, 29194, 29202, 29294, 29295, 29301, 29353, 29355, 29388, 29403, 29421, 29631, 29644, 29649, 29739, 29740, 29801, 29835, 29845, 29880, 29881, 29895, 29909, 29934, 29947, 29949, 30068, 30189, 30193, 30196, 30234, 30287, 30352, 30353, 30372, 30375, 30407, 30408, 30441, 30476, 30513, 30514, 30547, 30588, 30630, 30666, 30668, 30704, 30780, 30921, 30941, 31076, 31079, 31098, 31116, 31166, 31261, 31264, 31336, 31397, 31414, 31445, 31465, 31491, 31562, 31644, 31815, 31862, 31878, 31898, 31930, 32009, 32011, 32018, 32055, 32057, 32059, 32079, 32099, 32131, 32186, 32187, 32269, 32308, 32317, 32323, 32342, 32444, 32447, 32457, 32482, 32528, 32596, 32666, 32719, 32752, 33040, 33099, 33181, 33189, 33194, 33224, 33429, 33636, 33830, 33854, 33921, 33926, 33932, 34023, 34067, 34101, 34110, 34127, 34206, 34270, 34333, 34417, 34459, 34463, 34478, 34479, 34494, 34524, 34729, 34801, 34809, 34810, 34864, 34916, 34945, 34954, 35055, 35152, 35165, 35299, 35363, 35412, 35596, 35655, 35662, 35695, 35799, 35881, 35882, 35930, 35947, 35952, 35953, 35954, 36002, 36013, 36099, 36102, 36136, 36138, 36140, 36183, 36373, 36409, 36458, 36464, 36476, 36531, 36562, 36568, 36571, 36617, 36618, 36704, 36740, 36743, 36758, 36781, 36783, 36814, 36820, 36973, 37052, 37142, 37152, 37255, 37292, 37316, 37378, 37540, 37542, 37659, 37787, 37794, 37811, 37832, 37865, 37937, 37943, 37949, 37950, 37987, 37990, 38219, 38251, 38264, 38295, 38297, 38374, 38378, 38413, 38432, 38446, 38530, 38542, 38564, 38572, 38578, 38606, 38608, 38675, 38716, 38748, 38805, 38869, 38969, 38970, 38980, 39062, 39078, 39093, 39108, 39190, 39196, 39251, 39298, 39335, 39343, 39438, 39446, 39448, 39451, 39720, 39722, 39794, 39856, 39960, 39962, 39999, 40000, 40034, 40041, 40126, 40173, 40208, 40216, 40343, 40393, 40394, 40407, 40412, 40420, 40497, 40599, 40607, 40636, 40666, 40720, 40729, 40739, 40740, 40758, 40764, 40767, 40769, 40811, 40824, 41025, 41058, 41124, 41191, 41192, 41193, 41283, 41358, 41426, 41434, 41451, 41475, 41476, 41567, 41574, 41579, 41611, 41726, 41767, 41801, 41862, 41883, 41884, 41899, 41946, 41996, 42001, 42071, 42080, 42222, 42293, 42304, 42310, 42314, 42318, 42386, 42402, 42413, 42417, 42444, 42498, 42499, 42501, 42507, 42556, 42565, 42576, 42598, 42674, 42675, 42766, 42767, 42821, 42883, 42887, 42920, 42923, 42939, 42995, 43005, 43052, 43053, 43088, 43098, 43230, 43289, 43408, 43457, 43469, 43483, 43603, 43613, 43649, 43712, 43714, 43733, 43742, 43743, 43779, 43887, 44019, 44065, 44069, 44072, 44125, 44278, 44329, 44386, 44434, 44503, 44514, 44516, 44622, 44645, 44659, 44675, 44678, 44706, 44791, 44794, 44797, 44880, 44881, 44951, 45054, 45107, 45121, 45168, 45169, 45212, 45272, 45344, 45345, 45445, 45531, 45549, 45554, 45565, 45580, 45616, 45617, 45640, 45641, 45654, 45677, 45692, 45696, 45746, 45792, 45861, 45889, 45920, 45983, 46083, 46119, 46146, 46153, 46244, 46263, 46359, 46400, 46404, 46460, 46532, 46556, 46559, 46663, 46684, 46692, 46698, 46716, 46733, 46988, 47029, 47096, 47098, 47176, 47209, 47262, 47272, 47331, 47337, 47372, 47424, 47447, 47451, 47463, 47608, 47649, 47667, 47718, 47765, 47772, 47776, 47865, 47882, 47894, 47999, 48045, 48201, 48277, 48301, 48350, 48360, 48363, 48444, 48446, 48466, 48488, 48507, 48536, 48569, 48570, 48575, 48577, 48640, 48688, 48747, 48793, 48870, 48951, 48952, 49034, 49118, 49138, 49163, 49197, 49199, 49241, 49246, 49305, 49319, 49359, 49391, 49422, 49458, 49462, 49466, 49525, 49539, 49551, 49565, 49567, 49648, 49661, 49702, 49740, 49741, 49742, 49747, 49749, 49751, 49989, 49990, 50003, 50008, 50010, 50036, 50039, 50043, 50122, 50125, 50148, 50174, 50226, 50244, 50245, 50264, 50278, 50280, 50288, 50289, 50310, 50385, 50387, 50463, 50483, 50505, 50545, 50592, 50633, 50637, 50640, 50642, 50671, 50687, 50730, 50760, 50820, 50918, 50920, 50946, 50987, 50991, 51121, 51137, 51206, 51215, 51236, 51262, 51306, 51425, 51439, 51474, 51489, 51495, 51507, 51546, 51559, 51638, 51680, 51730, 51778, 51779, 51791, 51866, 51878, 51956, 51964, 51982, 51983, 51985, 51986, 52028, 52041, 52130, 52131, 52139, 52176, 52207, 52208, 52211, 52217, 52231, 52252, 52254, 52290, 52297, 52320, 52371, 52482, 52495, 52497, 52518, 52564, 52598, 52604, 52700, 52703, 52708, 52744, 52817, 52947, 52968, 52984, 53034, 53054, 53058, 53076, 53091, 53110, 53213, 53215, 53243, 53245, 53280, 53360, 53405, 53406, 53420, 53481, 53501, 53534, 53569, 53571, 53574, 53578, 53591, 53599, 53607, 53617, 53629, 53641, 53652, 53661, 53662, 53681, 53703, 53709, 53719, 53807, 53820, 53955, 54014, 54026, 54131, 54181, 54184, 54196, 54212, 54261, 54352, 54360, 54361, 54392, 54402, 54425, 54432, 54460, 54542, 54550, 54558, 54582, 54599, 54746, 54752, 54799, 54887, 54947, 54972, 55011, 55035, 55040, 55045, 55066, 55155, 55180, 55183, 55198, 55247, 55249, 55292, 55331, 55343, 55356, 55369, 55371, 55384, 55404, 55406, 55412, 55555, 55556, 55607, 55676, 55714, 55850, 55853, 55859, 55864, 55888, 55915, 55959, 55999, 56002, 56038, 56051, 56168, 56170, 56174, 56184, 56206, 56216, 56217, 56223, 56225, 56237, 56241, 56247, 56302, 56412, 56448, 56532, 56695, 56714, 56733, 56768, 56769, 56795, 56799, 56855, 56925, 56933, 56938, 56971, 57150, 57190, 57217, 57263, 57276, 57307, 57331, 57470, 57507, 57560, 57624, 57644, 57660, 57666, 57793, 57798, 57964, 57984, 58060, 58099, 58151, 58153, 58172, 58233, 58245, 58381, 58395, 58397, 58494, 58605, 58656, 58706, 58707, 58726, 58750, 58857, 58865, 58887, 58924, 58926, 58931, 58934, 58985, 59032, 59058, 59092, 59103, 59216, 59220, 59276, 59277, 59326, 59345, 59371, 59379, 59398, 59433, 59467, 59503, 59506, 59517, 59528, 59530, 59532, 59554, 59570, 59596, 59605, 59627, 59697, 59760, 59767, 59801, 59850, 59863, 60010, 60043, 60056, 60059, 60076, 60088, 60164, 60211, 60215, 60251, 60271, 60274, 60329, 60337, 60425, 60426, 60472, 60491, 60499, 60603, 60690, 60712, 60750, 60760, 60813, 60818, 60962, 60975, 61080, 61115, 61157, 61308, 61326, 61345, 61358, 61430, 61435, 61439, 61440, 61497, 61571, 61574, 61628, 61686, 61750, 61789, 61806, 61846, 61872, 62013, 62058, 62067, 62097, 62098, 62179, 62185, 62225, 62296, 62297, 62298, 62300, 62305, 62311, 62426, 62481, 62486, 62496, 62560, 62564, 62605, 62650, 62660, 62698, 62705, 62706, 62707, 62716, 62825, 63013, 63015, 63073, 63105, 63116, 63140, 63170, 63172, 63352, 63366, 63422, 63438, 63476, 63484, 63500, 63570, 63618, 63625, 63626, 63663, 63665, 63671, 63719, 63796, 63827, 63964, 64062, 64124, 64176, 64192, 64214, 64253, 64261, 64317, 64336, 64364, 64403, 64414, 64470, 64569, 64583, 64636, 64646, 64650, 64669, 64679, 64691, 64743, 64747, 64753, 64789, 64834, 64852, 64857, 64945, 64995, 65171, 65201, 65213, 65254, 65255, 65257, 65262, 65264, 65461, 65467, 65500, 65507, 65519, 65540, 65541, 65570, 65571, 65597, 65599, 65613, 65723, 65799, 65938, 65982, 66059, 66079, 66157, 66232, 66350, 66356, 66396, 66401, 66430, 66439, 66459, 66465, 66511, 66514, 66518, 66522, 66535, 66555, 66608, 66633, 66638, 66683, 66741, 66761, 66803, 66946, 66996, 67060, 67108, 67123, 67137, 67141, 67147, 67357, 67360, 67411, 67498, 67580, 67662, 67664, 67671, 67692, 67717, 67719, 67730, 67742, 67746, 67747, 67752, 67755, 67850, 67890, 67893, 67896, 67901, 67925, 67955, 67988, 68051, 68148, 68246, 68291, 68455, 68471, 68472, 68629, 68736, 68739, 68749, 68752, 68799, 68834, 68835, 68931, 68956, 69057, 69058, 69078, 69094, 69109, 69142, 69169, 69190, 69195, 69366, 69376, 69403, 69520, 69595, 69601, 69609, 69622, 69680, 69681, 69703, 69841, 69877, 69902, 69960, 69961, 70027, 70075, 70130, 70225, 70282, 70284, 70335, 70368, 70393, 70413, 70460, 70570, 70589, 70759, 70770, 70781, 70794, 70824, 70825, 70902, 70918, 71040, 71074, 71077, 71118, 71218, 71245, 71371, 71442, 71545, 71566, 71574, 71576, 71602, 71681, 71712, 71718, 71719, 71724, 71725, 71854, 71861, 72049, 72114, 72201, 72291, 72311, 72315, 72406, 72439, 72444, 72464, 72491, 72493, 72494, 72556, 72562, 72579, 72616, 72628, 72634, 72699, 72744, 72747, 72750, 72811, 72818, 72949, 72960, 72975, 73033, 73034, 73053, 73074, 73135, 73143, 73220, 73238, 73252, 73271, 73280, 73304, 73315, 73420, 73440, 73441, 73452, 73497, 73544, 73553, 73610, 73624, 73703, 73714, 73744, 73759, 73766, 73767, 73785, 73842, 73865, 73914, 73966, 73970, 74016, 74024, 74059, 74081, 74207, 74225, 74277, 74302, 74310, 74400, 74402, 74577, 74614, 74653, 74659, 74788, 74834, 74844, 74853, 74921, 74932, 74939, 75043, 75049, 75050, 75055, 75059, 75063, 75077, 75117, 75156, 75226, 75227, 75233, 75348, 75398, 75401, 75420, 75441, 75465, 75607, 75794, 75855, 75858, 75978, 76014, 76035, 76040, 76071, 76075, 76108, 76111, 76217, 76218, 76327, 76432, 76451, 76489, 76504, 76597, 76618, 76707, 76832, 76862, 76892, 76930, 76946, 77019, 77107, 77113, 77129, 77152, 77245, 77252, 77269, 77270, 77293, 77325, 77460, 77480, 77504, 77515, 77526, 77529, 77558, 77618, 77755, 77786, 77787, 77788, 77822, 77825, 77837, 77849, 77850, 77852, 77888, 77915, 77978, 78090, 78091, 78105, 78128, 78186, 78194, 78236, 78328, 78369, 78370, 78425, 78462, 78470, 78550, 78566, 78696, 78901, 78921, 79028, 79035, 79069, 79131, 79155, 79157, 79239, 79240, 79277, 79379, 79408, 79451, 79467, 79610, 79631, 79633, 79722, 79746, 79814, 79818, 79975, 80042, 80093, 80116, 80121, 80123, 80327, 80358, 80374, 80396, 80433, 80438, 80442, 80496, 80526, 80531, 80577, 80579, 80581, 80602, 80604, 80629, 80643, 80650, 80692, 80742, 80763, 80804, 80809, 80811, 80928, 80954, 81004, 81175, 81296, 81321, 81325, 81370, 81416, 81435, 81462, 81505, 81539, 81544, 81546, 81565, 81707, 81708, 81794, 81900, 81909, 81960, 81969, 81971, 81974, 82079, 82159, 82216, 82261, 82296, 82358, 82362, 82498, 82535, 82561, 82562, 82587, 82588, 82615, 82651, 82717, 82753, 82768, 82797, 82798, 82848, 82947, 82965, 82966, 83022, 83053, 83058, 83080, 83151, 83160, 83171, 83172, 83188, 83224, 83298, 83490, 83507, 83560, 83563, 83580, 83676, 83697, 83774, 83825, 83830, 83835, 83848, 83860, 83877, 83906, 83924, 83964, 84007, 84008, 84032, 84053, 84127, 84145, 84150, 84156, 84162, 84164, 84180, 84182, 84214, 84299, 84302, 84333, 84457, 84513, 84585, 84614, 84628, 84657, 84663, 84728, 84800, 84804, 84809, 84818, 84845, 84918, 84943, 85010, 85040, 85091, 85190, 85296, 85323, 85451, 85508, 85532, 85561, 85563, 85566, 85764, 85765, 85772, 85829, 85835, 85836, 85837, 85840, 85848, 85857, 85908, 85910, 85962, 85969, 85970, 85986, 86003, 86018, 86021, 86094, 86116, 86133, 86204, 86234, 86332, 86417, 86486, 86499, 86516, 86546, 86560, 86561, 86563, 86579, 86609, 86652, 86654, 86671, 86721, 86787, 86845, 86892, 86966, 86974, 86990, 86991, 86993, 87018, 87046, 87130, 87165, 87168, 87181, 87325, 87336, 87337, 87345, 87376, 87390, 87415, 87419, 87421, 87422, 87502, 87506, 87507, 87519, 87520, 87525, 87547, 87601, 87632, 87664, 87691, 87695, 87720, 87888, 88012, 88038, 88046, 88131, 88135, 88136, 88166, 88198, 88199, 88202, 88283, 88311, 88320, 88349, 88351, 88357, 88361, 88512, 88560, 88576, 88577, 88598, 88602, 88604, 88633, 88708, 88712, 88715, 88727, 88850, 88877, 88903, 88905, 88913, 88930, 88948, 88969, 89006, 89027, 89072, 89120, 89124, 89169, 89170, 89171, 89248, 89487, 89549, 89560, 89588, 89591, 89630, 89652, 89737, 89755, 89781, 89782, 89783, 89820, 89835, 89862, 89924, 90007, 90021, 90023, 90031, 90043, 90071, 90077, 90119, 90127, 90151, 90189, 90253, 90281, 90403, 90413, 90442, 90452, 90592, 90632, 90645, 90668, 90794, 90806, 90807, 90816, 90830, 90839, 90850, 90854, 90881, 90922, 90954, 90972, 90976, 91027, 91033, 91101, 91152, 91186, 91192, 91196, 91230, 91254, 91403, 91453, 91456, 91457, 91557, 91586, 91613, 91666, 91668, 91752, 91772, 91858, 91867, 92013, 92024, 92028, 92081, 92085, 92092, 92108, 92123, 92134, 92152, 92189, 92208, 92218, 92220, 92228, 92248, 92387, 92464, 92472, 92478, 92480, 92501, 92513, 92537, 92554, 92577, 92580, 92588, 92813, 92817, 92831, 92916, 92927, 92933, 92977, 92998, 93032, 93096, 93099, 93104, 93119, 93174, 93235, 93283, 93296, 93312, 93329, 93365, 93395, 93517, 93563, 93608, 93626, 93627, 93633, 93690, 93720, 93725, 93798, 93804, 93806, 93819, 93837, 93889, 93936, 93968, 93984, 93988, 94022, 94023, 94140, 94259, 94260, 94306, 94313, 94357, 94360, 94365, 94376, 94392, 94410, 94445, 94495, 94513, 94538, 94630, 94679, 94705, 94780, 94792, 94793, 94797, 94835, 94838, 94855, 94878, 94879, 94881, 94887, 94918, 94947, 94969, 95147, 95180, 95194, 95267, 95283, 95284, 95558, 95701, 95767, 95839, 95845, 95879, 95880, 95941, 96083, 96094, 96196, 96234, 96241, 96263, 96304, 96415, 96430, 96436, 96450, 96500, 96504, 96530, 96599, 96600, 96601, 96616, 96641, 96743, 96765, 96796, 96831, 96909, 96921, 97012, 97020, 97036, 97057, 97101, 97143, 97207, 97208, 97371, 97404, 97469, 97470, 97479, 97480, 97499, 97586, 97590, 97595, 97602, 97603, 97607, 97618, 97622, 97675, 97676, 97687, 97698, 97701, 97734, 97750, 97844, 97916, 97920, 97937, 97938, 97967, 97983, 98023, 98034, 98085, 98086, 98150, 98155, 98191, 98319, 98340, 98346, 98412, 98441, 98463, 98471, 98571, 98586, 98629, 98647, 98698, 98709, 98714, 98724, 98765, 98771, 98772, 98780, 98871, 98940, 98952, 98957, 98962, 98981, 98983, 99024, 99031, 99086, 99126, 99129, 99178, 99179, 99239, 99242, 99260, 99263, 99327, 99359, 99361, 99431, 99452, 99454, 99467, 99468, 99472, 99476, 99499, 99539, 99568, 99617, 99621, 99627, 99717, 99793, 99878, 99908, 99916, 99972, 100025, 100052, 100103, 100105, 100143, 100152, 100182, 100192, 100260, 100272, 100290, 100394, 100418, 100425, 100446, 100452, 100536, 100574, 100593, 100606, 100625, 100629, 100716, 100717, 100754, 100791, 100813, 100885, 100908, 100912, 100938, 100974, 100976, 101066, 101095, 101105, 101108, 101168, 101174, 101178, 101192, 101199, 101212, 101220, 101267, 101273, 101319, 101323, 101324, 101334, 101361, 101368, 101378, 101422, 101425, 101467, 101560, 101579, 101611, 101635, 101662, 101682, 101695, 101705, 101748, 101780, 101797, 101842, 101848, 101872, 101875, 101917, 101942, 101958, 101994, 101996, 102118, 102191, 102199, 102201, 102204, 102277, 102309, 102331, 102345, 102352, 102376, 102397, 102472, 102490, 102523, 102525, 102532, 102551, 102617, 102672, 102725, 102731, 102750, 102752, 102806, 102856, 102874, 102876, 102891, 102912, 102950, 102951, 103116, 103201, 103208, 103213, 103218, 103235, 103264, 103265, 103430, 103431, 103463, 103464, 103492, 103500, 103549, 103571, 103586, 103589, 103698, 103749, 103767, 103783, 103786, 103825, 103837, 103838, 103995, 103999, 104040, 104049, 104075, 104098, 104113, 104114, 104248, 104289, 104312, 104430, 104437, 104485, 104522, 104602, 104655, 104865, 104878, 104880, 104953, 104967, 104976, 105017, 105110, 105142, 105218, 105274, 105348, 105361, 105437, 105441, 105496, 105563, 105651, 105686, 105689, 105725, 105849, 105906, 105923, 105970, 105980, 106000, 106050, 106051, 106176, 106203, 106224, 106232, 106245, 106353, 106355, 106400, 106497, 106501, 106619, 106639, 106837, 106866, 106869, 106875, 106881, 106882, 106885, 106894, 106964, 107002, 107023, 107024, 107035, 107036, 107037, 107042, 107093, 107121, 107163, 107297, 107308, 107344, 107351, 107352, 107397, 107436, 107466, 107588, 107597, 107645, 107702, 107714, 107715, 107757, 107766, 107791, 107797, 107805, 107808, 107877, 107879, 107883, 107884, 107885, 107988, 107993, 108062, 108139, 108155, 108213, 108289, 108393, 108397, 108437, 108494, 108604, 108722, 108754, 108762, 108776, 108850, 108883, 108906, 108930, 108945, 108946, 108947, 108951, 109000, 109053, 109072, 109107, 109153, 109317, 109338, 109339, 109365, 109369, 109371, 109432, 109534, 109544, 109545, 109580, 109593, 109670, 109686, 109699, 109733, 109771, 109778, 109822, 109834, 109952, 109976, 110003, 110006, 110055, 110211, 110239, 110248, 110293, 110295, 110299, 110319, 110325, 110356, 110364, 110365, 110387, 110422, 110427, 110455, 110461, 110486, 110487, 110523, 110529, 110536, 110601, 110644, 110690, 110704, 110741, 110742, 110749, 110750, 110758, 110788, 110798, 110902, 110942, 111082, 111244, 111271, 111303, 111388, 111496, 111570, 111596, 111607, 111622, 111631, 111641, 111642, 111683, 111685, 111687, 111732, 111789, 111794, 111875, 111916, 111932, 111938, 111945, 111970, 111996, 112059, 112071, 112125, 112158, 112163, 112172, 112217, 112221, 112242, 112265, 112266, 112272, 112297, 112304, 112383, 112384, 112385, 112390, 112476, 112479, 112490, 112491, 112500, 112529, 112640, 112705, 112711, 112715, 112727, 112737, 112833, 112849, 112868, 112945, 113008, 113046, 113057, 113079, 113210, 113254, 113260, 113277, 113335, 113419, 113481, 113652, 113686, 113751, 113780, 113867, 113879, 113895, 113910, 113964, 114097, 114116, 114148, 114183, 114187, 114265, 114380, 114402, 114497, 114604, 114605, 114645, 114650, 114761, 114789, 114817, 114880, 114979, 115007, 115016, 115076, 115124, 115143, 115217, 115260, 115270, 115310, 115314, 115330, 115347, 115351, 115354, 115433, 115438, 115440, 115459, 115502, 115519, 115531, 115558, 115666, 115667, 115670, 115675, 115733, 115963, 115964, 115975, 116017, 116046, 116069, 116071, 116078, 116180, 116208, 116216, 116230, 116231, 116399, 116488, 116514, 116576, 116665, 116757, 116782, 116784, 116800, 116805, 116851, 116895, 116901, 116915, 116949, 116962, 116969, 116978, 117169, 117171, 117172, 117175, 117306, 117308, 117350, 117362, 117396, 117443, 117464, 117478, 117493, 117690, 117751, 117863, 117867, 117988, 118025, 118028, 118040, 118079, 118119, 118143, 118170, 118179, 118306, 118310, 118325, 118346, 118349, 118396, 118403, 118469, 118487, 118488, 118519, 118630, 118637, 118675, 118762, 118859, 118945, 119087, 119097, 119102, 119136, 119146, 119150, 119158, 119163, 119164, 119190, 119236, 119254, 119319, 119411, 119412, 119615, 119616, 119619, 119669, 119683, 119702, 119711, 119714, 119762, 119780, 119804, 119844, 119863, 119864, 119867, 119907, 119958, 119959, 119969, 119975, 120017, 120019, 120050, 120051, 120055, 120094, 120106, 120149, 120163, 120166, 120169, 120174, 120177, 120206, 120335, 120336, 120459, 120557, 120631, 120678, 120698, 120747, 120783, 120792, 120794, 120800, 120810, 120849, 121030, 121039, 121052, 121054, 121081, 121100, 121131, 121140, 121147, 121218, 121278, 121402, 121403, 121554, 121581, 121630, 121655, 121754, 121758, 121768, 121831, 121832, 121916, 121928, 121943, 122040, 122041, 122066, 122101, 122105, 122148, 122193, 122272, 122276, 122294, 122349, 122369, 122572, 122581, 122600, 122637, 122654, 122668, 122670, 122700, 122710, 122729, 122746, 122802, 122863, 122883, 122899, 122921, 122938, 122978, 122980, 122993, 123205, 123239, 123247, 123267, 123268, 123300, 123340, 123341, 123397, 123431, 123437, 123458, 123478, 123485, 123487, 123556, 123581, 123603, 123673, 123698, 123701, 123714, 123757, 123762, 123792, 123793, 123876, 123911, 124056, 124095, 124118, 124126, 124146, 124181, 124231, 124243, 124297, 124306, 124313, 124315, 124352, 124370, 124533, 124536, 124546, 124587, 124591, 124593, 124633, 124682, 124683, 124687, 124751, 124794, 124795, 124838, 124936, 124939, 125005, 125009, 125045, 125102, 125116, 125137, 125190, 125192, 125231, 125267, 125285, 125302, 125316, 125317, 125350, 125380, 125454, 125557, 125561, 125595, 125609, 125664, 125678, 125735, 125745, 125853, 125867, 125892, 125915, 125935, 125937, 125942, 125957, 126052, 126055, 126063, 126102, 126103, 126158, 126194, 126261, 126292, 126340, 126354, 126451, 126488, 126489, 126533, 126538, 126549, 126716, 126737, 126748, 126760, 126917, 126919, 126924, 126948, 126976, 126985, 126986, 126992, 127085, 127112, 127117, 127193, 127195, 127204, 127274, 127302, 127393, 127410, 127635, 127641, 127688, 127691, 127705, 127750, 127792, 127816, 127886, 128013, 128027, 128038, 128102, 128160, 128338, 128376, 128402, 128463, 128493, 128732, 128814, 128816, 128842, 128843, 128858, 128879, 128898, 128902, 128905, 128985, 129039, 129065, 129106, 129130, 129140, 129147, 129149, 129156, 129183, 129229, 129256, 129313, 129315, 129331, 129356, 129361, 129412, 129417, 129446, 129458, 129538, 129608, 129610, 129622, 129634, 129641, 129819, 129856, 129898, 129984, 129985, 130006, 130068, 130146, 130232, 130234, 130277, 130384, 130398, 130414, 130416, 130438, 130442, 130519, 130543, 130568, 130663, 130684, 130759, 130779, 130784, 130836, 130837, 130840, 130883, 131018, 131043, 131123, 131126, 131211, 131217, 131281, 131309, 131315, 131323, 131402, 131492, 131536, 131542, 131647, 131651, 131717, 131814, 131840, 131866, 131979, 131982, 132021, 132043, 132076, 132104, 132105, 132221, 132247, 132248, 132368, 132376, 132525, 132615, 132629, 132630, 132633, 132726, 132728, 132733, 132760, 132804, 132877, 132927, 132976, 133011, 133024, 133026, 133034, 133062, 133097, 133202, 133228, 133257, 133278]"
c1_random,Greedy-f3,0.1,10%,0.2,20%,3581,14322,3806,3031,775,17009,13104,0.9149560117302052,False,309,13809,"[17, 73, 102, 119, 277, 278, 295, 319, 320, 349, 350, 385, 411, 424, 465, 494, 498, 542, 543, 555, 568, 572, 623, 642, 654, 655, 680, 730, 748, 762, 766, 813, 816, 839, 898, 1086, 1116, 1120, 1123, 1158, 1218, 1235, 1341, 1351, 1366, 1368, 1369, 1372, 1436, 1482, 1500, 1510, 1513, 1516, 1518, 1697, 1804, 1898, 1917, 1918, 1949, 1964, 2109, 2111, 2112, 2117, 2121, 2161, 2162, 2166, 2214, 2220, 2241, 2255, 2261, 2278, 2280, 2368, 2389, 2392, 2449, 2486, 2518, 2642, 2656, 2657, 2686, 2700, 2743, 2794, 2797, 2844, 2855, 2857, 2889, 2910, 2916, 2917, 2968, 3012, 3018, 3028, 3068, 3121, 3130, 3142, 3149, 3160, 3167, 3203, 3204, 3233, 3247, 3269, 3270, 3293, 3328, 3330, 3365, 3430, 3480, 3518, 3527, 3528, 3532, 3534, 3544, 3545, 3566, 3579, 3598, 3604, 3609, 3649, 3684, 3685, 3688, 3708, 3710, 3711, 3728, 3768, 3776, 3781, 3810, 3908, 3955, 3981, 4012, 4032, 4161, 4173, 4272, 4279, 4282, 4284, 4378, 4390, 4460, 4462, 4483, 4534, 4679, 4685, 4697, 4713, 4734, 4740, 4741, 4753, 4786, 4790, 4797, 4874, 4905, 4908, 4984, 5066, 5067, 5102, 5130, 5143, 5149, 5152, 5157, 5167, 5180, 5184, 5206, 5209, 5212, 5223, 5233, 5237, 5284, 5399, 5429, 5453, 5476, 5480, 5513, 5515, 5524, 5541, 5547, 5548, 5580, 5802, 5811, 5898, 5900, 6026, 6364, 6387, 6440, 6441, 6532, 6612, 6647, 6655, 6659, 6835, 6838, 6845, 6871, 6914, 6977, 7004, 7005, 7026, 7140, 7146, 7206, 7264, 7325, 7371, 7387, 7477, 7482, 7612, 7620, 7629, 7686, 7756, 7784, 7821, 7919, 7923, 7968, 8053, 8071, 8129, 8139, 8303, 8398, 8413, 8445, 8458, 8486, 8507, 8553, 8626, 8711, 8800, 8801, 8833, 8836, 8840, 8978, 8985, 8995, 9011, 9039, 9052, 9208, 9263, 9268, 9284, 9292, 9316, 9334, 9414, 9418, 9452, 9481, 9606, 9617, 9780, 9887, 9904, 9987, 9999, 10017, 10056, 10116, 10174, 10191, 10194, 10199, 10243, 10399, 10429, 10479, 10713, 10834, 10873, 10914, 11006, 11025, 11080, 11083, 11107, 11318, 11337, 11383, 11412, 11478, 11536, 11551, 11723, 11729, 11753, 11856, 11874, 12011, 12050, 12068, 12073, 12150, 12166, 12186, 12328, 12350, 12376, 12448, 12449, 12505, 12548, 12614, 12620, 12633, 12645, 12732, 12757, 12758, 12832, 12837, 12904, 13070, 13074, 13084, 13112, 13121, 13144, 13179, 13259, 13395, 13575, 13577, 13598, 13622, 13630, 13652, 13693, 13742, 13894, 14084, 14104, 14128, 14129, 14186, 14210, 14273, 14302, 14304, 14309, 14354, 14363, 14404, 14413, 14439, 14465, 14467, 14507, 14522, 14528, 14548, 14570, 14646, 14686, 14691, 14716, 14783, 14802, 14816, 14867, 15052, 15124, 15161, 15213, 15223, 15231, 15238, 15250, 15252, 15254, 15309, 15311, 15342, 15352, 15353, 15435, 15440, 15524, 15547, 15555, 15607, 15669, 15765, 15767, 15768, 15840, 15921, 15941, 15973, 15976, 16035, 16042, 16043, 16059, 16078, 16110, 16116, 16118, 16190, 16211, 16235, 16236, 16237, 16250, 16265, 16305, 16329, 16340, 16349, 16359, 16430, 16434, 16455, 16463, 16480, 16523, 16607, 16666, 16681, 16773, 16784, 16790, 16793, 16884, 16886, 17247, 17248, 17263, 17438, 17442, 17447, 17459, 17593, 17736, 17760, 17837, 17864, 17866, 17920, 18013, 18027, 18079, 18092, 18137, 18138, 18250, 18255, 18258, 18326, 18327, 18344, 18357, 18425, 18442, 18444, 18451, 18453, 18459, 18553, 18575, 18587, 18647, 18662, 18860, 18864, 18867, 18876, 18911, 18948, 18977, 18993, 18995, 19018, 19066, 19149, 19282, 19326, 19339, 19363, 19400, 19409, 19428, 19445, 19475, 19480, 19517, 19556, 19603, 19611, 19620, 19695, 19921, 19970, 20031, 20040, 20151, 20177, 20181, 20245, 20251, 20296, 20362, 20363, 20417, 20440, 20464, 20469, 20496, 20500, 20501, 20664, 20684, 20685, 20704, 20711, 20756, 20766, 20775, 20781, 20872, 20875, 20913, 20975, 20977, 20978, 21005, 21144, 21209, 21228, 21292, 21372, 21383, 21396, 21416, 21418, 21448, 21456, 21457, 21486, 21514, 21536, 21539, 21542, 21737, 21757, 21762, 21768, 21859, 21862, 21867, 21884, 21914, 21991, 22150, 22154, 22171, 22240, 22300, 22316, 22416, 22437, 22440, 22555, 22570, 22653, 22681, 22698, 22767, 22804, 22837, 23070, 23082, 23085, 23099, 23107, 23110, 23119, 23122, 23256, 23344, 23375, 23456, 23461, 23483, 23564, 23579, 23673, 23752, 23820, 23893, 23908, 24107, 24138, 24330, 24417, 24442, 24500, 24583, 24670, 24682, 24836, 24896, 24921, 25164, 25168, 25178, 25211, 25230, 25247, 25305, 25346, 25373, 25400, 25471, 25518, 25522, 25538, 25543, 25548, 25626, 25717, 25741, 25761, 25822, 25831, 25850, 25910, 25962, 25995, 26042, 26086, 26091, 26141, 26293, 26308, 26323, 26326, 26349, 26413, 26459, 26474, 26526, 26624, 26733, 26738, 26775, 26787, 26821, 26843, 26859, 26860, 26861, 26896, 26972, 26973, 27031, 27062, 27147, 27170, 27224, 27251, 27281, 27282, 27297, 27305, 27306, 27309, 27358, 27363, 27375, 27385, 27397, 27400, 27406, 27412, 27428, 27442, 27471, 27560, 27580, 27581, 27666, 27710, 27739, 27746, 27748, 27749, 27882, 27905, 27943, 28003, 28005, 28019, 28027, 28046, 28063, 28064, 28130, 28133, 28138, 28139, 28194, 28236, 28247, 28298, 28377, 28384, 28391, 28394, 28516, 28535, 28549, 28564, 28633, 28682, 28692, 28717, 28718, 28753, 28789, 28811, 28907, 28917, 28918, 28933, 28964, 29001, 29005, 29065, 29128, 29131, 29189, 29194, 29202, 29294, 29295, 29301, 29353, 29355, 29388, 29403, 29421, 29631, 29644, 29649, 29739, 29740, 29801, 29835, 29845, 29880, 29881, 29895, 29909, 29934, 29947, 29949, 30068, 30189, 30193, 30196, 30234, 30287, 30352, 30353, 30372, 30375, 30407, 30408, 30441, 30476, 30513, 30514, 30547, 30588, 30630, 30666, 30668, 30704, 30780, 30921, 30941, 31076, 31079, 31098, 31116, 31166, 31261, 31264, 31336, 31397, 31414, 31445, 31465, 31491, 31562, 31644, 31815, 31862, 31878, 31898, 31930, 32009, 32011, 32018, 32055, 32057, 32059, 32079, 32099, 32131, 32186, 32187, 32269, 32308, 32317, 32323, 32342, 32444, 32447, 32457, 32482, 32528, 32596, 32666, 32719, 32752, 33040, 33099, 33181, 33189, 33194, 33224, 33429, 33636, 33830, 33854, 33921, 33926, 33932, 34023, 34067, 34101, 34110, 34127, 34206, 34270, 34333, 34417, 34459, 34463, 34478, 34479, 34494, 34524, 34729, 34801, 34809, 34810, 34864, 34916, 34945, 34954, 35055, 35152, 35165, 35299, 35363, 35412, 35596, 35655, 35662, 35695, 35799, 35881, 35882, 35930, 35947, 35952, 35953, 35954, 36002, 36013, 36099, 36102, 36136, 36138, 36140, 36183, 36373, 36409, 36458, 36464, 36476, 36531, 36562, 36568, 36571, 36617, 36618, 36704, 36740, 36743, 36758, 36781, 36783, 36814, 36820, 36973, 37052, 37142, 37152, 37255, 37292, 37316, 37378, 37540, 37542, 37659, 37787, 37794, 37811, 37832, 37865, 37937, 37943, 37949, 37950, 37987, 37990, 38219, 38251, 38264, 38295, 38297, 38374, 38378, 38413, 38432, 38446, 38530, 38542, 38564, 38572, 38578, 38606, 38608, 38675, 38716, 38748, 38805, 38869, 38969, 38970, 38980, 39062, 39078, 39093, 39108, 39190, 39196, 39251, 39298, 39335, 39343, 39438, 39446, 39448, 39451, 39720, 39722, 39794, 39856, 39960, 39962, 39999, 40000, 40034, 40041, 40126, 40173, 40208, 40216, 40343, 40393, 40394, 40407, 40412, 40420, 40497, 40599, 40607, 40636, 40666, 40720, 40729, 40739, 40740, 40758, 40764, 40767, 40769, 40811, 40824, 41025, 41058, 41124, 41191, 41192, 41193, 41283, 41358, 41426, 41434, 41451, 41475, 41476, 41567, 41574, 41579, 41611, 41726, 41767, 41801, 41862, 41883, 41884, 41899, 41946, 41996, 42001, 42071, 42080, 42222, 42293, 42304, 42310, 42314, 42318, 42386, 42402, 42413, 42417, 42444, 42498, 42499, 42501, 42507, 42556, 42565, 42576, 42598, 42674, 42675, 42766, 42767, 42821, 42883, 42887, 42920, 42923, 42939, 42995, 43005, 43052, 43053, 43088, 43098, 43230, 43289, 43408, 43457, 43469, 43483, 43603, 43613, 43649, 43712, 43714, 43733, 43742, 43743, 43779, 43887, 44019, 44065, 44069, 44072, 44125, 44278, 44329, 44386, 44434, 44503, 44514, 44516, 44622, 44645, 44659, 44675, 44678, 44706, 44791, 44794, 44797, 44880, 44881, 44951, 45054, 45107, 45121, 45168, 45169, 45212, 45272, 45344, 45345, 45445, 45531, 45549, 45554, 45565, 45580, 45616, 45617, 45640, 45641, 45654, 45677, 45692, 45696, 45746, 45792, 45861, 45889, 45920, 45983, 46083, 46119, 46146, 46153, 46244, 46263, 46359, 46400, 46404, 46460, 46532, 46556, 46559, 46663, 46684, 46692, 46698, 46716, 46733, 46988, 47029, 47096, 47098, 47176, 47209, 47262, 47272, 47331, 47337, 47372, 47424, 47447, 47451, 47463, 47608, 47649, 47667, 47718, 47765, 47772, 47776, 47865, 47882, 47894, 47999, 48045, 48201, 48277, 48301, 48350, 48360, 48363, 48444, 48446, 48466, 48488, 48507, 48536, 48569, 48570, 48575, 48577, 48640, 48688, 48747, 48793, 48870, 48951, 48952, 49034, 49118, 49138, 49163, 49197, 49199, 49241, 49246, 49305, 49319, 49359, 49391, 49422, 49458, 49462, 49466, 49525, 49539, 49551, 49565, 49567, 49648, 49661, 49702, 49740, 49741, 49742, 49747, 49749, 49751, 49989, 49990, 50003, 50008, 50010, 50036, 50039, 50043, 50122, 50125, 50148, 50174, 50226, 50244, 50245, 50264, 50278, 50280, 50288, 50289, 50310, 50385, 50387, 50463, 50483, 50505, 50545, 50592, 50633, 50637, 50640, 50642, 50671, 50687, 50730, 50760, 50820, 50918, 50920, 50946, 50987, 50991, 51121, 51137, 51206, 51215, 51236, 51262, 51306, 51425, 51439, 51474, 51489, 51495, 51507, 51546, 51559, 51638, 51680, 51730, 51778, 51779, 51791, 51866, 51878, 51956, 51964, 51982, 51983, 51985, 51986, 52028, 52041, 52130, 52131, 52139, 52176, 52207, 52208, 52211, 52217, 52231, 52252, 52254, 52290, 52297, 52320, 52371, 52482, 52495, 52497, 52518, 52564, 52598, 52604, 52700, 52703, 52708, 52744, 52817, 52947, 52968, 52984, 53034, 53054, 53058, 53076, 53091, 53110, 53213, 53215, 53243, 53245, 53280, 53360, 53405, 53406, 53420, 53481, 53501, 53534, 53569, 53571, 53574, 53578, 53591, 53599, 53607, 53617, 53629, 53641, 53652, 53661, 53662, 53681, 53703, 53709, 53719, 53807, 53820, 53955, 54014, 54026, 54131, 54181, 54184, 54196, 54212, 54261, 54352, 54360, 54361, 54392, 54402, 54425, 54432, 54460, 54542, 54550, 54558, 54582, 54599, 54746, 54752, 54799, 54887, 54947, 54972, 55011, 55035, 55040, 55045, 55066, 55155, 55180, 55183, 55198, 55247, 55249, 55292, 55331, 55343, 55356, 55369, 55371, 55384, 55404, 55406, 55412, 55555, 55556, 55607, 55676, 55714, 55850, 55853, 55859, 55864, 55888, 55915, 55959, 55999, 56002, 56038, 56051, 56168, 56170, 56174, 56184, 56206, 56216, 56217, 56223, 56225, 56237, 56241, 56247, 56302, 56412, 56448, 56532, 56695, 56714, 56733, 56768, 56769, 56795, 56799, 56855, 56925, 56933, 56938, 56971, 57150, 57190, 57217, 57263, 57276, 57307, 57331, 57470, 57507, 57560, 57624, 57644, 57660, 57666, 57793, 57798, 57964, 57984, 58060, 58099, 58151, 58153, 58172, 58233, 58245, 58381, 58395, 58397, 58494, 58605, 58656, 58706, 58707, 58726, 58750, 58857, 58865, 58887, 58924, 58926, 58931, 58934, 58985, 59032, 59058, 59092, 59103, 59216, 59220, 59276, 59277, 59326, 59345, 59371, 59379, 59398, 59433, 59467, 59503, 59506, 59517, 59528, 59530, 59532, 59554, 59570, 59596, 59605, 59627, 59697, 59760, 59767, 59801, 59850, 59863, 60010, 60043, 60056, 60059, 60076, 60088, 60164, 60211, 60215, 60251, 60271, 60274, 60329, 60337, 60425, 60426, 60472, 60491, 60499, 60603, 60690, 60712, 60750, 60760, 60813, 60818, 60962, 60975, 61080, 61115, 61157, 61308, 61326, 61345, 61358, 61430, 61435, 61439, 61440, 61497, 61571, 61574, 61628, 61686, 61750, 61789, 61806, 61846, 61872, 62013, 62058, 62067, 62097, 62098, 62179, 62185, 62225, 62296, 62297, 62298, 62300, 62305, 62311, 62426, 62481, 62486, 62496, 62560, 62564, 62605, 62650, 62660, 62698, 62705, 62706, 62707, 62716, 62825, 63013, 63015, 63073, 63105, 63116, 63140, 63170, 63172, 63352, 63366, 63422, 63438, 63476, 63484, 63500, 63570, 63618, 63625, 63626, 63663, 63665, 63671, 63719, 63796, 63827, 63964, 64062, 64124, 64176, 64192, 64214, 64253, 64261, 64317, 64336, 64364, 64403, 64414, 64470, 64569, 64583, 64636, 64646, 64650, 64669, 64679, 64691, 64743, 64747, 64753, 64789, 64834, 64852, 64857, 64945, 64995, 65171, 65201, 65213, 65254, 65255, 65257, 65262, 65264, 65461, 65467, 65500, 65507, 65519, 65540, 65541, 65570, 65571, 65597, 65599, 65613, 65723, 65799, 65938, 65982, 66059, 66079, 66157, 66232, 66350, 66356, 66396, 66401, 66430, 66439, 66459, 66465, 66511, 66514, 66518, 66522, 66535, 66555, 66608, 66633, 66638, 66683, 66741, 66761, 66803, 66946, 66996, 67060, 67108, 67123, 67137, 67141, 67147, 67357, 67360, 67411, 67498, 67580, 67662, 67664, 67671, 67692, 67717, 67719, 67730, 67742, 67746, 67747, 67752, 67755, 67850, 67890, 67893, 67896, 67901, 67925, 67955, 67988, 68051, 68148, 68246, 68291, 68455, 68471, 68472, 68629, 68736, 68739, 68749, 68752, 68799, 68834, 68835, 68931, 68956, 69057, 69058, 69078, 69094, 69109, 69142, 69169, 69190, 69195, 69366, 69376, 69403, 69520, 69595, 69601, 69609, 69622, 69680, 69681, 69703, 69841, 69877, 69902, 69960, 69961, 70027, 70075, 70130, 70225, 70282, 70284, 70335, 70368, 70393, 70413, 70460, 70570, 70589, 70759, 70770, 70781, 70794, 70824, 70825, 70902, 70918, 71040, 71074, 71077, 71118, 71218, 71245, 71371, 71442, 71545, 71566, 71574, 71576, 71602, 71681, 71712, 71718, 71719, 71724, 71725, 71854, 71861, 72049, 72114, 72201, 72291, 72311, 72315, 72406, 72439, 72444, 72464, 72491, 72493, 72494, 72556, 72562, 72579, 72616, 72628, 72634, 72699, 72744, 72747, 72750, 72811, 72818, 72949, 72960, 72975, 73033, 73034, 73053, 73074, 73135, 73143, 73220, 73238, 73252, 73271, 73280, 73304, 73315, 73420, 73440, 73441, 73452, 73497, 73544, 73553, 73610, 73624, 73703, 73714, 73744, 73759, 73766, 73767, 73785, 73842, 73865, 73914, 73966, 73970, 74016, 74024, 74059, 74081, 74207, 74225, 74277, 74302, 74310, 74400, 74402, 74577, 74614, 74653, 74659, 74788, 74834, 74844, 74853, 74921, 74932, 74939, 75043, 75049, 75050, 75055, 75059, 75063, 75077, 75117, 75156, 75226, 75227, 75233, 75348, 75398, 75401, 75420, 75441, 75465, 75607, 75794, 75855, 75858, 75978, 76014, 76035, 76040, 76071, 76075, 76108, 76111, 76217, 76218, 76327, 76432, 76451, 76489, 76504, 76597, 76618, 76707, 76832, 76862, 76892, 76930, 76946, 77019, 77107, 77113, 77129, 77152, 77245, 77252, 77269, 77270, 77293, 77325, 77460, 77480, 77504, 77515, 77526, 77529, 77558, 77618, 77755, 77786, 77787, 77788, 77822, 77825, 77837, 77849, 77850, 77852, 77888, 77915, 77978, 78090, 78091, 78105, 78128, 78186, 78194, 78236, 78328, 78369, 78370, 78425, 78462, 78470, 78550, 78566, 78696, 78901, 78921, 79028, 79035, 79069, 79131, 79155, 79157, 79239, 79240, 79277, 79379, 79408, 79451, 79467, 79610, 79631, 79633, 79722, 79746, 79814, 79818, 79975, 80042, 80093, 80116, 80121, 80123, 80327, 80358, 80374, 80396, 80433, 80438, 80442, 80496, 80526, 80531, 80577, 80579, 80581, 80602, 80604, 80629, 80643, 80650, 80692, 80742, 80763, 80804, 80809, 80811, 80928, 80954, 81004, 81175, 81296, 81321, 81325, 81370, 81416, 81435, 81462, 81505, 81539, 81544, 81546, 81565, 81707, 81708, 81794, 81900, 81909, 81960, 81969, 81971, 81974, 82079, 82159, 82216, 82261, 82296, 82358, 82362, 82498, 82535, 82561, 82562, 82587, 82588, 82615, 82651, 82717, 82753, 82768, 82797, 82798, 82848, 82947, 82965, 82966, 83022, 83053, 83058, 83080, 83151, 83160, 83171, 83172, 83188, 83224, 83298, 83490, 83507, 83560, 83563, 83580, 83676, 83697, 83774, 83825, 83830, 83835, 83848, 83860, 83877, 83906, 83924, 83964, 84007, 84008, 84032, 84053, 84127, 84145, 84150, 84156, 84162, 84164, 84180, 84182, 84214, 84299, 84302, 84333, 84457, 84513, 84585, 84614, 84628, 84657, 84663, 84728, 84800, 84804, 84809, 84818, 84845, 84918, 84943, 85010, 85040, 85091, 85190, 85296, 85323, 85451, 85508, 85532, 85561, 85563, 85566, 85764, 85765, 85772, 85829, 85835, 85836, 85837, 85840, 85848, 85857, 85908, 85910, 85962, 85969, 85970, 85986, 86003, 86018, 86021, 86094, 86116, 86133, 86204, 86234, 86332, 86417, 86486, 86499, 86516, 86546, 86560, 86561, 86563, 86579, 86609, 86652, 86654, 86671, 86721, 86787, 86845, 86892, 86966, 86974, 86990, 86991, 86993, 87018, 87046, 87130, 87165, 87168, 87181, 87325, 87336, 87337, 87345, 87376, 87390, 87415, 87419, 87421, 87422, 87502, 87506, 87507, 87519, 87520, 87525, 87547, 87601, 87632, 87664, 87691, 87695, 87720, 87888, 88012, 88038, 88046, 88131, 88135, 88136, 88166, 88198, 88199, 88202, 88283, 88311, 88320, 88349, 88351, 88357, 88361, 88512, 88560, 88576, 88577, 88598, 88602, 88604, 88633, 88708, 88712, 88715, 88727, 88850, 88877, 88903, 88905, 88913, 88930, 88948, 88969, 89006, 89027, 89072, 89120, 89124, 89169, 89170, 89171, 89248, 89487, 89549, 89560, 89588, 89591, 89630, 89652, 89737, 89755, 89781, 89782, 89783, 89820, 89835, 89862, 89924, 90007, 90021, 90023, 90031, 90043, 90071, 90077, 90119, 90127, 90151, 90189, 90253, 90281, 90403, 90413, 90442, 90452, 90592, 90632, 90645, 90668, 90794, 90806, 90807, 90816, 90830, 90839, 90850, 90854, 90881, 90922, 90954, 90972, 90976, 91027, 91033, 91101, 91152, 91186, 91192, 91196, 91230, 91254, 91403, 91453, 91456, 91457, 91557, 91586, 91613, 91666, 91668, 91752, 91772, 91858, 91867, 92013, 92024, 92028, 92081, 92085, 92092, 92108, 92123, 92134, 92152, 92189, 92208, 92218, 92220, 92228, 92248, 92387, 92464, 92472, 92478, 92480, 92501, 92513, 92537, 92554, 92577, 92580, 92588, 92813, 92817, 92831, 92916, 92927, 92933, 92977, 92998, 93032, 93096, 93099, 93104, 93119, 93174, 93235, 93283, 93296, 93312, 93329, 93365, 93395, 93517, 93563, 93608, 93626, 93627, 93633, 93690, 93720, 93725, 93798, 93804, 93806, 93819, 93837, 93889, 93936, 93968, 93984, 93988, 94022, 94023, 94140, 94259, 94260, 94306, 94313, 94357, 94360, 94365, 94376, 94392, 94410, 94445, 94495, 94513, 94538, 94630, 94679, 94705, 94780, 94792, 94793, 94797, 94835, 94838, 94855, 94878, 94879, 94881, 94887, 94918, 94947, 94969, 95147, 95180, 95194, 95267, 95283, 95284, 95558, 95701, 95767, 95839, 95845, 95879, 95880, 95941, 96083, 96094, 96196, 96234, 96241, 96263, 96304, 96415, 96430, 96436, 96450, 96500, 96504, 96530, 96599, 96600, 96601, 96616, 96641, 96743, 96765, 96796, 96831, 96909, 96921, 97012, 97020, 97036, 97057, 97101, 97143, 97207, 97208, 97371, 97404, 97469, 97470, 97479, 97480, 97499, 97586, 97590, 97595, 97602, 97603, 97607, 97618, 97622, 97675, 97676, 97687, 97698, 97701, 97734, 97750, 97844, 97916, 97920, 97937, 97938, 97967, 97983, 98023, 98034, 98085, 98086, 98150, 98155, 98191, 98319, 98340, 98346, 98412, 98441, 98463, 98471, 98571, 98586, 98629, 98647, 98698, 98709, 98714, 98724, 98765, 98771, 98772, 98780, 98871, 98940, 98952, 98957, 98962, 98981, 98983, 99024, 99031, 99086, 99126, 99129, 99178, 99179, 99239, 99242, 99260, 99263, 99327, 99359, 99361, 99431, 99452, 99454, 99467, 99468, 99472, 99476, 99499, 99539, 99568, 99617, 99621, 99627, 99717, 99793, 99878, 99908, 99916, 99972, 100025, 100052, 100103, 100105, 100143, 100152, 100182, 100192, 100260, 100272, 100290, 100394, 100418, 100425, 100446, 100452, 100536, 100574, 100593, 100606, 100625, 100629, 100716, 100717, 100754, 100791, 100813, 100885, 100908, 100912, 100938, 100974, 100976, 101066, 101095, 101105, 101108, 101168, 101174, 101178, 101192, 101199, 101212, 101220, 101267, 101273, 101319, 101323, 101324, 101334, 101361, 101368, 101378, 101422, 101425, 101467, 101560, 101579, 101611, 101635, 101662, 101682, 101695, 101705, 101748, 101780, 101797, 101842, 101848, 101872, 101875, 101917, 101942, 101958, 101994, 101996, 102118, 102191, 102199, 102201, 102204, 102277, 102309, 102331, 102345, 102352, 102376, 102397, 102472, 102490, 102523, 102525, 102532, 102551, 102617, 102672, 102725, 102731, 102750, 102752, 102806, 102856, 102874, 102876, 102891, 102912, 102950, 102951, 103116, 103201, 103208, 103213, 103218, 103235, 103264, 103265, 103430, 103431, 103463, 103464, 103492, 103500, 103549, 103571, 103586, 103589, 103698, 103749, 103767, 103783, 103786, 103825, 103837, 103838, 103995, 103999, 104040, 104049, 104075, 104098, 104113, 104114, 104248, 104289, 104312, 104430, 104437, 104485, 104522, 104602, 104655, 104865, 104878, 104880, 104953, 104967, 104976, 105017, 105110, 105142, 105218, 105274, 105348, 105361, 105437, 105441, 105496, 105563, 105651, 105686, 105689, 105725, 105849, 105906, 105923, 105970, 105980, 106000, 106050, 106051, 106176, 106203, 106224, 106232, 106245, 106353, 106355, 106400, 106497, 106501, 106619, 106639, 106837, 106866, 106869, 106875, 106881, 106882, 106885, 106894, 106964, 107002, 107023, 107024, 107035, 107036, 107037, 107042, 107093, 107121, 107163, 107297, 107308, 107344, 107351, 107352, 107397, 107436, 107466, 107588, 107597, 107645, 107702, 107714, 107715, 107757, 107766, 107791, 107797, 107805, 107808, 107877, 107879, 107883, 107884, 107885, 107988, 107993, 108062, 108139, 108155, 108213, 108289, 108393, 108397, 108437, 108494, 108604, 108722, 108754, 108762, 108776, 108850, 108883, 108906, 108930, 108945, 108946, 108947, 108951, 109000, 109053, 109072, 109107, 109153, 109317, 109338, 109339, 109365, 109369, 109371, 109432, 109534, 109544, 109545, 109580, 109593, 109670, 109686, 109699, 109733, 109771, 109778, 109822, 109834, 109952, 109976, 110003, 110006, 110055, 110211, 110239, 110248, 110293, 110295, 110299, 110319, 110325, 110356, 110364, 110365, 110387, 110422, 110427, 110455, 110461, 110486, 110487, 110523, 110529, 110536, 110601, 110644, 110690, 110704, 110741, 110742, 110749, 110750, 110758, 110788, 110798, 110902, 110942, 111082, 111244, 111271, 111303, 111388, 111496, 111570, 111596, 111607, 111622, 111631, 111641, 111642, 111683, 111685, 111687, 111732, 111789, 111794, 111875, 111916, 111932, 111938, 111945, 111970, 111996, 112059, 112071, 112125, 112158, 112163, 112172, 112217, 112221, 112242, 112265, 112266, 112272, 112297, 112304, 112383, 112384, 112385, 112390, 112476, 112479, 112490, 112491, 112500, 112529, 112640, 112705, 112711, 112715, 112727, 112737, 112833, 112849, 112868, 112945, 113008, 113046, 113057, 113079, 113210, 113254, 113260, 113277, 113335, 113419, 113481, 113652, 113686, 113751, 113780, 113867, 113879, 113895, 113910, 113964, 114097, 114116, 114148, 114183, 114187, 114265, 114380, 114402, 114497, 114604, 114605, 114645, 114650, 114761, 114789, 114817, 114880, 114979, 115007, 115016, 115076, 115124, 115143, 115217, 115260, 115270, 115310, 115314, 115330, 115347, 115351, 115354, 115433, 115438, 115440, 115459, 115502, 115519, 115531, 115558, 115666, 115667, 115670, 115675, 115733, 115963, 115964, 115975, 116017, 116046, 116069, 116071, 116078, 116180, 116208, 116216, 116230, 116231, 116399, 116488, 116514, 116576, 116665, 116757, 116782, 116784, 116800, 116805, 116851, 116895, 116901, 116915, 116949, 116962, 116969, 116978, 117169, 117171, 117172, 117175, 117306, 117308, 117350, 117362, 117396, 117443, 117464, 117478, 117493, 117690, 117751, 117863, 117867, 117988, 118025, 118028, 118040, 118079, 118119, 118143, 118170, 118179, 118306, 118310, 118325, 118346, 118349, 118396, 118403, 118469, 118487, 118488, 118519, 118630, 118637, 118675, 118762, 118859, 118945, 119087, 119097, 119102, 119136, 119146, 119150, 119158, 119163, 119164, 119190, 119236, 119254, 119319, 119411, 119412, 119615, 119616, 119619, 119669, 119683, 119702, 119711, 119714, 119762, 119780, 119804, 119844, 119863, 119864, 119867, 119907, 119958, 119959, 119969, 119975, 120017, 120019, 120050, 120051, 120055, 120094, 120106, 120149, 120163, 120166, 120169, 120174, 120177, 120206, 120335, 120336, 120459, 120557, 120631, 120678, 120698, 120747, 120783, 120792, 120794, 120800, 120810, 120849, 121030, 121039, 121052, 121054, 121081, 121100, 121131, 121140, 121147, 121218, 121278, 121402, 121403, 121554, 121581, 121630, 121655, 121754, 121758, 121768, 121831, 121832, 121916, 121928, 121943, 122040, 122041, 122066, 122101, 122105, 122148, 122193, 122272, 122276, 122294, 122349, 122369, 122572, 122581, 122600, 122637, 122654, 122668, 122670, 122700, 122710, 122729, 122746, 122802, 122863, 122883, 122899, 122921, 122938, 122978, 122980, 122993, 123205, 123239, 123247, 123267, 123268, 123300, 123340, 123341, 123397, 123431, 123437, 123458, 123478, 123485, 123487, 123556, 123581, 123603, 123673, 123698, 123701, 123714, 123757, 123762, 123792, 123793, 123876, 123911, 124056, 124095, 124118, 124126, 124146, 124181, 124231, 124243, 124297, 124306, 124313, 124315, 124352, 124370, 124533, 124536, 124546, 124587, 124591, 124593, 124633, 124682, 124683, 124687, 124751, 124794, 124795, 124838, 124936, 124939, 125005, 125009, 125045, 125102, 125116, 125137, 125190, 125192, 125231, 125267, 125285, 125302, 125316, 125317, 125350, 125380, 125454, 125557, 125561, 125595, 125609, 125664, 125678, 125735, 125745, 125853, 125867, 125892, 125915, 125935, 125937, 125942, 125957, 126052, 126055, 126063, 126102, 126103, 126158, 126194, 126261, 126292, 126340, 126354, 126451, 126488, 126489, 126533, 126538, 126549, 126716, 126737, 126748, 126760, 126917, 126919, 126924, 126948, 126976, 126985, 126986, 126992, 127085, 127112, 127117, 127193, 127195, 127204, 127274, 127302, 127393, 127410, 127635, 127641, 127688, 127691, 127705, 127750, 127792, 127816, 127886, 128013, 128027, 128038, 128102, 128160, 128338, 128376, 128402, 128463, 128493, 128732, 128814, 128816, 128842, 128843, 128858, 128879, 128898, 128902, 128905, 128985, 129039, 129065, 129106, 129130, 129140, 129147, 129149, 129156, 129183, 129229, 129256, 129313, 129315, 129331, 129356, 129361, 129412, 129417, 129446, 129458, 129538, 129608, 129610, 129622, 129634, 129641, 129819, 129856, 129898, 129984, 129985, 130006, 130068, 130146, 130232, 130234, 130277, 130384, 130398, 130414, 130416, 130438, 130442, 130519, 130543, 130568, 130663, 130684, 130759, 130779, 130784, 130836, 130837, 130840, 130883, 131018, 131043, 131123, 131126, 131211, 131217, 131281, 131309, 131315, 131323, 131402, 131492, 131536, 131542, 131647, 131651, 131717, 131814, 131840, 131866, 131979, 131982, 132021, 132043, 132076, 132104, 132105, 132221, 132247, 132248, 132368, 132376, 132525, 132615, 132629, 132630, 132633, 132726, 132728, 132733, 132760, 132804, 132877, 132927, 132976, 133011, 133024, 133026, 133034, 133062, 133097, 133202, 133228, 133257, 133278]"
c1_random,WTSS,0.1,10%,0.2,20%,3581,14322,3264,2587,677,17903,13704,0.9568496020108923,False,309,13809,"[17, 73, 102, 119, 277, 278, 295, 319, 320, 349, 350, 385, 411, 424, 465, 494, 498, 542, 543, 555, 568, 572, 623, 642, 654, 655, 680, 730, 748, 762, 766, 813, 816, 839, 898, 1086, 1116, 1120, 1123, 1158, 1218, 1235, 1341, 1351, 1366, 1368, 1369, 1372, 1436, 1482, 1500, 1510, 1513, 1516, 1518, 1697, 1804, 1898, 1917, 1918, 1949, 1964, 2109, 2111, 2112, 2117, 2121, 2161, 2162, 2166, 2214, 2220, 2241, 2255, 2261, 2278, 2280, 2368, 2389, 2392, 2449, 2486, 2518, 2642, 2656, 2657, 2686, 2700, 2743, 2794, 2797, 2844, 2855, 2857, 2889, 2910, 2916, 2917, 2968, 3012, 3018, 3028, 3068, 3121, 3130, 3142, 3149, 3160, 3167, 3203, 3204, 3233, 3247, 3269, 3270, 3293, 3328, 3330, 3365, 3430, 3480, 3518, 3527, 3528, 3532, 3534, 3544, 3545, 3566, 3579, 3598, 3604, 3609, 3649, 3684, 3685, 3688, 3708, 3710, 3711, 3728, 3768, 3776, 3781, 3810, 3908, 3955, 3981, 4012, 4032, 4161, 4173, 4272, 4279, 4282, 4284, 4378, 4390, 4460, 4462, 4483, 4534, 4679, 4685, 4697, 4713, 4734, 4740, 4741, 4753, 4786, 4790, 4797, 4874, 4905, 4908, 4984, 5066, 5067, 5102, 5130, 5143, 5149, 5152, 5157, 5167, 5180, 5184, 5206, 5209, 5212, 5223, 5233, 5237, 5284, 5399, 5429, 5453, 5476, 5480, 5513, 5515, 5524, 5541, 5547, 5548, 5580, 5802, 5811, 5898, 5900, 6026, 6364, 6387, 6440, 6441, 6532, 6612, 6647, 6655, 6659, 6835, 6838, 6845, 6871, 6914, 6977, 7004, 7005, 7026, 7140, 7146, 7206, 7264, 7325, 7371, 7387, 7477, 7482, 7612, 7620, 7629, 7686, 7756, 7784, 7821, 7919, 7923, 7968, 8053, 8071, 8129, 8139, 8303, 8398, 8413, 8445, 8458, 8486, 8507, 8553, 8626, 8711, 8800, 8801, 8833, 8836, 8840, 8978, 8985, 8995, 9011, 9039, 9052, 9208, 9263, 9268, 9284, 9292, 9316, 9334, 9414, 9418, 9452, 9481, 9606, 9617, 9780, 9887, 9904, 9987, 9999, 10017, 10056, 10116, 10174, 10191, 10194, 10199, 10243, 10399, 10429, 10479, 10713, 10834, 10873, 10914, 11006, 11025, 11080, 11083, 11107, 11318, 11337, 11383, 11412, 11478, 11536, 11551, 11723, 11729, 11753, 11856, 11874, 12011, 12050, 12068, 12073, 12150, 12166, 12186, 12328, 12350, 12376, 12448, 12449, 12505, 12548, 12614, 12620, 12633, 12645, 12732, 12757, 12758, 12832, 12837, 12904, 13070, 13074, 13084, 13112, 13121, 13144, 13179, 13259, 13395, 13575, 13577, 13598, 13622, 13630, 13652, 13693, 13742, 13894, 14084, 14104, 14128, 14129, 14186, 14210, 14273, 14302, 14304, 14309, 14354, 14363, 14404, 14413, 14439, 14465, 14467, 14507, 14522, 14528, 14548, 14570, 14646, 14686, 14691, 14716, 14783, 14802, 14816, 14867, 15052, 15124, 15161, 15213, 15223, 15231, 15238, 15250, 15252, 15254, 15309, 15311, 15342, 15352, 15353, 15435, 15440, 15524, 15547, 15555, 15607, 15669, 15765, 15767, 15768, 15840, 15921, 15941, 15973, 15976, 16035, 16042, 16043, 16059, 16078, 16110, 16116, 16118, 16190, 16211, 16235, 16236, 16237, 16250, 16265, 16305, 16329, 16340, 16349, 16359, 16430, 16434, 16455, 16463, 16480, 16523, 16607, 16666, 16681, 16773, 16784, 16790, 16793, 16884, 16886, 17247, 17248, 17263, 17438, 17442, 17447, 17459, 17593, 17736, 17760, 17837, 17864, 17866, 17920, 18013, 18027, 18079, 18092, 18137, 18138, 18250, 18255, 18258, 18326, 18327, 18344, 18357, 18425, 18442, 18444, 18451, 18453, 18459, 18553, 18575, 18587, 18647, 18662, 18860, 18864, 18867, 18876, 18911, 18948, 18977, 18993, 18995, 19018, 19066, 19149, 19282, 19326, 19339, 19363, 19400, 19409, 19428, 19445, 19475, 19480, 19517, 19556, 19603, 19611, 19620, 19695, 19921, 19970, 20031, 20040, 20151, 20177, 20181, 20245, 20251, 20296, 20362, 20363, 20417, 20440, 20464, 20469, 20496, 20500, 20501, 20664, 20684, 20685, 20704, 20711, 20756, 20766, 20775, 20781, 20872, 20875, 20913, 20975, 20977, 20978, 21005, 21144, 21209, 21228, 21292, 21372, 21383, 21396, 21416, 21418, 21448, 21456, 21457, 21486, 21514, 21536, 21539, 21542, 21737, 21757, 21762, 21768, 21859, 21862, 21867, 21884, 21914, 21991, 22150, 22154, 22171, 22240, 22300, 22316, 22416, 22437, 22440, 22555, 22570, 22653, 22681, 22698, 22767, 22804, 22837, 23070, 23082, 23085, 23099, 23107, 23110, 23119, 23122, 23256, 23344, 23375, 23456, 23461, 23483, 23564, 23579, 23673, 23752, 23820, 23893, 23908, 24107, 24138, 24330, 24417, 24442, 24500, 24583, 24670, 24682, 24836, 24896, 24921, 25164, 25168, 25178, 25211, 25230, 25247, 25305, 25346, 25373, 25400, 25471, 25518, 25522, 25538, 25543, 25548, 25626, 25717, 25741, 25761, 25822, 25831, 25850, 25910, 25962, 25995, 26042, 26086, 26091, 26141, 26293, 26308, 26323, 26326, 26349, 26413, 26459, 26474, 26526, 26624, 26733, 26738, 26775, 26787, 26821, 26843, 26859, 26860, 26861, 26896, 26972, 26973, 27031, 27062, 27147, 27170, 27224, 27251, 27281, 27282, 27297, 27305, 27306, 27309, 27358, 27363, 27375, 27385, 27397, 27400, 27406, 27412, 27428, 27442, 27471, 27560, 27580, 27581, 27666, 27710, 27739, 27746, 27748, 27749, 27882, 27905, 27943, 28003, 28005, 28019, 28027, 28046, 28063, 28064, 28130, 28133, 28138, 28139, 28194, 28236, 28247, 28298, 28377, 28384, 28391, 28394, 28516, 28535, 28549, 28564, 28633, 28682, 28692, 28717, 28718, 28753, 28789, 28811, 28907, 28917, 28918, 28933, 28964, 29001, 29005, 29065, 29128, 29131, 29189, 29194, 29202, 29294, 29295, 29301, 29353, 29355, 29388, 29403, 29421, 29631, 29644, 29649, 29739, 29740, 29801, 29835, 29845, 29880, 29881, 29895, 29909, 29934, 29947, 29949, 30068, 30189, 30193, 30196, 30234, 30287, 30352, 30353, 30372, 30375, 30407, 30408, 30441, 30476, 30513, 30514, 30547, 30588, 30630, 30666, 30668, 30704, 30780, 30921, 30941, 31076, 31079, 31098, 31116, 31166, 31261, 31264, 31336, 31397, 31414, 31445, 31465, 31491, 31562, 31644, 31815, 31862, 31878, 31898, 31930, 32009, 32011, 32018, 32055, 32057, 32059, 32079, 32099, 32131, 32186, 32187, 32269, 32308, 32317, 32323, 32342, 32444, 32447, 32457, 32482, 32528, 32596, 32666, 32719, 32752, 33040, 33099, 33181, 33189, 33194, 33224, 33429, 33636, 33830, 33854, 33921, 33926, 33932, 34023, 34067, 34101, 34110, 34127, 34206, 34270, 34333, 34417, 34459, 34463, 34478, 34479, 34494, 34524, 34729, 34801, 34809, 34810, 34864, 34916, 34945, 34954, 35055, 35152, 35165, 35299, 35363, 35412, 35596, 35655, 35662, 35695, 35799, 35881, 35882, 35930, 35947, 35952, 35953, 35954, 36002, 36013, 36099, 36102, 36136, 36138, 36140, 36183, 36373, 36409, 36458, 36464, 36476, 36531, 36562, 36568, 36571, 36617, 36618, 36704, 36740, 36743, 36758, 36781, 36783, 36814, 36820, 36973, 37052, 37142, 37152, 37255, 37292, 37316, 37378, 37540, 37542, 37659, 37787, 37794, 37811, 37832, 37865, 37937, 37943, 37949, 37950, 37987, 37990, 38219, 38251, 38264, 38295, 38297, 38374, 38378, 38413, 38432, 38446, 38530, 38542, 38564, 38572, 38578, 38606, 38608, 38675, 38716, 38748, 38805, 38869, 38969, 38970, 38980, 39062, 39078, 39093, 39108, 39190, 39196, 39251, 39298, 39335, 39343, 39438, 39446, 39448, 39451, 39720, 39722, 39794, 39856, 39960, 39962, 39999, 40000, 40034, 40041, 40126, 40173, 40208, 40216, 40343, 40393, 40394, 40407, 40412, 40420, 40497, 40599, 40607, 40636, 40666, 40720, 40729, 40739, 40740, 40758, 40764, 40767, 40769, 40811, 40824, 41025, 41058, 41124, 41191, 41192, 41193, 41283, 41358, 41426, 41434, 41451, 41475, 41476, 41567, 41574, 41579, 41611, 41726, 41767, 41801, 41862, 41883, 41884, 41899, 41946, 41996, 42001, 42071, 42080, 42222, 42293, 42304, 42310, 42314, 42318, 42386, 42402, 42413, 42417, 42444, 42498, 42499, 42501, 42507, 42556, 42565, 42576, 42598, 42674, 42675, 42766, 42767, 42821, 42883, 42887, 42920, 42923, 42939, 42995, 43005, 43052, 43053, 43088, 43098, 43230, 43289, 43408, 43457, 43469, 43483, 43603, 43613, 43649, 43712, 43714, 43733, 43742, 43743, 43779, 43887, 44019, 44065, 44069, 44072, 44125, 44278, 44329, 44386, 44434, 44503, 44514, 44516, 44622, 44645, 44659, 44675, 44678, 44706, 44791, 44794, 44797, 44880, 44881, 44951, 45054, 45107, 45121, 45168, 45169, 45212, 45272, 45344, 45345, 45445, 45531, 45549, 45554, 45565, 45580, 45616, 45617, 45640, 45641, 45654, 45677, 45692, 45696, 45746, 45792, 45861, 45889, 45920, 45983, 46083, 46119, 46146, 46153, 46244, 46263, 46359, 46400, 46404, 46460, 46532, 46556, 46559, 46663, 46684, 46692, 46698, 46716, 46733, 46988, 47029, 47096, 47098, 47176, 47209, 47262, 47272, 47331, 47337, 47372, 47424, 47447, 47451, 47463, 47608, 47649, 47667, 47718, 47765, 47772, 47776, 47865, 47882, 47894, 47999, 48045, 48201, 48277, 48301, 48350, 48360, 48363, 48444, 48446, 48466, 48488, 48507, 48536, 48569, 48570, 48575, 48577, 48640, 48688, 48747, 48793, 48870, 48951, 48952, 49034, 49118, 49138, 49163, 49197, 49199, 49241, 49246, 49305, 49319, 49359, 49391, 49422, 49458, 49462, 49466, 49525, 49539, 49551, 49565, 49567, 49648, 49661, 49702, 49740, 49741, 49742, 49747, 49749, 49751, 49989, 49990, 50003, 50008, 50010, 50036, 50039, 50043, 50122, 50125, 50148, 50174, 50226, 50244, 50245, 50264, 50278, 50280, 50288, 50289, 50310, 50385, 50387, 50463, 50483, 50505, 50545, 50592, 50633, 50637, 50640, 50642, 50671, 50687, 50730, 50760, 50820, 50918, 50920, 50946, 50987, 50991, 51121, 51137, 51206, 51215, 51236, 51262, 51306, 51425, 51439, 51474, 51489, 51495, 51507, 51546, 51559, 51638, 51680, 51730, 51778, 51779, 51791, 51866, 51878, 51956, 51964, 51982, 51983, 51985, 51986, 52028, 52041, 52130, 52131, 52139, 52176, 52207, 52208, 52211, 52217, 52231, 52252, 52254, 52290, 52297, 52320, 52371, 52482, 52495, 52497, 52518, 52564, 52598, 52604, 52700, 52703, 52708, 52744, 52817, 52947, 52968, 52984, 53034, 53054, 53058, 53076, 53091, 53110, 53213, 53215, 53243, 53245, 53280, 53360, 53405, 53406, 53420, 53481, 53501, 53534, 53569, 53571, 53574, 53578, 53591, 53599, 53607, 53617, 53629, 53641, 53652, 53661, 53662, 53681, 53703, 53709, 53719, 53807, 53820, 53955, 54014, 54026, 54131, 54181, 54184, 54196, 54212, 54261, 54352, 54360, 54361, 54392, 54402, 54425, 54432, 54460, 54542, 54550, 54558, 54582, 54599, 54746, 54752, 54799, 54887, 54947, 54972, 55011, 55035, 55040, 55045, 55066, 55155, 55180, 55183, 55198, 55247, 55249, 55292, 55331, 55343, 55356, 55369, 55371, 55384, 55404, 55406, 55412, 55555, 55556, 55607, 55676, 55714, 55850, 55853, 55859, 55864, 55888, 55915, 55959, 55999, 56002, 56038, 56051, 56168, 56170, 56174, 56184, 56206, 56216, 56217, 56223, 56225, 56237, 56241, 56247, 56302, 56412, 56448, 56532, 56695, 56714, 56733, 56768, 56769, 56795, 56799, 56855, 56925, 56933, 56938, 56971, 57150, 57190, 57217, 57263, 57276, 57307, 57331, 57470, 57507, 57560, 57624, 57644, 57660, 57666, 57793, 57798, 57964, 57984, 58060, 58099, 58151, 58153, 58172, 58233, 58245, 58381, 58395, 58397, 58494, 58605, 58656, 58706, 58707, 58726, 58750, 58857, 58865, 58887, 58924, 58926, 58931, 58934, 58985, 59032, 59058, 59092, 59103, 59216, 59220, 59276, 59277, 59326, 59345, 59371, 59379, 59398, 59433, 59467, 59503, 59506, 59517, 59528, 59530, 59532, 59554, 59570, 59596, 59605, 59627, 59697, 59760, 59767, 59801, 59850, 59863, 60010, 60043, 60056, 60059, 60076, 60088, 60164, 60211, 60215, 60251, 60271, 60274, 60329, 60337, 60425, 60426, 60472, 60491, 60499, 60603, 60690, 60712, 60750, 60760, 60813, 60818, 60962, 60975, 61080, 61115, 61157, 61308, 61326, 61345, 61358, 61430, 61435, 61439, 61440, 61497, 61571, 61574, 61628, 61686, 61750, 61789, 61806, 61846, 61872, 62013, 62058, 62067, 62097, 62098, 62179, 62185, 62225, 62296, 62297, 62298, 62300, 62305, 62311, 62426, 62481, 62486, 62496, 62560, 62564, 62605, 62650, 62660, 62698, 62705, 62706, 62707, 62716, 62825, 63013, 63015, 63073, 63105, 63116, 63140, 63170, 63172, 63352, 63366, 63422, 63438, 63476, 63484, 63500, 63570, 63618, 63625, 63626, 63663, 63665, 63671, 63719, 63796, 63827, 63964, 64062, 64124, 64176, 64192, 64214, 64253, 64261, 64317, 64336, 64364, 64403, 64414, 64470, 64569, 64583, 64636, 64646, 64650, 64669, 64679, 64691, 64743, 64747, 64753, 64789, 64834, 64852, 64857, 64945, 64995, 65171, 65201, 65213, 65254, 65255, 65257, 65262, 65264, 65461, 65467, 65500, 65507, 65519, 65540, 65541, 65570, 65571, 65597, 65599, 65613, 65723, 65799, 65938, 65982, 66059, 66079, 66157, 66232, 66350, 66356, 66396, 66401, 66430, 66439, 66459, 66465, 66511, 66514, 66518, 66522, 66535, 66555, 66608, 66633, 66638, 66683, 66741, 66761, 66803, 66946, 66996, 67060, 67108, 67123, 67137, 67141, 67147, 67357, 67360, 67411, 67498, 67580, 67662, 67664, 67671, 67692, 67717, 67719, 67730, 67742, 67746, 67747, 67752, 67755, 67850, 67890, 67893, 67896, 67901, 67925, 67955, 67988, 68051, 68148, 68246, 68291, 68455, 68471, 68472, 68629, 68736, 68739, 68749, 68752, 68799, 68834, 68835, 68931, 68956, 69057, 69058, 69078, 69094, 69109, 69142, 69169, 69190, 69195, 69366, 69376, 69403, 69520, 69595, 69601, 69609, 69622, 69680, 69681, 69703, 69841, 69877, 69902, 69960, 69961, 70027, 70075, 70130, 70225, 70282, 70284, 70335, 70368, 70393, 70413, 70460, 70570, 70589, 70759, 70770, 70781, 70794, 70824, 70825, 70902, 70918, 71040, 71074, 71077, 71118, 71218, 71245, 71371, 71442, 71545, 71566, 71574, 71576, 71602, 71681, 71712, 71718, 71719, 71724, 71725, 71854, 71861, 72049, 72114, 72201, 72291, 72311, 72315, 72406, 72439, 72444, 72464, 72491, 72493, 72494, 72556, 72562, 72579, 72616, 72628, 72634, 72699, 72744, 72747, 72750, 72811, 72818, 72949, 72960, 72975, 73033, 73034, 73053, 73074, 73135, 73143, 73220, 73238, 73252, 73271, 73280, 73304, 73315, 73420, 73440, 73441, 73452, 73497, 73544, 73553, 73610, 73624, 73703, 73714, 73744, 73759, 73766, 73767, 73785, 73842, 73865, 73914, 73966, 73970, 74016, 74024, 74059, 74081, 74207, 74225, 74277, 74302, 74310, 74400, 74402, 74577, 74614, 74653, 74659, 74788, 74834, 74844, 74853, 74921, 74932, 74939, 75043, 75049, 75050, 75055, 75059, 75063, 75077, 75117, 75156, 75226, 75227, 75233, 75348, 75398, 75401, 75420, 75441, 75465, 75607, 75794, 75855, 75858, 75978, 76014, 76035, 76040, 76071, 76075, 76108, 76111, 76217, 76218, 76327, 76432, 76451, 76489, 76504, 76597, 76618, 76707, 76832, 76862, 76892, 76930, 76946, 77019, 77107, 77113, 77129, 77152, 77245, 77252, 77269, 77270, 77293, 77325, 77460, 77480, 77504, 77515, 77526, 77529, 77558, 77618, 77755, 77786, 77787, 77788, 77822, 77825, 77837, 77849, 77850, 77852, 77888, 77915, 77978, 78090, 78091, 78105, 78128, 78186, 78194, 78236, 78328, 78369, 78370, 78425, 78462, 78470, 78550, 78566, 78696, 78901, 78921, 79028, 79035, 79069, 79131, 79155, 79157, 79239, 79240, 79277, 79379, 79408, 79451, 79467, 79610, 79631, 79633, 79722, 79746, 79814, 79818, 79975, 80042, 80093, 80116, 80121, 80123, 80327, 80358, 80374, 80396, 80433, 80438, 80442, 80496, 80526, 80531, 80577, 80579, 80581, 80602, 80604, 80629, 80643, 80650, 80692, 80742, 80763, 80804, 80809, 80811, 80928, 80954, 81004, 81175, 81296, 81321, 81325, 81370, 81416, 81435, 81462, 81505, 81539, 81544, 81546, 81565, 81707, 81708, 81794, 81900, 81909, 81960, 81969, 81971, 81974, 82079, 82159, 82216, 82261, 82296, 82358, 82362, 82498, 82535, 82561, 82562, 82587, 82588, 82615, 82651, 82717, 82753, 82768, 82797, 82798, 82848, 82947, 82965, 82966, 83022, 83053, 83058, 83080, 83151, 83160, 83171, 83172, 83188, 83224, 83298, 83490, 83507, 83560, 83563, 83580, 83676, 83697, 83774, 83825, 83830, 83835, 83848, 83860, 83877, 83906, 83924, 83964, 84007, 84008, 84032, 84053, 84127, 84145, 84150, 84156, 84162, 84164, 84180, 84182, 84214, 84299, 84302, 84333, 84457, 84513, 84585, 84614, 84628, 84657, 84663, 84728, 84800, 84804, 84809, 84818, 84845, 84918, 84943, 85010, 85040, 85091, 85190, 85296, 85323, 85451, 85508, 85532, 85561, 85563, 85566, 85764, 85765, 85772, 85829, 85835, 85836, 85837, 85840, 85848, 85857, 85908, 85910, 85962, 85969, 85970, 85986, 86003, 86018, 86021, 86094, 86116, 86133, 86204, 86234, 86332, 86417, 86486, 86499, 86516, 86546, 86560, 86561, 86563, 86579, 86609, 86652, 86654, 86671, 86721, 86787, 86845, 86892, 86966, 86974, 86990, 86991, 86993, 87018, 87046, 87130, 87165, 87168, 87181, 87325, 87336, 87337, 87345, 87376, 87390, 87415, 87419, 87421, 87422, 87502, 87506, 87507, 87519, 87520, 87525, 87547, 87601, 87632, 87664, 87691, 87695, 87720, 87888, 88012, 88038, 88046, 88131, 88135, 88136, 88166, 88198, 88199, 88202, 88283, 88311, 88320, 88349, 88351, 88357, 88361, 88512, 88560, 88576, 88577, 88598, 88602, 88604, 88633, 88708, 88712, 88715, 88727, 88850, 88877, 88903, 88905, 88913, 88930, 88948, 88969, 89006, 89027, 89072, 89120, 89124, 89169, 89170, 89171, 89248, 89487, 89549, 89560, 89588, 89591, 89630, 89652, 89737, 89755, 89781, 89782, 89783, 89820, 89835, 89862, 89924, 90007, 90021, 90023, 90031, 90043, 90071, 90077, 90119, 90127, 90151, 90189, 90253, 90281, 90403, 90413, 90442, 90452, 90592, 90632, 90645, 90668, 90794, 90806, 90807, 90816, 90830, 90839, 90850, 90854, 90881, 90922, 90954, 90972, 90976, 91027, 91033, 91101, 91152, 91186, 91192, 91196, 91230, 91254, 91403, 91453, 91456, 91457, 91557, 91586, 91613, 91666, 91668, 91752, 91772, 91858, 91867, 92013, 92024, 92028, 92081, 92085, 92092, 92108, 92123, 92134, 92152, 92189, 92208, 92218, 92220, 92228, 92248, 92387, 92464, 92472, 92478, 92480, 92501, 92513, 92537, 92554, 92577, 92580, 92588, 92813, 92817, 92831, 92916, 92927, 92933, 92977, 92998, 93032, 93096, 93099, 93104, 93119, 93174, 93235, 93283, 93296, 93312, 93329, 93365, 93395, 93517, 93563, 93608, 93626, 93627, 93633, 93690, 93720, 93725, 93798, 93804, 93806, 93819, 93837, 93889, 93936, 93968, 93984, 93988, 94022, 94023, 94140, 94259, 94260, 94306, 94313, 94357, 94360, 94365, 94376, 94392, 94410, 94445, 94495, 94513, 94538, 94630, 94679, 94705, 94780, 94792, 94793, 94797, 94835, 94838, 94855, 94878, 94879, 94881, 94887, 94918, 94947, 94969, 95147, 95180, 95194, 95267, 95283, 95284, 95558, 95701, 95767, 95839, 95845, 95879, 95880, 95941, 96083, 96094, 96196, 96234, 96241, 96263, 96304, 96415, 96430, 96436, 96450, 96500, 96504, 96530, 96599, 96600, 96601, 96616, 96641, 96743, 96765, 96796, 96831, 96909, 96921, 97012, 97020, 97036, 97057, 97101, 97143, 97207, 97208, 97371, 97404, 97469, 97470, 97479, 97480, 97499, 97586, 97590, 97595, 97602, 97603, 97607, 97618, 97622, 97675, 97676, 97687, 97698, 97701, 97734, 97750, 97844, 97916, 97920, 97937, 97938, 97967, 97983, 98023, 98034, 98085, 98086, 98150, 98155, 98191, 98319, 98340, 98346, 98412, 98441, 98463, 98471, 98571, 98586, 98629, 98647, 98698, 98709, 98714, 98724, 98765, 98771, 98772, 98780, 98871, 98940, 98952, 98957, 98962, 98981, 98983, 99024, 99031, 99086, 99126, 99129, 99178, 99179, 99239, 99242, 99260, 99263, 99327, 99359, 99361, 99431, 99452, 99454, 99467, 99468, 99472, 99476, 99499, 99539, 99568, 99617, 99621, 99627, 99717, 99793, 99878, 99908, 99916, 99972, 100025, 100052, 100103, 100105, 100143, 100152, 100182, 100192, 100260, 100272, 100290, 100394, 100418, 100425, 100446, 100452, 100536, 100574, 100593, 100606, 100625, 100629, 100716, 100717, 100754, 100791, 100813, 100885, 100908, 100912, 100938, 100974, 100976, 101066, 101095, 101105, 101108, 101168, 101174, 101178, 101192, 101199, 101212, 101220, 101267, 101273, 101319, 101323, 101324, 101334, 101361, 101368, 101378, 101422, 101425, 101467, 101560, 101579, 101611, 101635, 101662, 101682, 101695, 101705, 101748, 101780, 101797, 101842, 101848, 101872, 101875, 101917, 101942, 101958, 101994, 101996, 102118, 102191, 102199, 102201, 102204, 102277, 102309, 102331, 102345, 102352, 102376, 102397, 102472, 102490, 102523, 102525, 102532, 102551, 102617, 102672, 102725, 102731, 102750, 102752, 102806, 102856, 102874, 102876, 102891, 102912, 102950, 102951, 103116, 103201, 103208, 103213, 103218, 103235, 103264, 103265, 103430, 103431, 103463, 103464, 103492, 103500, 103549, 103571, 103586, 103589, 103698, 103749, 103767, 103783, 103786, 103825, 103837, 103838, 103995, 103999, 104040, 104049, 104075, 104098, 104113, 104114, 104248, 104289, 104312, 104430, 104437, 104485, 104522, 104602, 104655, 104865, 104878, 104880, 104953, 104967, 104976, 105017, 105110, 105142, 105218, 105274, 105348, 105361, 105437, 105441, 105496, 105563, 105651, 105686, 105689, 105725, 105849, 105906, 105923, 105970, 105980, 106000, 106050, 106051, 106176, 106203, 106224, 106232, 106245, 106353, 106355, 106400, 106497, 106501, 106619, 106639, 106837, 106866, 106869, 106875, 106881, 106882, 106885, 106894, 106964, 107002, 107023, 107024, 107035, 107036, 107037, 107042, 107093, 107121, 107163, 107297, 107308, 107344, 107351, 107352, 107397, 107436, 107466, 107588, 107597, 107645, 107702, 107714, 107715, 107757, 107766, 107791, 107797, 107805, 107808, 107877, 107879, 107883, 107884, 107885, 107988, 107993, 108062, 108139, 108155, 108213, 108289, 108393, 108397, 108437, 108494, 108604, 108722, 108754, 108762, 108776, 108850, 108883, 108906, 108930, 108945, 108946, 108947, 108951, 109000, 109053, 109072, 109107, 109153, 109317, 109338, 109339, 109365, 109369, 109371, 109432, 109534, 109544, 109545, 109580, 109593, 109670, 109686, 109699, 109733, 109771, 109778, 109822, 109834, 109952, 109976, 110003, 110006, 110055, 110211, 110239, 110248, 110293, 110295, 110299, 110319, 110325, 110356, 110364, 110365, 110387, 110422, 110427, 110455, 110461, 110486, 110487, 110523, 110529, 110536, 110601, 110644, 110690, 110704, 110741, 110742, 110749, 110750, 110758, 110788, 110798, 110902, 110942, 111082, 111244, 111271, 111303, 111388, 111496, 111570, 111596, 111607, 111622, 111631, 111641, 111642, 111683, 111685, 111687, 111732, 111789, 111794, 111875, 111916, 111932, 111938, 111945, 111970, 111996, 112059, 112071, 112125, 112158, 112163, 112172, 112217, 112221, 112242, 112265, 112266, 112272, 112297, 112304, 112383, 112384, 112385, 112390, 112476, 112479, 112490, 112491, 112500, 112529, 112640, 112705, 112711, 112715, 112727, 112737, 112833, 112849, 112868, 112945, 113008, 113046, 113057, 113079, 113210, 113254, 113260, 113277, 113335, 113419, 113481, 113652, 113686, 113751, 113780, 113867, 113879, 113895, 113910, 113964, 114097, 114116, 114148, 114183, 114187, 114265, 114380, 114402, 114497, 114604, 114605, 114645, 114650, 114761, 114789, 114817, 114880, 114979, 115007, 115016, 115076, 115124, 115143, 115217, 115260, 115270, 115310, 115314, 115330, 115347, 115351, 115354, 115433, 115438, 115440, 115459, 115502, 115519, 115531, 115558, 115666, 115667, 115670, 115675, 115733, 115963, 115964, 115975, 116017, 116046, 116069, 116071, 116078, 116180, 116208, 116216, 116230, 116231, 116399, 116488, 116514, 116576, 116665, 116757, 116782, 116784, 116800, 116805, 116851, 116895, 116901, 116915, 116949, 116962, 116969, 116978, 117169, 117171, 117172, 117175, 117306, 117308, 117350, 117362, 117396, 117443, 117464, 117478, 117493, 117690, 117751, 117863, 117867, 117988, 118025, 118028, 118040, 118079, 118119, 118143, 118170, 118179, 118306, 118310, 118325, 118346, 118349, 118396, 118403, 118469, 118487, 118488, 118519, 118630, 118637, 118675, 118762, 118859, 118945, 119087, 119097, 119102, 119136, 119146, 119150, 119158, 119163, 119164, 119190, 119236, 119254, 119319, 119411, 119412, 119615, 119616, 119619, 119669, 119683, 119702, 119711, 119714, 119762, 119780, 119804, 119844, 119863, 119864, 119867, 119907, 119958, 119959, 119969, 119975, 120017, 120019, 120050, 120051, 120055, 120094, 120106, 120149, 120163, 120166, 120169, 120174, 120177, 120206, 120335, 120336, 120459, 120557, 120631, 120678, 120698, 120747, 120783, 120792, 120794, 120800, 120810, 120849, 121030, 121039, 121052, 121054, 121081, 121100, 121131, 121140, 121147, 121218, 121278, 121402, 121403, 121554, 121581, 121630, 121655, 121754, 121758, 121768, 121831, 121832, 121916, 121928, 121943, 122040, 122041, 122066, 122101, 122105, 122148, 122193, 122272, 122276, 122294, 122349, 122369, 122572, 122581, 122600, 122637, 122654, 122668, 122670, 122700, 122710, 122729, 122746, 122802, 122863, 122883, 122899, 122921, 122938, 122978, 122980, 122993, 123205, 123239, 123247, 123267, 123268, 123300, 123340, 123341, 123397, 123431, 123437, 123458, 123478, 123485, 123487, 123556, 123581, 123603, 123673, 123698, 123701, 123714, 123757, 123762, 123792, 123793, 123876, 123911, 124056, 124095, 124118, 124126, 124146, 124181, 124231, 124243, 124297, 124306, 124313, 124315, 124352, 124370, 124533, 124536, 124546, 124587, 124591, 124593, 124633, 124682, 124683, 124687, 124751, 124794, 124795, 124838, 124936, 124939, 125005, 125009, 125045, 125102, 125116, 125137, 125190, 125192, 125231, 125267, 125285, 125302, 125316, 125317, 125350, 125380, 125454, 125557, 125561, 125595, 125609, 125664, 125678, 125735, 125745, 125853, 125867, 125892, 125915, 125935, 125937, 125942, 125957, 126052, 126055, 126063, 126102, 126103, 126158, 126194, 126261, 126292, 126340, 126354, 126451, 126488, 126489, 126533, 126538, 126549, 126716, 126737, 126748, 126760, 126917, 126919, 126924, 126948, 126976, 126985, 126986, 126992, 127085, 127112, 127117, 127193, 127195, 127204, 127274, 127302, 127393, 127410, 127635, 127641, 127688, 127691, 127705, 127750, 127792, 127816, 127886, 128013, 128027, 128038, 128102, 128160, 128338, 128376, 128402, 128463, 128493, 128732, 128814, 128816, 128842, 128843, 128858, 128879, 128898, 128902, 128905, 128985, 129039, 129065, 129106, 129130, 129140, 129147, 129149, 129156, 129183, 129229, 129256, 129313, 129315, 129331, 129356, 129361, 129412, 129417, 129446, 129458, 129538, 129608, 129610, 129622, 129634, 129641, 129819, 129856, 129898, 129984, 129985, 130006, 130068, 130146, 130232, 130234, 130277, 130384, 130398, 130414, 130416, 130438, 130442, 130519, 130543, 130568, 130663, 130684, 130759, 130779, 130784, 130836, 130837, 130840, 130883, 131018, 131043, 131123, 131126, 131211, 131217, 131281, 131309, 131315, 131323, 131402, 131492, 131536, 131542, 131647, 131651, 131717, 131814, 131840, 131866, 131979, 131982, 132021, 132043, 132076, 132104, 132105, 132221, 132247, 132248, 132368, 132376, 132525, 132615, 132629, 132630, 132633, 132726, 132728, 132733, 132760, 132804, 132877, 132927, 132976, 133011, 133024, 133026, 133034, 133062, 133097, 133202, 133228, 133257, 133278]"
c1_random,My-Seeds,0.1,10%,0.2,20%,3581,14322,4200,3340,860,16796,13044,0.9107666527021365,False,309,13809,"[17, 73, 102, 119, 277, 278, 295, 319, 320, 349, 350, 385, 411, 424, 465, 494, 498, 542, 543, 555, 568, 572, 623, 642, 654, 655, 680, 730, 748, 762, 766, 813, 816, 839, 898, 1086, 1116, 1120, 1123, 1158, 1218, 1235, 1341, 1351, 1366, 1368, 1369, 1372, 1436, 1482, 1500, 1510, 1513, 1516, 1518, 1697, 1804, 1898, 1917, 1918, 1949, 1964, 2109, 2111, 2112, 2117, 2121, 2161, 2162, 2166, 2214, 2220, 2241, 2255, 2261, 2278, 2280, 2368, 2389, 2392, 2449, 2486, 2518, 2642, 2656, 2657, 2686, 2700, 2743, 2794, 2797, 2844, 2855, 2857, 2889, 2910, 2916, 2917, 2968, 3012, 3018, 3028, 3068, 3121, 3130, 3142, 3149, 3160, 3167, 3203, 3204, 3233, 3247, 3269, 3270, 3293, 3328, 3330, 3365, 3430, 3480, 3518, 3527, 3528, 3532, 3534, 3544, 3545, 3566, 3579, 3598, 3604, 3609, 3649, 3684, 3685, 3688, 3708, 3710, 3711, 3728, 3768, 3776, 3781, 3810, 3908, 3955, 3981, 4012, 4032, 4161, 4173, 4272, 4279, 4282, 4284, 4378, 4390, 4460, 4462, 4483, 4534, 4679, 4685, 4697, 4713, 4734, 4740, 4741, 4753, 4786, 4790, 4797, 4874, 4905, 4908, 4984, 5066, 5067, 5102, 5130, 5143, 5149, 5152, 5157, 5167, 5180, 5184, 5206, 5209, 5212, 5223, 5233, 5237, 5284, 5399, 5429, 5453, 5476, 5480, 5513, 5515, 5524, 5541, 5547, 5548, 5580, 5802, 5811, 5898, 5900, 6026, 6364, 6387, 6440, 6441, 6532, 6612, 6647, 6655, 6659, 6835, 6838, 6845, 6871, 6914, 6977, 7004, 7005, 7026, 7140, 7146, 7206, 7264, 7325, 7371, 7387, 7477, 7482, 7612, 7620, 7629, 7686, 7756, 7784, 7821, 7919, 7923, 7968, 8053, 8071, 8129, 8139, 8303, 8398, 8413, 8445, 8458, 8486, 8507, 8553, 8626, 8711, 8800, 8801, 8833, 8836, 8840, 8978, 8985, 8995, 9011, 9039, 9052, 9208, 9263, 9268, 9284, 9292, 9316, 9334, 9414, 9418, 9452, 9481, 9606, 9617, 9780, 9887, 9904, 9987, 9999, 10017, 10056, 10116, 10174, 10191, 10194, 10199, 10243, 10399, 10429, 10479, 10713, 10834, 10873, 10914, 11006, 11025, 11080, 11083, 11107, 11318, 11337, 11383, 11412, 11478, 11536, 11551, 11723, 11729, 11753, 11856, 11874, 12011, 12050, 12068, 12073, 12150, 12166, 12186, 12328, 12350, 12376, 12448, 12449, 12505, 12548, 12614, 12620, 12633, 12645, 12732, 12757, 12758, 12832, 12837, 12904, 13070, 13074, 13084, 13112, 13121, 13144, 13179, 13259, 13395, 13575, 13577, 13598, 13622, 13630, 13652, 13693, 13742, 13894, 14084, 14104, 14128, 14129, 14186, 14210, 14273, 14302, 14304, 14309, 14354, 14363, 14404, 14413, 14439, 14465, 14467, 14507, 14522, 14528, 14548, 14570, 14646, 14686, 14691, 14716, 14783, 14802, 14816, 14867, 15052, 15124, 15161, 15213, 15223, 15231, 15238, 15250, 15252, 15254, 15309, 15311, 15342, 15352, 15353, 15435, 15440, 15524, 15547, 15555, 15607, 15669, 15765, 15767, 15768, 15840, 15921, 15941, 15973, 15976, 16035, 16042, 16043, 16059, 16078, 16110, 16116, 16118, 16190, 16211, 16235, 16236, 16237, 16250, 16265, 16305, 16329, 16340, 16349, 16359, 16430, 16434, 16455, 16463, 16480, 16523, 16607, 16666, 16681, 16773, 16784, 16790, 16793, 16884, 16886, 17247, 17248, 17263, 17438, 17442, 17447, 17459, 17593, 17736, 17760, 17837, 17864, 17866, 17920, 18013, 18027, 18079, 18092, 18137, 18138, 18250, 18255, 18258, 18326, 18327, 18344, 18357, 18425, 18442, 18444, 18451, 18453, 18459, 18553, 18575, 18587, 18647, 18662, 18860, 18864, 18867, 18876, 18911, 18948, 18977, 18993, 18995, 19018, 19066, 19149, 19282, 19326, 19339, 19363, 19400, 19409, 19428, 19445, 19475, 19480, 19517, 19556, 19603, 19611, 19620, 19695, 19921, 19970, 20031, 20040, 20151, 20177, 20181, 20245, 20251, 20296, 20362, 20363, 20417, 20440, 20464, 20469, 20496, 20500, 20501, 20664, 20684, 20685, 20704, 20711, 20756, 20766, 20775, 20781, 20872, 20875, 20913, 20975, 20977, 20978, 21005, 21144, 21209, 21228, 21292, 21372, 21383, 21396, 21416, 21418, 21448, 21456, 21457, 21486, 21514, 21536, 21539, 21542, 21737, 21757, 21762, 21768, 21859, 21862, 21867, 21884, 21914, 21991, 22150, 22154, 22171, 22240, 22300, 22316, 22416, 22437, 22440, 22555, 22570, 22653, 22681, 22698, 22767, 22804, 22837, 23070, 23082, 23085, 23099, 23107, 23110, 23119, 23122, 23256, 23344, 23375, 23456, 23461, 23483, 23564, 23579, 23673, 23752, 23820, 23893, 23908, 24107, 24138, 24330, 24417, 24442, 24500, 24583, 24670, 24682, 24836, 24896, 24921, 25164, 25168, 25178, 25211, 25230, 25247, 25305, 25346, 25373, 25400, 25471, 25518, 25522, 25538, 25543, 25548, 25626, 25717, 25741, 25761, 25822, 25831, 25850, 25910, 25962, 25995, 26042, 26086, 26091, 26141, 26293, 26308, 26323, 26326, 26349, 26413, 26459, 26474, 26526, 26624, 26733, 26738, 26775, 26787, 26821, 26843, 26859, 26860, 26861, 26896, 26972, 26973, 27031, 27062, 27147, 27170, 27224, 27251, 27281, 27282, 27297, 27305, 27306, 27309, 27358, 27363, 27375, 27385, 27397, 27400, 27406, 27412, 27428, 27442, 27471, 27560, 27580, 27581, 27666, 27710, 27739, 27746, 27748, 27749, 27882, 27905, 27943, 28003, 28005, 28019, 28027, 28046, 28063, 28064, 28130, 28133, 28138, 28139, 28194, 28236, 28247, 28298, 28377, 28384, 28391, 28394, 28516, 28535, 28549, 28564, 28633, 28682, 28692, 28717, 28718, 28753, 28789, 28811, 28907, 28917, 28918, 28933, 28964, 29001, 29005, 29065, 29128, 29131, 29189, 29194, 29202, 29294, 29295, 29301, 29353, 29355, 29388, 29403, 29421, 29631, 29644, 29649, 29739, 29740, 29801, 29835, 29845, 29880, 29881, 29895, 29909, 29934, 29947, 29949, 30068, 30189, 30193, 30196, 30234, 30287, 30352, 30353, 30372, 30375, 30407, 30408, 30441, 30476, 30513, 30514, 30547, 30588, 30630, 30666, 30668, 30704, 30780, 30921, 30941, 31076, 31079, 31098, 31116, 31166, 31261, 31264, 31336, 31397, 31414, 31445, 31465, 31491, 31562, 31644, 31815, 31862, 31878, 31898, 31930, 32009, 32011, 32018, 32055, 32057, 32059, 32079, 32099, 32131, 32186, 32187, 32269, 32308, 32317, 32323, 32342, 32444, 32447, 32457, 32482, 32528, 32596, 32666, 32719, 32752, 33040, 33099, 33181, 33189, 33194, 33224, 33429, 33636, 33830, 33854, 33921, 33926, 33932, 34023, 34067, 34101, 34110, 34127, 34206, 34270, 34333, 34417, 34459, 34463, 34478, 34479, 34494, 34524, 34729, 34801, 34809, 34810, 34864, 34916, 34945, 34954, 35055, 35152, 35165, 35299, 35363, 35412, 35596, 35655, 35662, 35695, 35799, 35881, 35882, 35930, 35947, 35952, 35953, 35954, 36002, 36013, 36099, 36102, 36136, 36138, 36140, 36183, 36373, 36409, 36458, 36464, 36476, 36531, 36562, 36568, 36571, 36617, 36618, 36704, 36740, 36743, 36758, 36781, 36783, 36814, 36820, 36973, 37052, 37142, 37152, 37255, 37292, 37316, 37378, 37540, 37542, 37659, 37787, 37794, 37811, 37832, 37865, 37937, 37943, 37949, 37950, 37987, 37990, 38219, 38251, 38264, 38295, 38297, 38374, 38378, 38413, 38432, 38446, 38530, 38542, 38564, 38572, 38578, 38606, 38608, 38675, 38716, 38748, 38805, 38869, 38969, 38970, 38980, 39062, 39078, 39093, 39108, 39190, 39196, 39251, 39298, 39335, 39343, 39438, 39446, 39448, 39451, 39720, 39722, 39794, 39856, 39960, 39962, 39999, 40000, 40034, 40041, 40126, 40173, 40208, 40216, 40343, 40393, 40394, 40407, 40412, 40420, 40497, 40599, 40607, 40636, 40666, 40720, 40729, 40739, 40740, 40758, 40764, 40767, 40769, 40811, 40824, 41025, 41058, 41124, 41191, 41192, 41193, 41283, 41358, 41426, 41434, 41451, 41475, 41476, 41567, 41574, 41579, 41611, 41726, 41767, 41801, 41862, 41883, 41884, 41899, 41946, 41996, 42001, 42071, 42080, 42222, 42293, 42304, 42310, 42314, 42318, 42386, 42402, 42413, 42417, 42444, 42498, 42499, 42501, 42507, 42556, 42565, 42576, 42598, 42674, 42675, 42766, 42767, 42821, 42883, 42887, 42920, 42923, 42939, 42995, 43005, 43052, 43053, 43088, 43098, 43230, 43289, 43408, 43457, 43469, 43483, 43603, 43613, 43649, 43712, 43714, 43733, 43742, 43743, 43779, 43887, 44019, 44065, 44069, 44072, 44125, 44278, 44329, 44386, 44434, 44503, 44514, 44516, 44622, 44645, 44659, 44675, 44678, 44706, 44791, 44794, 44797, 44880, 44881, 44951, 45054, 45107, 45121, 45168, 45169, 45212, 45272, 45344, 45345, 45445, 45531, 45549, 45554, 45565, 45580, 45616, 45617, 45640, 45641, 45654, 45677, 45692, 45696, 45746, 45792, 45861, 45889, 45920, 45983, 46083, 46119, 46146, 46153, 46244, 46263, 46359, 46400, 46404, 46460, 46532, 46556, 46559, 46663, 46684, 46692, 46698, 46716, 46733, 46988, 47029, 47096, 47098, 47176, 47209, 47262, 47272, 47331, 47337, 47372, 47424, 47447, 47451, 47463, 47608, 47649, 47667, 47718, 47765, 47772, 47776, 47865, 47882, 47894, 47999, 48045, 48201, 48277, 48301, 48350, 48360, 48363, 48444, 48446, 48466, 48488, 48507, 48536, 48569, 48570, 48575, 48577, 48640, 48688, 48747, 48793, 48870, 48951, 48952, 49034, 49118, 49138, 49163, 49197, 49199, 49241, 49246, 49305, 49319, 49359, 49391, 49422, 49458, 49462, 49466, 49525, 49539, 49551, 49565, 49567, 49648, 49661, 49702, 49740, 49741, 49742, 49747, 49749, 49751, 49989, 49990, 50003, 50008, 50010, 50036, 50039, 50043, 50122, 50125, 50148, 50174, 50226, 50244, 50245, 50264, 50278, 50280, 50288, 50289, 50310, 50385, 50387, 50463, 50483, 50505, 50545, 50592, 50633, 50637, 50640, 50642, 50671, 50687, 50730, 50760, 50820, 50918, 50920, 50946, 50987, 50991, 51121, 51137, 51206, 51215, 51236, 51262, 51306, 51425, 51439, 51474, 51489, 51495, 51507, 51546, 51559, 51638, 51680, 51730, 51778, 51779, 51791, 51866, 51878, 51956, 51964, 51982, 51983, 51985, 51986, 52028, 52041, 52130, 52131, 52139, 52176, 52207, 52208, 52211, 52217, 52231, 52252, 52254, 52290, 52297, 52320, 52371, 52482, 52495, 52497, 52518, 52564, 52598, 52604, 52700, 52703, 52708, 52744, 52817, 52947, 52968, 52984, 53034, 53054, 53058, 53076, 53091, 53110, 53213, 53215, 53243, 53245, 53280, 53360, 53405, 53406, 53420, 53481, 53501, 53534, 53569, 53571, 53574, 53578, 53591, 53599, 53607, 53617, 53629, 53641, 53652, 53661, 53662, 53681, 53703, 53709, 53719, 53807, 53820, 53955, 54014, 54026, 54131, 54181, 54184, 54196, 54212, 54261, 54352, 54360, 54361, 54392, 54402, 54425, 54432, 54460, 54542, 54550, 54558, 54582, 54599, 54746, 54752, 54799, 54887, 54947, 54972, 55011, 55035, 55040, 55045, 55066, 55155, 55180, 55183, 55198, 55247, 55249, 55292, 55331, 55343, 55356, 55369, 55371, 55384, 55404, 55406, 55412, 55555, 55556, 55607, 55676, 55714, 55850, 55853, 55859, 55864, 55888, 55915, 55959, 55999, 56002, 56038, 56051, 56168, 56170, 56174, 56184, 56206, 56216, 56217, 56223, 56225, 56237, 56241, 56247, 56302, 56412, 56448, 56532, 56695, 56714, 56733, 56768, 56769, 56795, 56799, 56855, 56925, 56933, 56938, 56971, 57150, 57190, 57217, 57263, 57276, 57307, 57331, 57470, 57507, 57560, 57624, 57644, 57660, 57666, 57793, 57798, 57964, 57984, 58060, 58099, 58151, 58153, 58172, 58233, 58245, 58381, 58395, 58397, 58494, 58605, 58656, 58706, 58707, 58726, 58750, 58857, 58865, 58887, 58924, 58926, 58931, 58934, 58985, 59032, 59058, 59092, 59103, 59216, 59220, 59276, 59277, 59326, 59345, 59371, 59379, 59398, 59433, 59467, 59503, 59506, 59517, 59528, 59530, 59532, 59554, 59570, 59596, 59605, 59627, 59697, 59760, 59767, 59801, 59850, 59863, 60010, 60043, 60056, 60059, 60076, 60088, 60164, 60211, 60215, 60251, 60271, 60274, 60329, 60337, 60425, 60426, 60472, 60491, 60499, 60603, 60690, 60712, 60750, 60760, 60813, 60818, 60962, 60975, 61080, 61115, 61157, 61308, 61326, 61345, 61358, 61430, 61435, 61439, 61440, 61497, 61571, 61574, 61628, 61686, 61750, 61789, 61806, 61846, 61872, 62013, 62058, 62067, 62097, 62098, 62179, 62185, 62225, 62296, 62297, 62298, 62300, 62305, 62311, 62426, 62481, 62486, 62496, 62560, 62564, 62605, 62650, 62660, 62698, 62705, 62706, 62707, 62716, 62825, 63013, 63015, 63073, 63105, 63116, 63140, 63170, 63172, 63352, 63366, 63422, 63438, 63476, 63484, 63500, 63570, 63618, 63625, 63626, 63663, 63665, 63671, 63719, 63796, 63827, 63964, 64062, 64124, 64176, 64192, 64214, 64253, 64261, 64317, 64336, 64364, 64403, 64414, 64470, 64569, 64583, 64636, 64646, 64650, 64669, 64679, 64691, 64743, 64747, 64753, 64789, 64834, 64852, 64857, 64945, 64995, 65171, 65201, 65213, 65254, 65255, 65257, 65262, 65264, 65461, 65467, 65500, 65507, 65519, 65540, 65541, 65570, 65571, 65597, 65599, 65613, 65723, 65799, 65938, 65982, 66059, 66079, 66157, 66232, 66350, 66356, 66396, 66401, 66430, 66439, 66459, 66465, 66511, 66514, 66518, 66522, 66535, 66555, 66608, 66633, 66638, 66683, 66741, 66761, 66803, 66946, 66996, 67060, 67108, 67123, 67137, 67141, 67147, 67357, 67360, 67411, 67498, 67580, 67662, 67664, 67671, 67692, 67717, 67719, 67730, 67742, 67746, 67747, 67752, 67755, 67850, 67890, 67893, 67896, 67901, 67925, 67955, 67988, 68051, 68148, 68246, 68291, 68455, 68471, 68472, 68629, 68736, 68739, 68749, 68752, 68799, 68834, 68835, 68931, 68956, 69057, 69058, 69078, 69094, 69109, 69142, 69169, 69190, 69195, 69366, 69376, 69403, 69520, 69595, 69601, 69609, 69622, 69680, 69681, 69703, 69841, 69877, 69902, 69960, 69961, 70027, 70075, 70130, 70225, 70282, 70284, 70335, 70368, 70393, 70413, 70460, 70570, 70589, 70759, 70770, 70781, 70794, 70824, 70825, 70902, 70918, 71040, 71074, 71077, 71118, 71218, 71245, 71371, 71442, 71545, 71566, 71574, 71576, 71602, 71681, 71712, 71718, 71719, 71724, 71725, 71854, 71861, 72049, 72114, 72201, 72291, 72311, 72315, 72406, 72439, 72444, 72464, 72491, 72493, 72494, 72556, 72562, 72579, 72616, 72628, 72634, 72699, 72744, 72747, 72750, 72811, 72818, 72949, 72960, 72975, 73033, 73034, 73053, 73074, 73135, 73143, 73220, 73238, 73252, 73271, 73280, 73304, 73315, 73420, 73440, 73441, 73452, 73497, 73544, 73553, 73610, 73624, 73703, 73714, 73744, 73759, 73766, 73767, 73785, 73842, 73865, 73914, 73966, 73970, 74016, 74024, 74059, 74081, 74207, 74225, 74277, 74302, 74310, 74400, 74402, 74577, 74614, 74653, 74659, 74788, 74834, 74844, 74853, 74921, 74932, 74939, 75043, 75049, 75050, 75055, 75059, 75063, 75077, 75117, 75156, 75226, 75227, 75233, 75348, 75398, 75401, 75420, 75441, 75465, 75607, 75794, 75855, 75858, 75978, 76014, 76035, 76040, 76071, 76075, 76108, 76111, 76217, 76218, 76327, 76432, 76451, 76489, 76504, 76597, 76618, 76707, 76832, 76862, 76892, 76930, 76946, 77019, 77107, 77113, 77129, 77152, 77245, 77252, 77269, 77270, 77293, 77325, 77460, 77480, 77504, 77515, 77526, 77529, 77558, 77618, 77755, 77786, 77787, 77788, 77822, 77825, 77837, 77849, 77850, 77852, 77888, 77915, 77978, 78090, 78091, 78105, 78128, 78186, 78194, 78236, 78328, 78369, 78370, 78425, 78462, 78470, 78550, 78566, 78696, 78901, 78921, 79028, 79035, 79069, 79131, 79155, 79157, 79239, 79240, 79277, 79379, 79408, 79451, 79467, 79610, 79631, 79633, 79722, 79746, 79814, 79818, 79975, 80042, 80093, 80116, 80121, 80123, 80327, 80358, 80374, 80396, 80433, 80438, 80442, 80496, 80526, 80531, 80577, 80579, 80581, 80602, 80604, 80629, 80643, 80650, 80692, 80742, 80763, 80804, 80809, 80811, 80928, 80954, 81004, 81175, 81296, 81321, 81325, 81370, 81416, 81435, 81462, 81505, 81539, 81544, 81546, 81565, 81707, 81708, 81794, 81900, 81909, 81960, 81969, 81971, 81974, 82079, 82159, 82216, 82261, 82296, 82358, 82362, 82498, 82535, 82561, 82562, 82587, 82588, 82615, 82651, 82717, 82753, 82768, 82797, 82798, 82848, 82947, 82965, 82966, 83022, 83053, 83058, 83080, 83151, 83160, 83171, 83172, 83188, 83224, 83298, 83490, 83507, 83560, 83563, 83580, 83676, 83697, 83774, 83825, 83830, 83835, 83848, 83860, 83877, 83906, 83924, 83964, 84007, 84008, 84032, 84053, 84127, 84145, 84150, 84156, 84162, 84164, 84180, 84182, 84214, 84299, 84302, 84333, 84457, 84513, 84585, 84614, 84628, 84657, 84663, 84728, 84800, 84804, 84809, 84818, 84845, 84918, 84943, 85010, 85040, 85091, 85190, 85296, 85323, 85451, 85508, 85532, 85561, 85563, 85566, 85764, 85765, 85772, 85829, 85835, 85836, 85837, 85840, 85848, 85857, 85908, 85910, 85962, 85969, 85970, 85986, 86003, 86018, 86021, 86094, 86116, 86133, 86204, 86234, 86332, 86417, 86486, 86499, 86516, 86546, 86560, 86561, 86563, 86579, 86609, 86652, 86654, 86671, 86721, 86787, 86845, 86892, 86966, 86974, 86990, 86991, 86993, 87018, 87046, 87130, 87165, 87168, 87181, 87325, 87336, 87337, 87345, 87376, 87390, 87415, 87419, 87421, 87422, 87502, 87506, 87507, 87519, 87520, 87525, 87547, 87601, 87632, 87664, 87691, 87695, 87720, 87888, 88012, 88038, 88046, 88131, 88135, 88136, 88166, 88198, 88199, 88202, 88283, 88311, 88320, 88349, 88351, 88357, 88361, 88512, 88560, 88576, 88577, 88598, 88602, 88604, 88633, 88708, 88712, 88715, 88727, 88850, 88877, 88903, 88905, 88913, 88930, 88948, 88969, 89006, 89027, 89072, 89120, 89124, 89169, 89170, 89171, 89248, 89487, 89549, 89560, 89588, 89591, 89630, 89652, 89737, 89755, 89781, 89782, 89783, 89820, 89835, 89862, 89924, 90007, 90021, 90023, 90031, 90043, 90071, 90077, 90119, 90127, 90151, 90189, 90253, 90281, 90403, 90413, 90442, 90452, 90592, 90632, 90645, 90668, 90794, 90806, 90807, 90816, 90830, 90839, 90850, 90854, 90881, 90922, 90954, 90972, 90976, 91027, 91033, 91101, 91152, 91186, 91192, 91196, 91230, 91254, 91403, 91453, 91456, 91457, 91557, 91586, 91613, 91666, 91668, 91752, 91772, 91858, 91867, 92013, 92024, 92028, 92081, 92085, 92092, 92108, 92123, 92134, 92152, 92189, 92208, 92218, 92220, 92228, 92248, 92387, 92464, 92472, 92478, 92480, 92501, 92513, 92537, 92554, 92577, 92580, 92588, 92813, 92817, 92831, 92916, 92927, 92933, 92977, 92998, 93032, 93096, 93099, 93104, 93119, 93174, 93235, 93283, 93296, 93312, 93329, 93365, 93395, 93517, 93563, 93608, 93626, 93627, 93633, 93690, 93720, 93725, 93798, 93804, 93806, 93819, 93837, 93889, 93936, 93968, 93984, 93988, 94022, 94023, 94140, 94259, 94260, 94306, 94313, 94357, 94360, 94365, 94376, 94392, 94410, 94445, 94495, 94513, 94538, 94630, 94679, 94705, 94780, 94792, 94793, 94797, 94835, 94838, 94855, 94878, 94879, 94881, 94887, 94918, 94947, 94969, 95147, 95180, 95194, 95267, 95283, 95284, 95558, 95701, 95767, 95839, 95845, 95879, 95880, 95941, 96083, 96094, 96196, 96234, 96241, 96263, 96304, 96415, 96430, 96436, 96450, 96500, 96504, 96530, 96599, 96600, 96601, 96616, 96641, 96743, 96765, 96796, 96831, 96909, 96921, 97012, 97020, 97036, 97057, 97101, 97143, 97207, 97208, 97371, 97404, 97469, 97470, 97479, 97480, 97499, 97586, 97590, 97595, 97602, 97603, 97607, 97618, 97622, 97675, 97676, 97687, 97698, 97701, 97734, 97750, 97844, 97916, 97920, 97937, 97938, 97967, 97983, 98023, 98034, 98085, 98086, 98150, 98155, 98191, 98319, 98340, 98346, 98412, 98441, 98463, 98471, 98571, 98586, 98629, 98647, 98698, 98709, 98714, 98724, 98765, 98771, 98772, 98780, 98871, 98940, 98952, 98957, 98962, 98981, 98983, 99024, 99031, 99086, 99126, 99129, 99178, 99179, 99239, 99242, 99260, 99263, 99327, 99359, 99361, 99431, 99452, 99454, 99467, 99468, 99472, 99476, 99499, 99539, 99568, 99617, 99621, 99627, 99717, 99793, 99878, 99908, 99916, 99972, 100025, 100052, 100103, 100105, 100143, 100152, 100182, 100192, 100260, 100272, 100290, 100394, 100418, 100425, 100446, 100452, 100536, 100574, 100593, 100606, 100625, 100629, 100716, 100717, 100754, 100791, 100813, 100885, 100908, 100912, 100938, 100974, 100976, 101066, 101095, 101105, 101108, 101168, 101174, 101178, 101192, 101199, 101212, 101220, 101267, 101273, 101319, 101323, 101324, 101334, 101361, 101368, 101378, 101422, 101425, 101467, 101560, 101579, 101611, 101635, 101662, 101682, 101695, 101705, 101748, 101780, 101797, 101842, 101848, 101872, 101875, 101917, 101942, 101958, 101994, 101996, 102118, 102191, 102199, 102201, 102204, 102277, 102309, 102331, 102345, 102352, 102376, 102397, 102472, 102490, 102523, 102525, 102532, 102551, 102617, 102672, 102725, 102731, 102750, 102752, 102806, 102856, 102874, 102876, 102891, 102912, 102950, 102951, 103116, 103201, 103208, 103213, 103218, 103235, 103264, 103265, 103430, 103431, 103463, 103464, 103492, 103500, 103549, 103571, 103586, 103589, 103698, 103749, 103767, 103783, 103786, 103825, 103837, 103838, 103995, 103999, 104040, 104049, 104075, 104098, 104113, 104114, 104248, 104289, 104312, 104430, 104437, 104485, 104522, 104602, 104655, 104865, 104878, 104880, 104953, 104967, 104976, 105017, 105110, 105142, 105218, 105274, 105348, 105361, 105437, 105441, 105496, 105563, 105651, 105686, 105689, 105725, 105849, 105906, 105923, 105970, 105980, 106000, 106050, 106051, 106176, 106203, 106224, 106232, 106245, 106353, 106355, 106400, 106497, 106501, 106619, 106639, 106837, 106866, 106869, 106875, 106881, 106882, 106885, 106894, 106964, 107002, 107023, 107024, 107035, 107036, 107037, 107042, 107093, 107121, 107163, 107297, 107308, 107344, 107351, 107352, 107397, 107436, 107466, 107588, 107597, 107645, 107702, 107714, 107715, 107757, 107766, 107791, 107797, 107805, 107808, 107877, 107879, 107883, 107884, 107885, 107988, 107993, 108062, 108139, 108155, 108213, 108289, 108393, 108397, 108437, 108494, 108604, 108722, 108754, 108762, 108776, 108850, 108883, 108906, 108930, 108945, 108946, 108947, 108951, 109000, 109053, 109072, 109107, 109153, 109317, 109338, 109339, 109365, 109369, 109371, 109432, 109534, 109544, 109545, 109580, 109593, 109670, 109686, 109699, 109733, 109771, 109778, 109822, 109834, 109952, 109976, 110003, 110006, 110055, 110211, 110239, 110248, 110293, 110295, 110299, 110319, 110325, 110356, 110364, 110365, 110387, 110422, 110427, 110455, 110461, 110486, 110487, 110523, 110529, 110536, 110601, 110644, 110690, 110704, 110741, 110742, 110749, 110750, 110758, 110788, 110798, 110902, 110942, 111082, 111244, 111271, 111303, 111388, 111496, 111570, 111596, 111607, 111622, 111631, 111641, 111642, 111683, 111685, 111687, 111732, 111789, 111794, 111875, 111916, 111932, 111938, 111945, 111970, 111996, 112059, 112071, 112125, 112158, 112163, 112172, 112217, 112221, 112242, 112265, 112266, 112272, 112297, 112304, 112383, 112384, 112385, 112390, 112476, 112479, 112490, 112491, 112500, 112529, 112640, 112705, 112711, 112715, 112727, 112737, 112833, 112849, 112868, 112945, 113008, 113046, 113057, 113079, 113210, 113254, 113260, 113277, 113335, 113419, 113481, 113652, 113686, 113751, 113780, 113867, 113879, 113895, 113910, 113964, 114097, 114116, 114148, 114183, 114187, 114265, 114380, 114402, 114497, 114604, 114605, 114645, 114650, 114761, 114789, 114817, 114880, 114979, 115007, 115016, 115076, 115124, 115143, 115217, 115260, 115270, 115310, 115314, 115330, 115347, 115351, 115354, 115433, 115438, 115440, 115459, 115502, 115519, 115531, 115558, 115666, 115667, 115670, 115675, 115733, 115963, 115964, 115975, 116017, 116046, 116069, 116071, 116078, 116180, 116208, 116216, 116230, 116231, 116399, 116488, 116514, 116576, 116665, 116757, 116782, 116784, 116800, 116805, 116851, 116895, 116901, 116915, 116949, 116962, 116969, 116978, 117169, 117171, 117172, 117175, 117306, 117308, 117350, 117362, 117396, 117443, 117464, 117478, 117493, 117690, 117751, 117863, 117867, 117988, 118025, 118028, 118040, 118079, 118119, 118143, 118170, 118179, 118306, 118310, 118325, 118346, 118349, 118396, 118403, 118469, 118487, 118488, 118519, 118630, 118637, 118675, 118762, 118859, 118945, 119087, 119097, 119102, 119136, 119146, 119150, 119158, 119163, 119164, 119190, 119236, 119254, 119319, 119411, 119412, 119615, 119616, 119619, 119669, 119683, 119702, 119711, 119714, 119762, 119780, 119804, 119844, 119863, 119864, 119867, 119907, 119958, 119959, 119969, 119975, 120017, 120019, 120050, 120051, 120055, 120094, 120106, 120149, 120163, 120166, 120169, 120174, 120177, 120206, 120335, 120336, 120459, 120557, 120631, 120678, 120698, 120747, 120783, 120792, 120794, 120800, 120810, 120849, 121030, 121039, 121052, 121054, 121081, 121100, 121131, 121140, 121147, 121218, 121278, 121402, 121403, 121554, 121581, 121630, 121655, 121754, 121758, 121768, 121831, 121832, 121916, 121928, 121943, 122040, 122041, 122066, 122101, 122105, 122148, 122193, 122272, 122276, 122294, 122349, 122369, 122572, 122581, 122600, 122637, 122654, 122668, 122670, 122700, 122710, 122729, 122746, 122802, 122863, 122883, 122899, 122921, 122938, 122978, 122980, 122993, 123205, 123239, 123247, 123267, 123268, 123300, 123340, 123341, 123397, 123431, 123437, 123458, 123478, 123485, 123487, 123556, 123581, 123603, 123673, 123698, 123701, 123714, 123757, 123762, 123792, 123793, 123876, 123911, 124056, 124095, 124118, 124126, 124146, 124181, 124231, 124243, 124297, 124306, 124313, 124315, 124352, 124370, 124533, 124536, 124546, 124587, 124591, 124593, 124633, 124682, 124683, 124687, 124751, 124794, 124795, 124838, 124936, 124939, 125005, 125009, 125045, 125102, 125116, 125137, 125190, 125192, 125231, 125267, 125285, 125302, 125316, 125317, 125350, 125380, 125454, 125557, 125561, 125595, 125609, 125664, 125678, 125735, 125745, 125853, 125867, 125892, 125915, 125935, 125937, 125942, 125957, 126052, 126055, 126063, 126102, 126103, 126158, 126194, 126261, 126292, 126340, 126354, 126451, 126488, 126489, 126533, 126538, 126549, 126716, 126737, 126748, 126760, 126917, 126919, 126924, 126948, 126976, 126985, 126986, 126992, 127085, 127112, 127117, 127193, 127195, 127204, 127274, 127302, 127393, 127410, 127635, 127641, 127688, 127691, 127705, 127750, 127792, 127816, 127886, 128013, 128027, 128038, 128102, 128160, 128338, 128376, 128402, 128463, 128493, 128732, 128814, 128816, 128842, 128843, 128858, 128879, 128898, 128902, 128905, 128985, 129039, 129065, 129106, 129130, 129140, 129147, 129149, 129156, 129183, 129229, 129256, 129313, 129315, 129331, 129356, 129361, 129412, 129417, 129446, 129458, 129538, 129608, 129610, 129622, 129634, 129641, 129819, 129856, 129898, 129984, 129985, 130006, 130068, 130146, 130232, 130234, 130277, 130384, 130398, 130414, 130416, 130438, 130442, 130519, 130543, 130568, 130663, 130684, 130759, 130779, 130784, 130836, 130837, 130840, 130883, 131018, 131043, 131123, 131126, 131211, 131217, 131281, 131309, 131315, 131323, 131402, 131492, 131536, 131542, 131647, 131651, 131717, 131814, 131840, 131866, 131979, 131982, 132021, 132043, 132076, 132104, 132105, 132221, 132247, 132248, 132368, 132376, 132525, 132615, 132629, 132630, 132633, 132726, 132728, 132733, 132760, 132804, 132877, 132927, 132976, 133011, 133024, 133026, 133034, 133062, 133097, 133202, 133228, 133257, 133278]"
c2_degree,Greedy-f1,0.1,10%,0.2,20%,3581,14322,1807,1437,370,2445,2055,0.14348554671135316,False,309,13809,"[17, 73, 102, 119, 277, 278, 295, 319, 320, 349, 350, 385, 411, 424, 465, 494, 498, 542, 543, 555, 568, 572, 623, 642, 654, 655, 680, 730, 748, 762, 766, 813, 816, 839, 898, 1086, 1116, 1120, 1123, 1158, 1218, 1235, 1341, 1351, 1366, 1368, 1369, 1372, 1436, 1482, 1500, 1510, 1513, 1516, 1518, 1697, 1804, 1898, 1917, 1918, 1949, 1964, 2109, 2111, 2112, 2117, 2121, 2161, 2162, 2166, 2214, 2220, 2241, 2255, 2261, 2278, 2280, 2368, 2389, 2392, 2449, 2486, 2518, 2642, 2656, 2657, 2686, 2700, 2743, 2794, 2797, 2844, 2855, 2857, 2889, 2910, 2916, 2917, 2968, 3012, 3018, 3028, 3068, 3121, 3130, 3142, 3149, 3160, 3167, 3203, 3204, 3233, 3247, 3269, 3270, 3293, 3328, 3330, 3365, 3430, 3480, 3518, 3527, 3528, 3532, 3534, 3544, 3545, 3566, 3579, 3598, 3604, 3609, 3649, 3684, 3685, 3688, 3708, 3710, 3711, 3728, 3768, 3776, 3781, 3810, 3908, 3955, 3981, 4012, 4032, 4161, 4173, 4272, 4279, 4282, 4284, 4378, 4390, 4460, 4462, 4483, 4534, 4679, 4685, 4697, 4713, 4734, 4740, 4741, 4753, 4786, 4790, 4797, 4874, 4905, 4908, 4984, 5066, 5067, 5102, 5130, 5143, 5149, 5152, 5157, 5167, 5180, 5184, 5206, 5209, 5212, 5223, 5233, 5237, 5284, 5399, 5429, 5453, 5476, 5480, 5513, 5515, 5524, 5541, 5547, 5548, 5580, 5802, 5811, 5898, 5900, 6026, 6364, 6387, 6440, 6441, 6532, 6612, 6647, 6655, 6659, 6835, 6838, 6845, 6871, 6914, 6977, 7004, 7005, 7026, 7140, 7146, 7206, 7264, 7325, 7371, 7387, 7477, 7482, 7612, 7620, 7629, 7686, 7756, 7784, 7821, 7919, 7923, 7968, 8053, 8071, 8129, 8139, 8303, 8398, 8413, 8445, 8458, 8486, 8507, 8553, 8626, 8711, 8800, 8801, 8833, 8836, 8840, 8978, 8985, 8995, 9011, 9039, 9052, 9208, 9263, 9268, 9284, 9292, 9316, 9334, 9414, 9418, 9452, 9481, 9606, 9617, 9780, 9887, 9904, 9987, 9999, 10017, 10056, 10116, 10174, 10191, 10194, 10199, 10243, 10399, 10429, 10479, 10713, 10834, 10873, 10914, 11006, 11025, 11080, 11083, 11107, 11318, 11337, 11383, 11412, 11478, 11536, 11551, 11723, 11729, 11753, 11856, 11874, 12011, 12050, 12068, 12073, 12150, 12166, 12186, 12328, 12350, 12376, 12448, 12449, 12505, 12548, 12614, 12620, 12633, 12645, 12732, 12757, 12758, 12832, 12837, 12904, 13070, 13074, 13084, 13112, 13121, 13144, 13179, 13259, 13395, 13575, 13577, 13598, 13622, 13630, 13652, 13693, 13742, 13894, 14084, 14104, 14128, 14129, 14186, 14210, 14273, 14302, 14304, 14309, 14354, 14363, 14404, 14413, 14439, 14465, 14467, 14507, 14522, 14528, 14548, 14570, 14646, 14686, 14691, 14716, 14783, 14802, 14816, 14867, 15052, 15124, 15161, 15213, 15223, 15231, 15238, 15250, 15252, 15254, 15309, 15311, 15342, 15352, 15353, 15435, 15440, 15524, 15547, 15555, 15607, 15669, 15765, 15767, 15768, 15840, 15921, 15941, 15973, 15976, 16035, 16042, 16043, 16059, 16078, 16110, 16116, 16118, 16190, 16211, 16235, 16236, 16237, 16250, 16265, 16305, 16329, 16340, 16349, 16359, 16430, 16434, 16455, 16463, 16480, 16523, 16607, 16666, 16681, 16773, 16784, 16790, 16793, 16884, 16886, 17247, 17248, 17263, 17438, 17442, 17447, 17459, 17593, 17736, 17760, 17837, 17864, 17866, 17920, 18013, 18027, 18079, 18092, 18137, 18138, 18250, 18255, 18258, 18326, 18327, 18344, 18357, 18425, 18442, 18444, 18451, 18453, 18459, 18553, 18575, 18587, 18647, 18662, 18860, 18864, 18867, 18876, 18911, 18948, 18977, 18993, 18995, 19018, 19066, 19149, 19282, 19326, 19339, 19363, 19400, 19409, 19428, 19445, 19475, 19480, 19517, 19556, 19603, 19611, 19620, 19695, 19921, 19970, 20031, 20040, 20151, 20177, 20181, 20245, 20251, 20296, 20362, 20363, 20417, 20440, 20464, 20469, 20496, 20500, 20501, 20664, 20684, 20685, 20704, 20711, 20756, 20766, 20775, 20781, 20872, 20875, 20913, 20975, 20977, 20978, 21005, 21144, 21209, 21228, 21292, 21372, 21383, 21396, 21416, 21418, 21448, 21456, 21457, 21486, 21514, 21536, 21539, 21542, 21737, 21757, 21762, 21768, 21859, 21862, 21867, 21884, 21914, 21991, 22150, 22154, 22171, 22240, 22300, 22316, 22416, 22437, 22440, 22555, 22570, 22653, 22681, 22698, 22767, 22804, 22837, 23070, 23082, 23085, 23099, 23107, 23110, 23119, 23122, 23256, 23344, 23375, 23456, 23461, 23483, 23564, 23579, 23673, 23752, 23820, 23893, 23908, 24107, 24138, 24330, 24417, 24442, 24500, 24583, 24670, 24682, 24836, 24896, 24921, 25164, 25168, 25178, 25211, 25230, 25247, 25305, 25346, 25373, 25400, 25471, 25518, 25522, 25538, 25543, 25548, 25626, 25717, 25741, 25761, 25822, 25831, 25850, 25910, 25962, 25995, 26042, 26086, 26091, 26141, 26293, 26308, 26323, 26326, 26349, 26413, 26459, 26474, 26526, 26624, 26733, 26738, 26775, 26787, 26821, 26843, 26859, 26860, 26861, 26896, 26972, 26973, 27031, 27062, 27147, 27170, 27224, 27251, 27281, 27282, 27297, 27305, 27306, 27309, 27358, 27363, 27375, 27385, 27397, 27400, 27406, 27412, 27428, 27442, 27471, 27560, 27580, 27581, 27666, 27710, 27739, 27746, 27748, 27749, 27882, 27905, 27943, 28003, 28005, 28019, 28027, 28046, 28063, 28064, 28130, 28133, 28138, 28139, 28194, 28236, 28247, 28298, 28377, 28384, 28391, 28394, 28516, 28535, 28549, 28564, 28633, 28682, 28692, 28717, 28718, 28753, 28789, 28811, 28907, 28917, 28918, 28933, 28964, 29001, 29005, 29065, 29128, 29131, 29189, 29194, 29202, 29294, 29295, 29301, 29353, 29355, 29388, 29403, 29421, 29631, 29644, 29649, 29739, 29740, 29801, 29835, 29845, 29880, 29881, 29895, 29909, 29934, 29947, 29949, 30068, 30189, 30193, 30196, 30234, 30287, 30352, 30353, 30372, 30375, 30407, 30408, 30441, 30476, 30513, 30514, 30547, 30588, 30630, 30666, 30668, 30704, 30780, 30921, 30941, 31076, 31079, 31098, 31116, 31166, 31261, 31264, 31336, 31397, 31414, 31445, 31465, 31491, 31562, 31644, 31815, 31862, 31878, 31898, 31930, 32009, 32011, 32018, 32055, 32057, 32059, 32079, 32099, 32131, 32186, 32187, 32269, 32308, 32317, 32323, 32342, 32444, 32447, 32457, 32482, 32528, 32596, 32666, 32719, 32752, 33040, 33099, 33181, 33189, 33194, 33224, 33429, 33636, 33830, 33854, 33921, 33926, 33932, 34023, 34067, 34101, 34110, 34127, 34206, 34270, 34333, 34417, 34459, 34463, 34478, 34479, 34494, 34524, 34729, 34801, 34809, 34810, 34864, 34916, 34945, 34954, 35055, 35152, 35165, 35299, 35363, 35412, 35596, 35655, 35662, 35695, 35799, 35881, 35882, 35930, 35947, 35952, 35953, 35954, 36002, 36013, 36099, 36102, 36136, 36138, 36140, 36183, 36373, 36409, 36458, 36464, 36476, 36531, 36562, 36568, 36571, 36617, 36618, 36704, 36740, 36743, 36758, 36781, 36783, 36814, 36820, 36973, 37052, 37142, 37152, 37255, 37292, 37316, 37378, 37540, 37542, 37659, 37787, 37794, 37811, 37832, 37865, 37937, 37943, 37949, 37950, 37987, 37990, 38219, 38251, 38264, 38295, 38297, 38374, 38378, 38413, 38432, 38446, 38530, 38542, 38564, 38572, 38578, 38606, 38608, 38675, 38716, 38748, 38805, 38869, 38969, 38970, 38980, 39062, 39078, 39093, 39108, 39190, 39196, 39251, 39298, 39335, 39343, 39438, 39446, 39448, 39451, 39720, 39722, 39794, 39856, 39960, 39962, 39999, 40000, 40034, 40041, 40126, 40173, 40208, 40216, 40343, 40393, 40394, 40407, 40412, 40420, 40497, 40599, 40607, 40636, 40666, 40720, 40729, 40739, 40740, 40758, 40764, 40767, 40769, 40811, 40824, 41025, 41058, 41124, 41191, 41192, 41193, 41283, 41358, 41426, 41434, 41451, 41475, 41476, 41567, 41574, 41579, 41611, 41726, 41767, 41801, 41862, 41883, 41884, 41899, 41946, 41996, 42001, 42071, 42080, 42222, 42293, 42304, 42310, 42314, 42318, 42386, 42402, 42413, 42417, 42444, 42498, 42499, 42501, 42507, 42556, 42565, 42576, 42598, 42674, 42675, 42766, 42767, 42821, 42883, 42887, 42920, 42923, 42939, 42995, 43005, 43052, 43053, 43088, 43098, 43230, 43289, 43408, 43457, 43469, 43483, 43603, 43613, 43649, 43712, 43714, 43733, 43742, 43743, 43779, 43887, 44019, 44065, 44069, 44072, 44125, 44278, 44329, 44386, 44434, 44503, 44514, 44516, 44622, 44645, 44659, 44675, 44678, 44706, 44791, 44794, 44797, 44880, 44881, 44951, 45054, 45107, 45121, 45168, 45169, 45212, 45272, 45344, 45345, 45445, 45531, 45549, 45554, 45565, 45580, 45616, 45617, 45640, 45641, 45654, 45677, 45692, 45696, 45746, 45792, 45861, 45889, 45920, 45983, 46083, 46119, 46146, 46153, 46244, 46263, 46359, 46400, 46404, 46460, 46532, 46556, 46559, 46663, 46684, 46692, 46698, 46716, 46733, 46988, 47029, 47096, 47098, 47176, 47209, 47262, 47272, 47331, 47337, 47372, 47424, 47447, 47451, 47463, 47608, 47649, 47667, 47718, 47765, 47772, 47776, 47865, 47882, 47894, 47999, 48045, 48201, 48277, 48301, 48350, 48360, 48363, 48444, 48446, 48466, 48488, 48507, 48536, 48569, 48570, 48575, 48577, 48640, 48688, 48747, 48793, 48870, 48951, 48952, 49034, 49118, 49138, 49163, 49197, 49199, 49241, 49246, 49305, 49319, 49359, 49391, 49422, 49458, 49462, 49466, 49525, 49539, 49551, 49565, 49567, 49648, 49661, 49702, 49740, 49741, 49742, 49747, 49749, 49751, 49989, 49990, 50003, 50008, 50010, 50036, 50039, 50043, 50122, 50125, 50148, 50174, 50226, 50244, 50245, 50264, 50278, 50280, 50288, 50289, 50310, 50385, 50387, 50463, 50483, 50505, 50545, 50592, 50633, 50637, 50640, 50642, 50671, 50687, 50730, 50760, 50820, 50918, 50920, 50946, 50987, 50991, 51121, 51137, 51206, 51215, 51236, 51262, 51306, 51425, 51439, 51474, 51489, 51495, 51507, 51546, 51559, 51638, 51680, 51730, 51778, 51779, 51791, 51866, 51878, 51956, 51964, 51982, 51983, 51985, 51986, 52028, 52041, 52130, 52131, 52139, 52176, 52207, 52208, 52211, 52217, 52231, 52252, 52254, 52290, 52297, 52320, 52371, 52482, 52495, 52497, 52518, 52564, 52598, 52604, 52700, 52703, 52708, 52744, 52817, 52947, 52968, 52984, 53034, 53054, 53058, 53076, 53091, 53110, 53213, 53215, 53243, 53245, 53280, 53360, 53405, 53406, 53420, 53481, 53501, 53534, 53569, 53571, 53574, 53578, 53591, 53599, 53607, 53617, 53629, 53641, 53652, 53661, 53662, 53681, 53703, 53709, 53719, 53807, 53820, 53955, 54014, 54026, 54131, 54181, 54184, 54196, 54212, 54261, 54352, 54360, 54361, 54392, 54402, 54425, 54432, 54460, 54542, 54550, 54558, 54582, 54599, 54746, 54752, 54799, 54887, 54947, 54972, 55011, 55035, 55040, 55045, 55066, 55155, 55180, 55183, 55198, 55247, 55249, 55292, 55331, 55343, 55356, 55369, 55371, 55384, 55404, 55406, 55412, 55555, 55556, 55607, 55676, 55714, 55850, 55853, 55859, 55864, 55888, 55915, 55959, 55999, 56002, 56038, 56051, 56168, 56170, 56174, 56184, 56206, 56216, 56217, 56223, 56225, 56237, 56241, 56247, 56302, 56412, 56448, 56532, 56695, 56714, 56733, 56768, 56769, 56795, 56799, 56855, 56925, 56933, 56938, 56971, 57150, 57190, 57217, 57263, 57276, 57307, 57331, 57470, 57507, 57560, 57624, 57644, 57660, 57666, 57793, 57798, 57964, 57984, 58060, 58099, 58151, 58153, 58172, 58233, 58245, 58381, 58395, 58397, 58494, 58605, 58656, 58706, 58707, 58726, 58750, 58857, 58865, 58887, 58924, 58926, 58931, 58934, 58985, 59032, 59058, 59092, 59103, 59216, 59220, 59276, 59277, 59326, 59345, 59371, 59379, 59398, 59433, 59467, 59503, 59506, 59517, 59528, 59530, 59532, 59554, 59570, 59596, 59605, 59627, 59697, 59760, 59767, 59801, 59850, 59863, 60010, 60043, 60056, 60059, 60076, 60088, 60164, 60211, 60215, 60251, 60271, 60274, 60329, 60337, 60425, 60426, 60472, 60491, 60499, 60603, 60690, 60712, 60750, 60760, 60813, 60818, 60962, 60975, 61080, 61115, 61157, 61308, 61326, 61345, 61358, 61430, 61435, 61439, 61440, 61497, 61571, 61574, 61628, 61686, 61750, 61789, 61806, 61846, 61872, 62013, 62058, 62067, 62097, 62098, 62179, 62185, 62225, 62296, 62297, 62298, 62300, 62305, 62311, 62426, 62481, 62486, 62496, 62560, 62564, 62605, 62650, 62660, 62698, 62705, 62706, 62707, 62716, 62825, 63013, 63015, 63073, 63105, 63116, 63140, 63170, 63172, 63352, 63366, 63422, 63438, 63476, 63484, 63500, 63570, 63618, 63625, 63626, 63663, 63665, 63671, 63719, 63796, 63827, 63964, 64062, 64124, 64176, 64192, 64214, 64253, 64261, 64317, 64336, 64364, 64403, 64414, 64470, 64569, 64583, 64636, 64646, 64650, 64669, 64679, 64691, 64743, 64747, 64753, 64789, 64834, 64852, 64857, 64945, 64995, 65171, 65201, 65213, 65254, 65255, 65257, 65262, 65264, 65461, 65467, 65500, 65507, 65519, 65540, 65541, 65570, 65571, 65597, 65599, 65613, 65723, 65799, 65938, 65982, 66059, 66079, 66157, 66232, 66350, 66356, 66396, 66401, 66430, 66439, 66459, 66465, 66511, 66514, 66518, 66522, 66535, 66555, 66608, 66633, 66638, 66683, 66741, 66761, 66803, 66946, 66996, 67060, 67108, 67123, 67137, 67141, 67147, 67357, 67360, 67411, 67498, 67580, 67662, 67664, 67671, 67692, 67717, 67719, 67730, 67742, 67746, 67747, 67752, 67755, 67850, 67890, 67893, 67896, 67901, 67925, 67955, 67988, 68051, 68148, 68246, 68291, 68455, 68471, 68472, 68629, 68736, 68739, 68749, 68752, 68799, 68834, 68835, 68931, 68956, 69057, 69058, 69078, 69094, 69109, 69142, 69169, 69190, 69195, 69366, 69376, 69403, 69520, 69595, 69601, 69609, 69622, 69680, 69681, 69703, 69841, 69877, 69902, 69960, 69961, 70027, 70075, 70130, 70225, 70282, 70284, 70335, 70368, 70393, 70413, 70460, 70570, 70589, 70759, 70770, 70781, 70794, 70824, 70825, 70902, 70918, 71040, 71074, 71077, 71118, 71218, 71245, 71371, 71442, 71545, 71566, 71574, 71576, 71602, 71681, 71712, 71718, 71719, 71724, 71725, 71854, 71861, 72049, 72114, 72201, 72291, 72311, 72315, 72406, 72439, 72444, 72464, 72491, 72493, 72494, 72556, 72562, 72579, 72616, 72628, 72634, 72699, 72744, 72747, 72750, 72811, 72818, 72949, 72960, 72975, 73033, 73034, 73053, 73074, 73135, 73143, 73220, 73238, 73252, 73271, 73280, 73304, 73315, 73420, 73440, 73441, 73452, 73497, 73544, 73553, 73610, 73624, 73703, 73714, 73744, 73759, 73766, 73767, 73785, 73842, 73865, 73914, 73966, 73970, 74016, 74024, 74059, 74081, 74207, 74225, 74277, 74302, 74310, 74400, 74402, 74577, 74614, 74653, 74659, 74788, 74834, 74844, 74853, 74921, 74932, 74939, 75043, 75049, 75050, 75055, 75059, 75063, 75077, 75117, 75156, 75226, 75227, 75233, 75348, 75398, 75401, 75420, 75441, 75465, 75607, 75794, 75855, 75858, 75978, 76014, 76035, 76040, 76071, 76075, 76108, 76111, 76217, 76218, 76327, 76432, 76451, 76489, 76504, 76597, 76618, 76707, 76832, 76862, 76892, 76930, 76946, 77019, 77107, 77113, 77129, 77152, 77245, 77252, 77269, 77270, 77293, 77325, 77460, 77480, 77504, 77515, 77526, 77529, 77558, 77618, 77755, 77786, 77787, 77788, 77822, 77825, 77837, 77849, 77850, 77852, 77888, 77915, 77978, 78090, 78091, 78105, 78128, 78186, 78194, 78236, 78328, 78369, 78370, 78425, 78462, 78470, 78550, 78566, 78696, 78901, 78921, 79028, 79035, 79069, 79131, 79155, 79157, 79239, 79240, 79277, 79379, 79408, 79451, 79467, 79610, 79631, 79633, 79722, 79746, 79814, 79818, 79975, 80042, 80093, 80116, 80121, 80123, 80327, 80358, 80374, 80396, 80433, 80438, 80442, 80496, 80526, 80531, 80577, 80579, 80581, 80602, 80604, 80629, 80643, 80650, 80692, 80742, 80763, 80804, 80809, 80811, 80928, 80954, 81004, 81175, 81296, 81321, 81325, 81370, 81416, 81435, 81462, 81505, 81539, 81544, 81546, 81565, 81707, 81708, 81794, 81900, 81909, 81960, 81969, 81971, 81974, 82079, 82159, 82216, 82261, 82296, 82358, 82362, 82498, 82535, 82561, 82562, 82587, 82588, 82615, 82651, 82717, 82753, 82768, 82797, 82798, 82848, 82947, 82965, 82966, 83022, 83053, 83058, 83080, 83151, 83160, 83171, 83172, 83188, 83224, 83298, 83490, 83507, 83560, 83563, 83580, 83676, 83697, 83774, 83825, 83830, 83835, 83848, 83860, 83877, 83906, 83924, 83964, 84007, 84008, 84032, 84053, 84127, 84145, 84150, 84156, 84162, 84164, 84180, 84182, 84214, 84299, 84302, 84333, 84457, 84513, 84585, 84614, 84628, 84657, 84663, 84728, 84800, 84804, 84809, 84818, 84845, 84918, 84943, 85010, 85040, 85091, 85190, 85296, 85323, 85451, 85508, 85532, 85561, 85563, 85566, 85764, 85765, 85772, 85829, 85835, 85836, 85837, 85840, 85848, 85857, 85908, 85910, 85962, 85969, 85970, 85986, 86003, 86018, 86021, 86094, 86116, 86133, 86204, 86234, 86332, 86417, 86486, 86499, 86516, 86546, 86560, 86561, 86563, 86579, 86609, 86652, 86654, 86671, 86721, 86787, 86845, 86892, 86966, 86974, 86990, 86991, 86993, 87018, 87046, 87130, 87165, 87168, 87181, 87325, 87336, 87337, 87345, 87376, 87390, 87415, 87419, 87421, 87422, 87502, 87506, 87507, 87519, 87520, 87525, 87547, 87601, 87632, 87664, 87691, 87695, 87720, 87888, 88012, 88038, 88046, 88131, 88135, 88136, 88166, 88198, 88199, 88202, 88283, 88311, 88320, 88349, 88351, 88357, 88361, 88512, 88560, 88576, 88577, 88598, 88602, 88604, 88633, 88708, 88712, 88715, 88727, 88850, 88877, 88903, 88905, 88913, 88930, 88948, 88969, 89006, 89027, 89072, 89120, 89124, 89169, 89170, 89171, 89248, 89487, 89549, 89560, 89588, 89591, 89630, 89652, 89737, 89755, 89781, 89782, 89783, 89820, 89835, 89862, 89924, 90007, 90021, 90023, 90031, 90043, 90071, 90077, 90119, 90127, 90151, 90189, 90253, 90281, 90403, 90413, 90442, 90452, 90592, 90632, 90645, 90668, 90794, 90806, 90807, 90816, 90830, 90839, 90850, 90854, 90881, 90922, 90954, 90972, 90976, 91027, 91033, 91101, 91152, 91186, 91192, 91196, 91230, 91254, 91403, 91453, 91456, 91457, 91557, 91586, 91613, 91666, 91668, 91752, 91772, 91858, 91867, 92013, 92024, 92028, 92081, 92085, 92092, 92108, 92123, 92134, 92152, 92189, 92208, 92218, 92220, 92228, 92248, 92387, 92464, 92472, 92478, 92480, 92501, 92513, 92537, 92554, 92577, 92580, 92588, 92813, 92817, 92831, 92916, 92927, 92933, 92977, 92998, 93032, 93096, 93099, 93104, 93119, 93174, 93235, 93283, 93296, 93312, 93329, 93365, 93395, 93517, 93563, 93608, 93626, 93627, 93633, 93690, 93720, 93725, 93798, 93804, 93806, 93819, 93837, 93889, 93936, 93968, 93984, 93988, 94022, 94023, 94140, 94259, 94260, 94306, 94313, 94357, 94360, 94365, 94376, 94392, 94410, 94445, 94495, 94513, 94538, 94630, 94679, 94705, 94780, 94792, 94793, 94797, 94835, 94838, 94855, 94878, 94879, 94881, 94887, 94918, 94947, 94969, 95147, 95180, 95194, 95267, 95283, 95284, 95558, 95701, 95767, 95839, 95845, 95879, 95880, 95941, 96083, 96094, 96196, 96234, 96241, 96263, 96304, 96415, 96430, 96436, 96450, 96500, 96504, 96530, 96599, 96600, 96601, 96616, 96641, 96743, 96765, 96796, 96831, 96909, 96921, 97012, 97020, 97036, 97057, 97101, 97143, 97207, 97208, 97371, 97404, 97469, 97470, 97479, 97480, 97499, 97586, 97590, 97595, 97602, 97603, 97607, 97618, 97622, 97675, 97676, 97687, 97698, 97701, 97734, 97750, 97844, 97916, 97920, 97937, 97938, 97967, 97983, 98023, 98034, 98085, 98086, 98150, 98155, 98191, 98319, 98340, 98346, 98412, 98441, 98463, 98471, 98571, 98586, 98629, 98647, 98698, 98709, 98714, 98724, 98765, 98771, 98772, 98780, 98871, 98940, 98952, 98957, 98962, 98981, 98983, 99024, 99031, 99086, 99126, 99129, 99178, 99179, 99239, 99242, 99260, 99263, 99327, 99359, 99361, 99431, 99452, 99454, 99467, 99468, 99472, 99476, 99499, 99539, 99568, 99617, 99621, 99627, 99717, 99793, 99878, 99908, 99916, 99972, 100025, 100052, 100103, 100105, 100143, 100152, 100182, 100192, 100260, 100272, 100290, 100394, 100418, 100425, 100446, 100452, 100536, 100574, 100593, 100606, 100625, 100629, 100716, 100717, 100754, 100791, 100813, 100885, 100908, 100912, 100938, 100974, 100976, 101066, 101095, 101105, 101108, 101168, 101174, 101178, 101192, 101199, 101212, 101220, 101267, 101273, 101319, 101323, 101324, 101334, 101361, 101368, 101378, 101422, 101425, 101467, 101560, 101579, 101611, 101635, 101662, 101682, 101695, 101705, 101748, 101780, 101797, 101842, 101848, 101872, 101875, 101917, 101942, 101958, 101994, 101996, 102118, 102191, 102199, 102201, 102204, 102277, 102309, 102331, 102345, 102352, 102376, 102397, 102472, 102490, 102523, 102525, 102532, 102551, 102617, 102672, 102725, 102731, 102750, 102752, 102806, 102856, 102874, 102876, 102891, 102912, 102950, 102951, 103116, 103201, 103208, 103213, 103218, 103235, 103264, 103265, 103430, 103431, 103463, 103464, 103492, 103500, 103549, 103571, 103586, 103589, 103698, 103749, 103767, 103783, 103786, 103825, 103837, 103838, 103995, 103999, 104040, 104049, 104075, 104098, 104113, 104114, 104248, 104289, 104312, 104430, 104437, 104485, 104522, 104602, 104655, 104865, 104878, 104880, 104953, 104967, 104976, 105017, 105110, 105142, 105218, 105274, 105348, 105361, 105437, 105441, 105496, 105563, 105651, 105686, 105689, 105725, 105849, 105906, 105923, 105970, 105980, 106000, 106050, 106051, 106176, 106203, 106224, 106232, 106245, 106353, 106355, 106400, 106497, 106501, 106619, 106639, 106837, 106866, 106869, 106875, 106881, 106882, 106885, 106894, 106964, 107002, 107023, 107024, 107035, 107036, 107037, 107042, 107093, 107121, 107163, 107297, 107308, 107344, 107351, 107352, 107397, 107436, 107466, 107588, 107597, 107645, 107702, 107714, 107715, 107757, 107766, 107791, 107797, 107805, 107808, 107877, 107879, 107883, 107884, 107885, 107988, 107993, 108062, 108139, 108155, 108213, 108289, 108393, 108397, 108437, 108494, 108604, 108722, 108754, 108762, 108776, 108850, 108883, 108906, 108930, 108945, 108946, 108947, 108951, 109000, 109053, 109072, 109107, 109153, 109317, 109338, 109339, 109365, 109369, 109371, 109432, 109534, 109544, 109545, 109580, 109593, 109670, 109686, 109699, 109733, 109771, 109778, 109822, 109834, 109952, 109976, 110003, 110006, 110055, 110211, 110239, 110248, 110293, 110295, 110299, 110319, 110325, 110356, 110364, 110365, 110387, 110422, 110427, 110455, 110461, 110486, 110487, 110523, 110529, 110536, 110601, 110644, 110690, 110704, 110741, 110742, 110749, 110750, 110758, 110788, 110798, 110902, 110942, 111082, 111244, 111271, 111303, 111388, 111496, 111570, 111596, 111607, 111622, 111631, 111641, 111642, 111683, 111685, 111687, 111732, 111789, 111794, 111875, 111916, 111932, 111938, 111945, 111970, 111996, 112059, 112071, 112125, 112158, 112163, 112172, 112217, 112221, 112242, 112265, 112266, 112272, 112297, 112304, 112383, 112384, 112385, 112390, 112476, 112479, 112490, 112491, 112500, 112529, 112640, 112705, 112711, 112715, 112727, 112737, 112833, 112849, 112868, 112945, 113008, 113046, 113057, 113079, 113210, 113254, 113260, 113277, 113335, 113419, 113481, 113652, 113686, 113751, 113780, 113867, 113879, 113895, 113910, 113964, 114097, 114116, 114148, 114183, 114187, 114265, 114380, 114402, 114497, 114604, 114605, 114645, 114650, 114761, 114789, 114817, 114880, 114979, 115007, 115016, 115076, 115124, 115143, 115217, 115260, 115270, 115310, 115314, 115330, 115347, 115351, 115354, 115433, 115438, 115440, 115459, 115502, 115519, 115531, 115558, 115666, 115667, 115670, 115675, 115733, 115963, 115964, 115975, 116017, 116046, 116069, 116071, 116078, 116180, 116208, 116216, 116230, 116231, 116399, 116488, 116514, 116576, 116665, 116757, 116782, 116784, 116800, 116805, 116851, 116895, 116901, 116915, 116949, 116962, 116969, 116978, 117169, 117171, 117172, 117175, 117306, 117308, 117350, 117362, 117396, 117443, 117464, 117478, 117493, 117690, 117751, 117863, 117867, 117988, 118025, 118028, 118040, 118079, 118119, 118143, 118170, 118179, 118306, 118310, 118325, 118346, 118349, 118396, 118403, 118469, 118487, 118488, 118519, 118630, 118637, 118675, 118762, 118859, 118945, 119087, 119097, 119102, 119136, 119146, 119150, 119158, 119163, 119164, 119190, 119236, 119254, 119319, 119411, 119412, 119615, 119616, 119619, 119669, 119683, 119702, 119711, 119714, 119762, 119780, 119804, 119844, 119863, 119864, 119867, 119907, 119958, 119959, 119969, 119975, 120017, 120019, 120050, 120051, 120055, 120094, 120106, 120149, 120163, 120166, 120169, 120174, 120177, 120206, 120335, 120336, 120459, 120557, 120631, 120678, 120698, 120747, 120783, 120792, 120794, 120800, 120810, 120849, 121030, 121039, 121052, 121054, 121081, 121100, 121131, 121140, 121147, 121218, 121278, 121402, 121403, 121554, 121581, 121630, 121655, 121754, 121758, 121768, 121831, 121832, 121916, 121928, 121943, 122040, 122041, 122066, 122101, 122105, 122148, 122193, 122272, 122276, 122294, 122349, 122369, 122572, 122581, 122600, 122637, 122654, 122668, 122670, 122700, 122710, 122729, 122746, 122802, 122863, 122883, 122899, 122921, 122938, 122978, 122980, 122993, 123205, 123239, 123247, 123267, 123268, 123300, 123340, 123341, 123397, 123431, 123437, 123458, 123478, 123485, 123487, 123556, 123581, 123603, 123673, 123698, 123701, 123714, 123757, 123762, 123792, 123793, 123876, 123911, 124056, 124095, 124118, 124126, 124146, 124181, 124231, 124243, 124297, 124306, 124313, 124315, 124352, 124370, 124533, 124536, 124546, 124587, 124591, 124593, 124633, 124682, 124683, 124687, 124751, 124794, 124795, 124838, 124936, 124939, 125005, 125009, 125045, 125102, 125116, 125137, 125190, 125192, 125231, 125267, 125285, 125302, 125316, 125317, 125350, 125380, 125454, 125557, 125561, 125595, 125609, 125664, 125678, 125735, 125745, 125853, 125867, 125892, 125915, 125935, 125937, 125942, 125957, 126052, 126055, 126063, 126102, 126103, 126158, 126194, 126261, 126292, 126340, 126354, 126451, 126488, 126489, 126533, 126538, 126549, 126716, 126737, 126748, 126760, 126917, 126919, 126924, 126948, 126976, 126985, 126986, 126992, 127085, 127112, 127117, 127193, 127195, 127204, 127274, 127302, 127393, 127410, 127635, 127641, 127688, 127691, 127705, 127750, 127792, 127816, 127886, 128013, 128027, 128038, 128102, 128160, 128338, 128376, 128402, 128463, 128493, 128732, 128814, 128816, 128842, 128843, 128858, 128879, 128898, 128902, 128905, 128985, 129039, 129065, 129106, 129130, 129140, 129147, 129149, 129156, 129183, 129229, 129256, 129313, 129315, 129331, 129356, 129361, 129412, 129417, 129446, 129458, 129538, 129608, 129610, 129622, 129634, 129641, 129819, 129856, 129898, 129984, 129985, 130006, 130068, 130146, 130232, 130234, 130277, 130384, 130398, 130414, 130416, 130438, 130442, 130519, 130543, 130568, 130663, 130684, 130759, 130779, 130784, 130836, 130837, 130840, 130883, 131018, 131043, 131123, 131126, 131211, 131217, 131281, 131309, 131315, 131323, 131402, 131492, 131536, 131542, 131647, 131651, 131717, 131814, 131840, 131866, 131979, 131982, 132021, 132043, 132076, 132104, 132105, 132221, 132247, 132248, 132368, 132376, 132525, 132615, 132629, 132630, 132633, 132726, 132728, 132733, 132760, 132804, 132877, 132927, 132976, 133011, 133024, 133026, 133034, 133062, 133097, 133202, 133228, 133257, 133278]"
c2_degree,Greedy-f2,0.1,10%,0.2,20%,3581,14322,1327,1032,295,1386,1081,0.07547828515570451,False,309,13809,"[17, 73, 102, 119, 277, 278, 295, 319, 320, 349, 350, 385, 411, 424, 465, 494, 498, 542, 543, 555, 568, 572, 623, 642, 654, 655, 680, 730, 748, 762, 766, 813, 816, 839, 898, 1086, 1116, 1120, 1123, 1158, 1218, 1235, 1341, 1351, 1366, 1368, 1369, 1372, 1436, 1482, 1500, 1510, 1513, 1516, 1518, 1697, 1804, 1898, 1917, 1918, 1949, 1964, 2109, 2111, 2112, 2117, 2121, 2161, 2162, 2166, 2214, 2220, 2241, 2255, 2261, 2278, 2280, 2368, 2389, 2392, 2449, 2486, 2518, 2642, 2656, 2657, 2686, 2700, 2743, 2794, 2797, 2844, 2855, 2857, 2889, 2910, 2916, 2917, 2968, 3012, 3018, 3028, 3068, 3121, 3130, 3142, 3149, 3160, 3167, 3203, 3204, 3233, 3247, 3269, 3270, 3293, 3328, 3330, 3365, 3430, 3480, 3518, 3527, 3528, 3532, 3534, 3544, 3545, 3566, 3579, 3598, 3604, 3609, 3649, 3684, 3685, 3688, 3708, 3710, 3711, 3728, 3768, 3776, 3781, 3810, 3908, 3955, 3981, 4012, 4032, 4161, 4173, 4272, 4279, 4282, 4284, 4378, 4390, 4460, 4462, 4483, 4534, 4679, 4685, 4697, 4713, 4734, 4740, 4741, 4753, 4786, 4790, 4797, 4874, 4905, 4908, 4984, 5066, 5067, 5102, 5130, 5143, 5149, 5152, 5157, 5167, 5180, 5184, 5206, 5209, 5212, 5223, 5233, 5237, 5284, 5399, 5429, 5453, 5476, 5480, 5513, 5515, 5524, 5541, 5547, 5548, 5580, 5802, 5811, 5898, 5900, 6026, 6364, 6387, 6440, 6441, 6532, 6612, 6647, 6655, 6659, 6835, 6838, 6845, 6871, 6914, 6977, 7004, 7005, 7026, 7140, 7146, 7206, 7264, 7325, 7371, 7387, 7477, 7482, 7612, 7620, 7629, 7686, 7756, 7784, 7821, 7919, 7923, 7968, 8053, 8071, 8129, 8139, 8303, 8398, 8413, 8445, 8458, 8486, 8507, 8553, 8626, 8711, 8800, 8801, 8833, 8836, 8840, 8978, 8985, 8995, 9011, 9039, 9052, 9208, 9263, 9268, 9284, 9292, 9316, 9334, 9414, 9418, 9452, 9481, 9606, 9617, 9780, 9887, 9904, 9987, 9999, 10017, 10056, 10116, 10174, 10191, 10194, 10199, 10243, 10399, 10429, 10479, 10713, 10834, 10873, 10914, 11006, 11025, 11080, 11083, 11107, 11318, 11337, 11383, 11412, 11478, 11536, 11551, 11723, 11729, 11753, 11856, 11874, 12011, 12050, 12068, 12073, 12150, 12166, 12186, 12328, 12350, 12376, 12448, 12449, 12505, 12548, 12614, 12620, 12633, 12645, 12732, 12757, 12758, 12832, 12837, 12904, 13070, 13074, 13084, 13112, 13121, 13144, 13179, 13259, 13395, 13575, 13577, 13598, 13622, 13630, 13652, 13693, 13742, 13894, 14084, 14104, 14128, 14129, 14186, 14210, 14273, 14302, 14304, 14309, 14354, 14363, 14404, 14413, 14439, 14465, 14467, 14507, 14522, 14528, 14548, 14570, 14646, 14686, 14691, 14716, 14783, 14802, 14816, 14867, 15052, 15124, 15161, 15213, 15223, 15231, 15238, 15250, 15252, 15254, 15309, 15311, 15342, 15352, 15353, 15435, 15440, 15524, 15547, 15555, 15607, 15669, 15765, 15767, 15768, 15840, 15921, 15941, 15973, 15976, 16035, 16042, 16043, 16059, 16078, 16110, 16116, 16118, 16190, 16211, 16235, 16236, 16237, 16250, 16265, 16305, 16329, 16340, 16349, 16359, 16430, 16434, 16455, 16463, 16480, 16523, 16607, 16666, 16681, 16773, 16784, 16790, 16793, 16884, 16886, 17247, 17248, 17263, 17438, 17442, 17447, 17459, 17593, 17736, 17760, 17837, 17864, 17866, 17920, 18013, 18027, 18079, 18092, 18137, 18138, 18250, 18255, 18258, 18326, 18327, 18344, 18357, 18425, 18442, 18444, 18451, 18453, 18459, 18553, 18575, 18587, 18647, 18662, 18860, 18864, 18867, 18876, 18911, 18948, 18977, 18993, 18995, 19018, 19066, 19149, 19282, 19326, 19339, 19363, 19400, 19409, 19428, 19445, 19475, 19480, 19517, 19556, 19603, 19611, 19620, 19695, 19921, 19970, 20031, 20040, 20151, 20177, 20181, 20245, 20251, 20296, 20362, 20363, 20417, 20440, 20464, 20469, 20496, 20500, 20501, 20664, 20684, 20685, 20704, 20711, 20756, 20766, 20775, 20781, 20872, 20875, 20913, 20975, 20977, 20978, 21005, 21144, 21209, 21228, 21292, 21372, 21383, 21396, 21416, 21418, 21448, 21456, 21457, 21486, 21514, 21536, 21539, 21542, 21737, 21757, 21762, 21768, 21859, 21862, 21867, 21884, 21914, 21991, 22150, 22154, 22171, 22240, 22300, 22316, 22416, 22437, 22440, 22555, 22570, 22653, 22681, 22698, 22767, 22804, 22837, 23070, 23082, 23085, 23099, 23107, 23110, 23119, 23122, 23256, 23344, 23375, 23456, 23461, 23483, 23564, 23579, 23673, 23752, 23820, 23893, 23908, 24107, 24138, 24330, 24417, 24442, 24500, 24583, 24670, 24682, 24836, 24896, 24921, 25164, 25168, 25178, 25211, 25230, 25247, 25305, 25346, 25373, 25400, 25471, 25518, 25522, 25538, 25543, 25548, 25626, 25717, 25741, 25761, 25822, 25831, 25850, 25910, 25962, 25995, 26042, 26086, 26091, 26141, 26293, 26308, 26323, 26326, 26349, 26413, 26459, 26474, 26526, 26624, 26733, 26738, 26775, 26787, 26821, 26843, 26859, 26860, 26861, 26896, 26972, 26973, 27031, 27062, 27147, 27170, 27224, 27251, 27281, 27282, 27297, 27305, 27306, 27309, 27358, 27363, 27375, 27385, 27397, 27400, 27406, 27412, 27428, 27442, 27471, 27560, 27580, 27581, 27666, 27710, 27739, 27746, 27748, 27749, 27882, 27905, 27943, 28003, 28005, 28019, 28027, 28046, 28063, 28064, 28130, 28133, 28138, 28139, 28194, 28236, 28247, 28298, 28377, 28384, 28391, 28394, 28516, 28535, 28549, 28564, 28633, 28682, 28692, 28717, 28718, 28753, 28789, 28811, 28907, 28917, 28918, 28933, 28964, 29001, 29005, 29065, 29128, 29131, 29189, 29194, 29202, 29294, 29295, 29301, 29353, 29355, 29388, 29403, 29421, 29631, 29644, 29649, 29739, 29740, 29801, 29835, 29845, 29880, 29881, 29895, 29909, 29934, 29947, 29949, 30068, 30189, 30193, 30196, 30234, 30287, 30352, 30353, 30372, 30375, 30407, 30408, 30441, 30476, 30513, 30514, 30547, 30588, 30630, 30666, 30668, 30704, 30780, 30921, 30941, 31076, 31079, 31098, 31116, 31166, 31261, 31264, 31336, 31397, 31414, 31445, 31465, 31491, 31562, 31644, 31815, 31862, 31878, 31898, 31930, 32009, 32011, 32018, 32055, 32057, 32059, 32079, 32099, 32131, 32186, 32187, 32269, 32308, 32317, 32323, 32342, 32444, 32447, 32457, 32482, 32528, 32596, 32666, 32719, 32752, 33040, 33099, 33181, 33189, 33194, 33224, 33429, 33636, 33830, 33854, 33921, 33926, 33932, 34023, 34067, 34101, 34110, 34127, 34206, 34270, 34333, 34417, 34459, 34463, 34478, 34479, 34494, 34524, 34729, 34801, 34809, 34810, 34864, 34916, 34945, 34954, 35055, 35152, 35165, 35299, 35363, 35412, 35596, 35655, 35662, 35695, 35799, 35881, 35882, 35930, 35947, 35952, 35953, 35954, 36002, 36013, 36099, 36102, 36136, 36138, 36140, 36183, 36373, 36409, 36458, 36464, 36476, 36531, 36562, 36568, 36571, 36617, 36618, 36704, 36740, 36743, 36758, 36781, 36783, 36814, 36820, 36973, 37052, 37142, 37152, 37255, 37292, 37316, 37378, 37540, 37542, 37659, 37787, 37794, 37811, 37832, 37865, 37937, 37943, 37949, 37950, 37987, 37990, 38219, 38251, 38264, 38295, 38297, 38374, 38378, 38413, 38432, 38446, 38530, 38542, 38564, 38572, 38578, 38606, 38608, 38675, 38716, 38748, 38805, 38869, 38969, 38970, 38980, 39062, 39078, 39093, 39108, 39190, 39196, 39251, 39298, 39335, 39343, 39438, 39446, 39448, 39451, 39720, 39722, 39794, 39856, 39960, 39962, 39999, 40000, 40034, 40041, 40126, 40173, 40208, 40216, 40343, 40393, 40394, 40407, 40412, 40420, 40497, 40599, 40607, 40636, 40666, 40720, 40729, 40739, 40740, 40758, 40764, 40767, 40769, 40811, 40824, 41025, 41058, 41124, 41191, 41192, 41193, 41283, 41358, 41426, 41434, 41451, 41475, 41476, 41567, 41574, 41579, 41611, 41726, 41767, 41801, 41862, 41883, 41884, 41899, 41946, 41996, 42001, 42071, 42080, 42222, 42293, 42304, 42310, 42314, 42318, 42386, 42402, 42413, 42417, 42444, 42498, 42499, 42501, 42507, 42556, 42565, 42576, 42598, 42674, 42675, 42766, 42767, 42821, 42883, 42887, 42920, 42923, 42939, 42995, 43005, 43052, 43053, 43088, 43098, 43230, 43289, 43408, 43457, 43469, 43483, 43603, 43613, 43649, 43712, 43714, 43733, 43742, 43743, 43779, 43887, 44019, 44065, 44069, 44072, 44125, 44278, 44329, 44386, 44434, 44503, 44514, 44516, 44622, 44645, 44659, 44675, 44678, 44706, 44791, 44794, 44797, 44880, 44881, 44951, 45054, 45107, 45121, 45168, 45169, 45212, 45272, 45344, 45345, 45445, 45531, 45549, 45554, 45565, 45580, 45616, 45617, 45640, 45641, 45654, 45677, 45692, 45696, 45746, 45792, 45861, 45889, 45920, 45983, 46083, 46119, 46146, 46153, 46244, 46263, 46359, 46400, 46404, 46460, 46532, 46556, 46559, 46663, 46684, 46692, 46698, 46716, 46733, 46988, 47029, 47096, 47098, 47176, 47209, 47262, 47272, 47331, 47337, 47372, 47424, 47447, 47451, 47463, 47608, 47649, 47667, 47718, 47765, 47772, 47776, 47865, 47882, 47894, 47999, 48045, 48201, 48277, 48301, 48350, 48360, 48363, 48444, 48446, 48466, 48488, 48507, 48536, 48569, 48570, 48575, 48577, 48640, 48688, 48747, 48793, 48870, 48951, 48952, 49034, 49118, 49138, 49163, 49197, 49199, 49241, 49246, 49305, 49319, 49359, 49391, 49422, 49458, 49462, 49466, 49525, 49539, 49551, 49565, 49567, 49648, 49661, 49702, 49740, 49741, 49742, 49747, 49749, 49751, 49989, 49990, 50003, 50008, 50010, 50036, 50039, 50043, 50122, 50125, 50148, 50174, 50226, 50244, 50245, 50264, 50278, 50280, 50288, 50289, 50310, 50385, 50387, 50463, 50483, 50505, 50545, 50592, 50633, 50637, 50640, 50642, 50671, 50687, 50730, 50760, 50820, 50918, 50920, 50946, 50987, 50991, 51121, 51137, 51206, 51215, 51236, 51262, 51306, 51425, 51439, 51474, 51489, 51495, 51507, 51546, 51559, 51638, 51680, 51730, 51778, 51779, 51791, 51866, 51878, 51956, 51964, 51982, 51983, 51985, 51986, 52028, 52041, 52130, 52131, 52139, 52176, 52207, 52208, 52211, 52217, 52231, 52252, 52254, 52290, 52297, 52320, 52371, 52482, 52495, 52497, 52518, 52564, 52598, 52604, 52700, 52703, 52708, 52744, 52817, 52947, 52968, 52984, 53034, 53054, 53058, 53076, 53091, 53110, 53213, 53215, 53243, 53245, 53280, 53360, 53405, 53406, 53420, 53481, 53501, 53534, 53569, 53571, 53574, 53578, 53591, 53599, 53607, 53617, 53629, 53641, 53652, 53661, 53662, 53681, 53703, 53709, 53719, 53807, 53820, 53955, 54014, 54026, 54131, 54181, 54184, 54196, 54212, 54261, 54352, 54360, 54361, 54392, 54402, 54425, 54432, 54460, 54542, 54550, 54558, 54582, 54599, 54746, 54752, 54799, 54887, 54947, 54972, 55011, 55035, 55040, 55045, 55066, 55155, 55180, 55183, 55198, 55247, 55249, 55292, 55331, 55343, 55356, 55369, 55371, 55384, 55404, 55406, 55412, 55555, 55556, 55607, 55676, 55714, 55850, 55853, 55859, 55864, 55888, 55915, 55959, 55999, 56002, 56038, 56051, 56168, 56170, 56174, 56184, 56206, 56216, 56217, 56223, 56225, 56237, 56241, 56247, 56302, 56412, 56448, 56532, 56695, 56714, 56733, 56768, 56769, 56795, 56799, 56855, 56925, 56933, 56938, 56971, 57150, 57190, 57217, 57263, 57276, 57307, 57331, 57470, 57507, 57560, 57624, 57644, 57660, 57666, 57793, 57798, 57964, 57984, 58060, 58099, 58151, 58153, 58172, 58233, 58245, 58381, 58395, 58397, 58494, 58605, 58656, 58706, 58707, 58726, 58750, 58857, 58865, 58887, 58924, 58926, 58931, 58934, 58985, 59032, 59058, 59092, 59103, 59216, 59220, 59276, 59277, 59326, 59345, 59371, 59379, 59398, 59433, 59467, 59503, 59506, 59517, 59528, 59530, 59532, 59554, 59570, 59596, 59605, 59627, 59697, 59760, 59767, 59801, 59850, 59863, 60010, 60043, 60056, 60059, 60076, 60088, 60164, 60211, 60215, 60251, 60271, 60274, 60329, 60337, 60425, 60426, 60472, 60491, 60499, 60603, 60690, 60712, 60750, 60760, 60813, 60818, 60962, 60975, 61080, 61115, 61157, 61308, 61326, 61345, 61358, 61430, 61435, 61439, 61440, 61497, 61571, 61574, 61628, 61686, 61750, 61789, 61806, 61846, 61872, 62013, 62058, 62067, 62097, 62098, 62179, 62185, 62225, 62296, 62297, 62298, 62300, 62305, 62311, 62426, 62481, 62486, 62496, 62560, 62564, 62605, 62650, 62660, 62698, 62705, 62706, 62707, 62716, 62825, 63013, 63015, 63073, 63105, 63116, 63140, 63170, 63172, 63352, 63366, 63422, 63438, 63476, 63484, 63500, 63570, 63618, 63625, 63626, 63663, 63665, 63671, 63719, 63796, 63827, 63964, 64062, 64124, 64176, 64192, 64214, 64253, 64261, 64317, 64336, 64364, 64403, 64414, 64470, 64569, 64583, 64636, 64646, 64650, 64669, 64679, 64691, 64743, 64747, 64753, 64789, 64834, 64852, 64857, 64945, 64995, 65171, 65201, 65213, 65254, 65255, 65257, 65262, 65264, 65461, 65467, 65500, 65507, 65519, 65540, 65541, 65570, 65571, 65597, 65599, 65613, 65723, 65799, 65938, 65982, 66059, 66079, 66157, 66232, 66350, 66356, 66396, 66401, 66430, 66439, 66459, 66465, 66511, 66514, 66518, 66522, 66535, 66555, 66608, 66633, 66638, 66683, 66741, 66761, 66803, 66946, 66996, 67060, 67108, 67123, 67137, 67141, 67147, 67357, 67360, 67411, 67498, 67580, 67662, 67664, 67671, 67692, 67717, 67719, 67730, 67742, 67746, 67747, 67752, 67755, 67850, 67890, 67893, 67896, 67901, 67925, 67955, 67988, 68051, 68148, 68246, 68291, 68455, 68471, 68472, 68629, 68736, 68739, 68749, 68752, 68799, 68834, 68835, 68931, 68956, 69057, 69058, 69078, 69094, 69109, 69142, 69169, 69190, 69195, 69366, 69376, 69403, 69520, 69595, 69601, 69609, 69622, 69680, 69681, 69703, 69841, 69877, 69902, 69960, 69961, 70027, 70075, 70130, 70225, 70282, 70284, 70335, 70368, 70393, 70413, 70460, 70570, 70589, 70759, 70770, 70781, 70794, 70824, 70825, 70902, 70918, 71040, 71074, 71077, 71118, 71218, 71245, 71371, 71442, 71545, 71566, 71574, 71576, 71602, 71681, 71712, 71718, 71719, 71724, 71725, 71854, 71861, 72049, 72114, 72201, 72291, 72311, 72315, 72406, 72439, 72444, 72464, 72491, 72493, 72494, 72556, 72562, 72579, 72616, 72628, 72634, 72699, 72744, 72747, 72750, 72811, 72818, 72949, 72960, 72975, 73033, 73034, 73053, 73074, 73135, 73143, 73220, 73238, 73252, 73271, 73280, 73304, 73315, 73420, 73440, 73441, 73452, 73497, 73544, 73553, 73610, 73624, 73703, 73714, 73744, 73759, 73766, 73767, 73785, 73842, 73865, 73914, 73966, 73970, 74016, 74024, 74059, 74081, 74207, 74225, 74277, 74302, 74310, 74400, 74402, 74577, 74614, 74653, 74659, 74788, 74834, 74844, 74853, 74921, 74932, 74939, 75043, 75049, 75050, 75055, 75059, 75063, 75077, 75117, 75156, 75226, 75227, 75233, 75348, 75398, 75401, 75420, 75441, 75465, 75607, 75794, 75855, 75858, 75978, 76014, 76035, 76040, 76071, 76075, 76108, 76111, 76217, 76218, 76327, 76432, 76451, 76489, 76504, 76597, 76618, 76707, 76832, 76862, 76892, 76930, 76946, 77019, 77107, 77113, 77129, 77152, 77245, 77252, 77269, 77270, 77293, 77325, 77460, 77480, 77504, 77515, 77526, 77529, 77558, 77618, 77755, 77786, 77787, 77788, 77822, 77825, 77837, 77849, 77850, 77852, 77888, 77915, 77978, 78090, 78091, 78105, 78128, 78186, 78194, 78236, 78328, 78369, 78370, 78425, 78462, 78470, 78550, 78566, 78696, 78901, 78921, 79028, 79035, 79069, 79131, 79155, 79157, 79239, 79240, 79277, 79379, 79408, 79451, 79467, 79610, 79631, 79633, 79722, 79746, 79814, 79818, 79975, 80042, 80093, 80116, 80121, 80123, 80327, 80358, 80374, 80396, 80433, 80438, 80442, 80496, 80526, 80531, 80577, 80579, 80581, 80602, 80604, 80629, 80643, 80650, 80692, 80742, 80763, 80804, 80809, 80811, 80928, 80954, 81004, 81175, 81296, 81321, 81325, 81370, 81416, 81435, 81462, 81505, 81539, 81544, 81546, 81565, 81707, 81708, 81794, 81900, 81909, 81960, 81969, 81971, 81974, 82079, 82159, 82216, 82261, 82296, 82358, 82362, 82498, 82535, 82561, 82562, 82587, 82588, 82615, 82651, 82717, 82753, 82768, 82797, 82798, 82848, 82947, 82965, 82966, 83022, 83053, 83058, 83080, 83151, 83160, 83171, 83172, 83188, 83224, 83298, 83490, 83507, 83560, 83563, 83580, 83676, 83697, 83774, 83825, 83830, 83835, 83848, 83860, 83877, 83906, 83924, 83964, 84007, 84008, 84032, 84053, 84127, 84145, 84150, 84156, 84162, 84164, 84180, 84182, 84214, 84299, 84302, 84333, 84457, 84513, 84585, 84614, 84628, 84657, 84663, 84728, 84800, 84804, 84809, 84818, 84845, 84918, 84943, 85010, 85040, 85091, 85190, 85296, 85323, 85451, 85508, 85532, 85561, 85563, 85566, 85764, 85765, 85772, 85829, 85835, 85836, 85837, 85840, 85848, 85857, 85908, 85910, 85962, 85969, 85970, 85986, 86003, 86018, 86021, 86094, 86116, 86133, 86204, 86234, 86332, 86417, 86486, 86499, 86516, 86546, 86560, 86561, 86563, 86579, 86609, 86652, 86654, 86671, 86721, 86787, 86845, 86892, 86966, 86974, 86990, 86991, 86993, 87018, 87046, 87130, 87165, 87168, 87181, 87325, 87336, 87337, 87345, 87376, 87390, 87415, 87419, 87421, 87422, 87502, 87506, 87507, 87519, 87520, 87525, 87547, 87601, 87632, 87664, 87691, 87695, 87720, 87888, 88012, 88038, 88046, 88131, 88135, 88136, 88166, 88198, 88199, 88202, 88283, 88311, 88320, 88349, 88351, 88357, 88361, 88512, 88560, 88576, 88577, 88598, 88602, 88604, 88633, 88708, 88712, 88715, 88727, 88850, 88877, 88903, 88905, 88913, 88930, 88948, 88969, 89006, 89027, 89072, 89120, 89124, 89169, 89170, 89171, 89248, 89487, 89549, 89560, 89588, 89591, 89630, 89652, 89737, 89755, 89781, 89782, 89783, 89820, 89835, 89862, 89924, 90007, 90021, 90023, 90031, 90043, 90071, 90077, 90119, 90127, 90151, 90189, 90253, 90281, 90403, 90413, 90442, 90452, 90592, 90632, 90645, 90668, 90794, 90806, 90807, 90816, 90830, 90839, 90850, 90854, 90881, 90922, 90954, 90972, 90976, 91027, 91033, 91101, 91152, 91186, 91192, 91196, 91230, 91254, 91403, 91453, 91456, 91457, 91557, 91586, 91613, 91666, 91668, 91752, 91772, 91858, 91867, 92013, 92024, 92028, 92081, 92085, 92092, 92108, 92123, 92134, 92152, 92189, 92208, 92218, 92220, 92228, 92248, 92387, 92464, 92472, 92478, 92480, 92501, 92513, 92537, 92554, 92577, 92580, 92588, 92813, 92817, 92831, 92916, 92927, 92933, 92977, 92998, 93032, 93096, 93099, 93104, 93119, 93174, 93235, 93283, 93296, 93312, 93329, 93365, 93395, 93517, 93563, 93608, 93626, 93627, 93633, 93690, 93720, 93725, 93798, 93804, 93806, 93819, 93837, 93889, 93936, 93968, 93984, 93988, 94022, 94023, 94140, 94259, 94260, 94306, 94313, 94357, 94360, 94365, 94376, 94392, 94410, 94445, 94495, 94513, 94538, 94630, 94679, 94705, 94780, 94792, 94793, 94797, 94835, 94838, 94855, 94878, 94879, 94881, 94887, 94918, 94947, 94969, 95147, 95180, 95194, 95267, 95283, 95284, 95558, 95701, 95767, 95839, 95845, 95879, 95880, 95941, 96083, 96094, 96196, 96234, 96241, 96263, 96304, 96415, 96430, 96436, 96450, 96500, 96504, 96530, 96599, 96600, 96601, 96616, 96641, 96743, 96765, 96796, 96831, 96909, 96921, 97012, 97020, 97036, 97057, 97101, 97143, 97207, 97208, 97371, 97404, 97469, 97470, 97479, 97480, 97499, 97586, 97590, 97595, 97602, 97603, 97607, 97618, 97622, 97675, 97676, 97687, 97698, 97701, 97734, 97750, 97844, 97916, 97920, 97937, 97938, 97967, 97983, 98023, 98034, 98085, 98086, 98150, 98155, 98191, 98319, 98340, 98346, 98412, 98441, 98463, 98471, 98571, 98586, 98629, 98647, 98698, 98709, 98714, 98724, 98765, 98771, 98772, 98780, 98871, 98940, 98952, 98957, 98962, 98981, 98983, 99024, 99031, 99086, 99126, 99129, 99178, 99179, 99239, 99242, 99260, 99263, 99327, 99359, 99361, 99431, 99452, 99454, 99467, 99468, 99472, 99476, 99499, 99539, 99568, 99617, 99621, 99627, 99717, 99793, 99878, 99908, 99916, 99972, 100025, 100052, 100103, 100105, 100143, 100152, 100182, 100192, 100260, 100272, 100290, 100394, 100418, 100425, 100446, 100452, 100536, 100574, 100593, 100606, 100625, 100629, 100716, 100717, 100754, 100791, 100813, 100885, 100908, 100912, 100938, 100974, 100976, 101066, 101095, 101105, 101108, 101168, 101174, 101178, 101192, 101199, 101212, 101220, 101267, 101273, 101319, 101323, 101324, 101334, 101361, 101368, 101378, 101422, 101425, 101467, 101560, 101579, 101611, 101635, 101662, 101682, 101695, 101705, 101748, 101780, 101797, 101842, 101848, 101872, 101875, 101917, 101942, 101958, 101994, 101996, 102118, 102191, 102199, 102201, 102204, 102277, 102309, 102331, 102345, 102352, 102376, 102397, 102472, 102490, 102523, 102525, 102532, 102551, 102617, 102672, 102725, 102731, 102750, 102752, 102806, 102856, 102874, 102876, 102891, 102912, 102950, 102951, 103116, 103201, 103208, 103213, 103218, 103235, 103264, 103265, 103430, 103431, 103463, 103464, 103492, 103500, 103549, 103571, 103586, 103589, 103698, 103749, 103767, 103783, 103786, 103825, 103837, 103838, 103995, 103999, 104040, 104049, 104075, 104098, 104113, 104114, 104248, 104289, 104312, 104430, 104437, 104485, 104522, 104602, 104655, 104865, 104878, 104880, 104953, 104967, 104976, 105017, 105110, 105142, 105218, 105274, 105348, 105361, 105437, 105441, 105496, 105563, 105651, 105686, 105689, 105725, 105849, 105906, 105923, 105970, 105980, 106000, 106050, 106051, 106176, 106203, 106224, 106232, 106245, 106353, 106355, 106400, 106497, 106501, 106619, 106639, 106837, 106866, 106869, 106875, 106881, 106882, 106885, 106894, 106964, 107002, 107023, 107024, 107035, 107036, 107037, 107042, 107093, 107121, 107163, 107297, 107308, 107344, 107351, 107352, 107397, 107436, 107466, 107588, 107597, 107645, 107702, 107714, 107715, 107757, 107766, 107791, 107797, 107805, 107808, 107877, 107879, 107883, 107884, 107885, 107988, 107993, 108062, 108139, 108155, 108213, 108289, 108393, 108397, 108437, 108494, 108604, 108722, 108754, 108762, 108776, 108850, 108883, 108906, 108930, 108945, 108946, 108947, 108951, 109000, 109053, 109072, 109107, 109153, 109317, 109338, 109339, 109365, 109369, 109371, 109432, 109534, 109544, 109545, 109580, 109593, 109670, 109686, 109699, 109733, 109771, 109778, 109822, 109834, 109952, 109976, 110003, 110006, 110055, 110211, 110239, 110248, 110293, 110295, 110299, 110319, 110325, 110356, 110364, 110365, 110387, 110422, 110427, 110455, 110461, 110486, 110487, 110523, 110529, 110536, 110601, 110644, 110690, 110704, 110741, 110742, 110749, 110750, 110758, 110788, 110798, 110902, 110942, 111082, 111244, 111271, 111303, 111388, 111496, 111570, 111596, 111607, 111622, 111631, 111641, 111642, 111683, 111685, 111687, 111732, 111789, 111794, 111875, 111916, 111932, 111938, 111945, 111970, 111996, 112059, 112071, 112125, 112158, 112163, 112172, 112217, 112221, 112242, 112265, 112266, 112272, 112297, 112304, 112383, 112384, 112385, 112390, 112476, 112479, 112490, 112491, 112500, 112529, 112640, 112705, 112711, 112715, 112727, 112737, 112833, 112849, 112868, 112945, 113008, 113046, 113057, 113079, 113210, 113254, 113260, 113277, 113335, 113419, 113481, 113652, 113686, 113751, 113780, 113867, 113879, 113895, 113910, 113964, 114097, 114116, 114148, 114183, 114187, 114265, 114380, 114402, 114497, 114604, 114605, 114645, 114650, 114761, 114789, 114817, 114880, 114979, 115007, 115016, 115076, 115124, 115143, 115217, 115260, 115270, 115310, 115314, 115330, 115347, 115351, 115354, 115433, 115438, 115440, 115459, 115502, 115519, 115531, 115558, 115666, 115667, 115670, 115675, 115733, 115963, 115964, 115975, 116017, 116046, 116069, 116071, 116078, 116180, 116208, 116216, 116230, 116231, 116399, 116488, 116514, 116576, 116665, 116757, 116782, 116784, 116800, 116805, 116851, 116895, 116901, 116915, 116949, 116962, 116969, 116978, 117169, 117171, 117172, 117175, 117306, 117308, 117350, 117362, 117396, 117443, 117464, 117478, 117493, 117690, 117751, 117863, 117867, 117988, 118025, 118028, 118040, 118079, 118119, 118143, 118170, 118179, 118306, 118310, 118325, 118346, 118349, 118396, 118403, 118469, 118487, 118488, 118519, 118630, 118637, 118675, 118762, 118859, 118945, 119087, 119097, 119102, 119136, 119146, 119150, 119158, 119163, 119164, 119190, 119236, 119254, 119319, 119411, 119412, 119615, 119616, 119619, 119669, 119683, 119702, 119711, 119714, 119762, 119780, 119804, 119844, 119863, 119864, 119867, 119907, 119958, 119959, 119969, 119975, 120017, 120019, 120050, 120051, 120055, 120094, 120106, 120149, 120163, 120166, 120169, 120174, 120177, 120206, 120335, 120336, 120459, 120557, 120631, 120678, 120698, 120747, 120783, 120792, 120794, 120800, 120810, 120849, 121030, 121039, 121052, 121054, 121081, 121100, 121131, 121140, 121147, 121218, 121278, 121402, 121403, 121554, 121581, 121630, 121655, 121754, 121758, 121768, 121831, 121832, 121916, 121928, 121943, 122040, 122041, 122066, 122101, 122105, 122148, 122193, 122272, 122276, 122294, 122349, 122369, 122572, 122581, 122600, 122637, 122654, 122668, 122670, 122700, 122710, 122729, 122746, 122802, 122863, 122883, 122899, 122921, 122938, 122978, 122980, 122993, 123205, 123239, 123247, 123267, 123268, 123300, 123340, 123341, 123397, 123431, 123437, 123458, 123478, 123485, 123487, 123556, 123581, 123603, 123673, 123698, 123701, 123714, 123757, 123762, 123792, 123793, 123876, 123911, 124056, 124095, 124118, 124126, 124146, 124181, 124231, 124243, 124297, 124306, 124313, 124315, 124352, 124370, 124533, 124536, 124546, 124587, 124591, 124593, 124633, 124682, 124683, 124687, 124751, 124794, 124795, 124838, 124936, 124939, 125005, 125009, 125045, 125102, 125116, 125137, 125190, 125192, 125231, 125267, 125285, 125302, 125316, 125317, 125350, 125380, 125454, 125557, 125561, 125595, 125609, 125664, 125678, 125735, 125745, 125853, 125867, 125892, 125915, 125935, 125937, 125942, 125957, 126052, 126055, 126063, 126102, 126103, 126158, 126194, 126261, 126292, 126340, 126354, 126451, 126488, 126489, 126533, 126538, 126549, 126716, 126737, 126748, 126760, 126917, 126919, 126924, 126948, 126976, 126985, 126986, 126992, 127085, 127112, 127117, 127193, 127195, 127204, 127274, 127302, 127393, 127410, 127635, 127641, 127688, 127691, 127705, 127750, 127792, 127816, 127886, 128013, 128027, 128038, 128102, 128160, 128338, 128376, 128402, 128463, 128493, 128732, 128814, 128816, 128842, 128843, 128858, 128879, 128898, 128902, 128905, 128985, 129039, 129065, 129106, 129130, 129140, 129147, 129149, 129156, 129183, 129229, 129256, 129313, 129315, 129331, 129356, 129361, 129412, 129417, 129446, 129458, 129538, 129608, 129610, 129622, 129634, 129641, 129819, 129856, 129898, 129984, 129985, 130006, 130068, 130146, 130232, 130234, 130277, 130384, 130398, 130414, 130416, 130438, 130442, 130519, 130543, 130568, 130663, 130684, 130759, 130779, 130784, 130836, 130837, 130840, 130883, 131018, 131043, 131123, 131126, 131211, 131217, 131281, 131309, 131315, 131323, 131402, 131492, 131536, 131542, 131647, 131651, 131717, 131814, 131840, 131866, 131979, 131982, 132021, 132043, 132076, 132104, 132105, 132221, 132247, 132248, 132368, 132376, 132525, 132615, 132629, 132630, 132633, 132726, 132728, 132733, 132760, 132804, 132877, 132927, 132976, 133011, 133024, 133026, 133034, 133062, 133097, 133202, 133228, 133257, 133278]"
c2_degree,Greedy-f3,0.1,10%,0.2,20%,3581,14322,2666,2132,534,4157,3522,0.24591537494763302,False,309,13809,"[17, 73, 102, 119, 277, 278, 295, 319, 320, 349, 350, 385, 411, 424, 465, 494, 498, 542, 543, 555, 568, 572, 623, 642, 654, 655, 680, 730, 748, 762, 766, 813, 816, 839, 898, 1086, 1116, 1120, 1123, 1158, 1218, 1235, 1341, 1351, 1366, 1368, 1369, 1372, 1436, 1482, 1500, 1510, 1513, 1516, 1518, 1697, 1804, 1898, 1917, 1918, 1949, 1964, 2109, 2111, 2112, 2117, 2121, 2161, 2162, 2166, 2214, 2220, 2241, 2255, 2261, 2278, 2280, 2368, 2389, 2392, 2449, 2486, 2518, 2642, 2656, 2657, 2686, 2700, 2743, 2794, 2797, 2844, 2855, 2857, 2889, 2910, 2916, 2917, 2968, 3012, 3018, 3028, 3068, 3121, 3130, 3142, 3149, 3160, 3167, 3203, 3204, 3233, 3247, 3269, 3270, 3293, 3328, 3330, 3365, 3430, 3480, 3518, 3527, 3528, 3532, 3534, 3544, 3545, 3566, 3579, 3598, 3604, 3609, 3649, 3684, 3685, 3688, 3708, 3710, 3711, 3728, 3768, 3776, 3781, 3810, 3908, 3955, 3981, 4012, 4032, 4161, 4173, 4272, 4279, 4282, 4284, 4378, 4390, 4460, 4462, 4483, 4534, 4679, 4685, 4697, 4713, 4734, 4740, 4741, 4753, 4786, 4790, 4797, 4874, 4905, 4908, 4984, 5066, 5067, 5102, 5130, 5143, 5149, 5152, 5157, 5167, 5180, 5184, 5206, 5209, 5212, 5223, 5233, 5237, 5284, 5399, 5429, 5453, 5476, 5480, 5513, 5515, 5524, 5541, 5547, 5548, 5580, 5802, 5811, 5898, 5900, 6026, 6364, 6387, 6440, 6441, 6532, 6612, 6647, 6655, 6659, 6835, 6838, 6845, 6871, 6914, 6977, 7004, 7005, 7026, 7140, 7146, 7206, 7264, 7325, 7371, 7387, 7477, 7482, 7612, 7620, 7629, 7686, 7756, 7784, 7821, 7919, 7923, 7968, 8053, 8071, 8129, 8139, 8303, 8398, 8413, 8445, 8458, 8486, 8507, 8553, 8626, 8711, 8800, 8801, 8833, 8836, 8840, 8978, 8985, 8995, 9011, 9039, 9052, 9208, 9263, 9268, 9284, 9292, 9316, 9334, 9414, 9418, 9452, 9481, 9606, 9617, 9780, 9887, 9904, 9987, 9999, 10017, 10056, 10116, 10174, 10191, 10194, 10199, 10243, 10399, 10429, 10479, 10713, 10834, 10873, 10914, 11006, 11025, 11080, 11083, 11107, 11318, 11337, 11383, 11412, 11478, 11536, 11551, 11723, 11729, 11753, 11856, 11874, 12011, 12050, 12068, 12073, 12150, 12166, 12186, 12328, 12350, 12376, 12448, 12449, 12505, 12548, 12614, 12620, 12633, 12645, 12732, 12757, 12758, 12832, 12837, 12904, 13070, 13074, 13084, 13112, 13121, 13144, 13179, 13259, 13395, 13575, 13577, 13598, 13622, 13630, 13652, 13693, 13742, 13894, 14084, 14104, 14128, 14129, 14186, 14210, 14273, 14302, 14304, 14309, 14354, 14363, 14404, 14413, 14439, 14465, 14467, 14507, 14522, 14528, 14548, 14570, 14646, 14686, 14691, 14716, 14783, 14802, 14816, 14867, 15052, 15124, 15161, 15213, 15223, 15231, 15238, 15250, 15252, 15254, 15309, 15311, 15342, 15352, 15353, 15435, 15440, 15524, 15547, 15555, 15607, 15669, 15765, 15767, 15768, 15840, 15921, 15941, 15973, 15976, 16035, 16042, 16043, 16059, 16078, 16110, 16116, 16118, 16190, 16211, 16235, 16236, 16237, 16250, 16265, 16305, 16329, 16340, 16349, 16359, 16430, 16434, 16455, 16463, 16480, 16523, 16607, 16666, 16681, 16773, 16784, 16790, 16793, 16884, 16886, 17247, 17248, 17263, 17438, 17442, 17447, 17459, 17593, 17736, 17760, 17837, 17864, 17866, 17920, 18013, 18027, 18079, 18092, 18137, 18138, 18250, 18255, 18258, 18326, 18327, 18344, 18357, 18425, 18442, 18444, 18451, 18453, 18459, 18553, 18575, 18587, 18647, 18662, 18860, 18864, 18867, 18876, 18911, 18948, 18977, 18993, 18995, 19018, 19066, 19149, 19282, 19326, 19339, 19363, 19400, 19409, 19428, 19445, 19475, 19480, 19517, 19556, 19603, 19611, 19620, 19695, 19921, 19970, 20031, 20040, 20151, 20177, 20181, 20245, 20251, 20296, 20362, 20363, 20417, 20440, 20464, 20469, 20496, 20500, 20501, 20664, 20684, 20685, 20704, 20711, 20756, 20766, 20775, 20781, 20872, 20875, 20913, 20975, 20977, 20978, 21005, 21144, 21209, 21228, 21292, 21372, 21383, 21396, 21416, 21418, 21448, 21456, 21457, 21486, 21514, 21536, 21539, 21542, 21737, 21757, 21762, 21768, 21859, 21862, 21867, 21884, 21914, 21991, 22150, 22154, 22171, 22240, 22300, 22316, 22416, 22437, 22440, 22555, 22570, 22653, 22681, 22698, 22767, 22804, 22837, 23070, 23082, 23085, 23099, 23107, 23110, 23119, 23122, 23256, 23344, 23375, 23456, 23461, 23483, 23564, 23579, 23673, 23752, 23820, 23893, 23908, 24107, 24138, 24330, 24417, 24442, 24500, 24583, 24670, 24682, 24836, 24896, 24921, 25164, 25168, 25178, 25211, 25230, 25247, 25305, 25346, 25373, 25400, 25471, 25518, 25522, 25538, 25543, 25548, 25626, 25717, 25741, 25761, 25822, 25831, 25850, 25910, 25962, 25995, 26042, 26086, 26091, 26141, 26293, 26308, 26323, 26326, 26349, 26413, 26459, 26474, 26526, 26624, 26733, 26738, 26775, 26787, 26821, 26843, 26859, 26860, 26861, 26896, 26972, 26973, 27031, 27062, 27147, 27170, 27224, 27251, 27281, 27282, 27297, 27305, 27306, 27309, 27358, 27363, 27375, 27385, 27397, 27400, 27406, 27412, 27428, 27442, 27471, 27560, 27580, 27581, 27666, 27710, 27739, 27746, 27748, 27749, 27882, 27905, 27943, 28003, 28005, 28019, 28027, 28046, 28063, 28064, 28130, 28133, 28138, 28139, 28194, 28236, 28247, 28298, 28377, 28384, 28391, 28394, 28516, 28535, 28549, 28564, 28633, 28682, 28692, 28717, 28718, 28753, 28789, 28811, 28907, 28917, 28918, 28933, 28964, 29001, 29005, 29065, 29128, 29131, 29189, 29194, 29202, 29294, 29295, 29301, 29353, 29355, 29388, 29403, 29421, 29631, 29644, 29649, 29739, 29740, 29801, 29835, 29845, 29880, 29881, 29895, 29909, 29934, 29947, 29949, 30068, 30189, 30193, 30196, 30234, 30287, 30352, 30353, 30372, 30375, 30407, 30408, 30441, 30476, 30513, 30514, 30547, 30588, 30630, 30666, 30668, 30704, 30780, 30921, 30941, 31076, 31079, 31098, 31116, 31166, 31261, 31264, 31336, 31397, 31414, 31445, 31465, 31491, 31562, 31644, 31815, 31862, 31878, 31898, 31930, 32009, 32011, 32018, 32055, 32057, 32059, 32079, 32099, 32131, 32186, 32187, 32269, 32308, 32317, 32323, 32342, 32444, 32447, 32457, 32482, 32528, 32596, 32666, 32719, 32752, 33040, 33099, 33181, 33189, 33194, 33224, 33429, 33636, 33830, 33854, 33921, 33926, 33932, 34023, 34067, 34101, 34110, 34127, 34206, 34270, 34333, 34417, 34459, 34463, 34478, 34479, 34494, 34524, 34729, 34801, 34809, 34810, 34864, 34916, 34945, 34954, 35055, 35152, 35165, 35299, 35363, 35412, 35596, 35655, 35662, 35695, 35799, 35881, 35882, 35930, 35947, 35952, 35953, 35954, 36002, 36013, 36099, 36102, 36136, 36138, 36140, 36183, 36373, 36409, 36458, 36464, 36476, 36531, 36562, 36568, 36571, 36617, 36618, 36704, 36740, 36743, 36758, 36781, 36783, 36814, 36820, 36973, 37052, 37142, 37152, 37255, 37292, 37316, 37378, 37540, 37542, 37659, 37787, 37794, 37811, 37832, 37865, 37937, 37943, 37949, 37950, 37987, 37990, 38219, 38251, 38264, 38295, 38297, 38374, 38378, 38413, 38432, 38446, 38530, 38542, 38564, 38572, 38578, 38606, 38608, 38675, 38716, 38748, 38805, 38869, 38969, 38970, 38980, 39062, 39078, 39093, 39108, 39190, 39196, 39251, 39298, 39335, 39343, 39438, 39446, 39448, 39451, 39720, 39722, 39794, 39856, 39960, 39962, 39999, 40000, 40034, 40041, 40126, 40173, 40208, 40216, 40343, 40393, 40394, 40407, 40412, 40420, 40497, 40599, 40607, 40636, 40666, 40720, 40729, 40739, 40740, 40758, 40764, 40767, 40769, 40811, 40824, 41025, 41058, 41124, 41191, 41192, 41193, 41283, 41358, 41426, 41434, 41451, 41475, 41476, 41567, 41574, 41579, 41611, 41726, 41767, 41801, 41862, 41883, 41884, 41899, 41946, 41996, 42001, 42071, 42080, 42222, 42293, 42304, 42310, 42314, 42318, 42386, 42402, 42413, 42417, 42444, 42498, 42499, 42501, 42507, 42556, 42565, 42576, 42598, 42674, 42675, 42766, 42767, 42821, 42883, 42887, 42920, 42923, 42939, 42995, 43005, 43052, 43053, 43088, 43098, 43230, 43289, 43408, 43457, 43469, 43483, 43603, 43613, 43649, 43712, 43714, 43733, 43742, 43743, 43779, 43887, 44019, 44065, 44069, 44072, 44125, 44278, 44329, 44386, 44434, 44503, 44514, 44516, 44622, 44645, 44659, 44675, 44678, 44706, 44791, 44794, 44797, 44880, 44881, 44951, 45054, 45107, 45121, 45168, 45169, 45212, 45272, 45344, 45345, 45445, 45531, 45549, 45554, 45565, 45580, 45616, 45617, 45640, 45641, 45654, 45677, 45692, 45696, 45746, 45792, 45861, 45889, 45920, 45983, 46083, 46119, 46146, 46153, 46244, 46263, 46359, 46400, 46404, 46460, 46532, 46556, 46559, 46663, 46684, 46692, 46698, 46716, 46733, 46988, 47029, 47096, 47098, 47176, 47209, 47262, 47272, 47331, 47337, 47372, 47424, 47447, 47451, 47463, 47608, 47649, 47667, 47718, 47765, 47772, 47776, 47865, 47882, 47894, 47999, 48045, 48201, 48277, 48301, 48350, 48360, 48363, 48444, 48446, 48466, 48488, 48507, 48536, 48569, 48570, 48575, 48577, 48640, 48688, 48747, 48793, 48870, 48951, 48952, 49034, 49118, 49138, 49163, 49197, 49199, 49241, 49246, 49305, 49319, 49359, 49391, 49422, 49458, 49462, 49466, 49525, 49539, 49551, 49565, 49567, 49648, 49661, 49702, 49740, 49741, 49742, 49747, 49749, 49751, 49989, 49990, 50003, 50008, 50010, 50036, 50039, 50043, 50122, 50125, 50148, 50174, 50226, 50244, 50245, 50264, 50278, 50280, 50288, 50289, 50310, 50385, 50387, 50463, 50483, 50505, 50545, 50592, 50633, 50637, 50640, 50642, 50671, 50687, 50730, 50760, 50820, 50918, 50920, 50946, 50987, 50991, 51121, 51137, 51206, 51215, 51236, 51262, 51306, 51425, 51439, 51474, 51489, 51495, 51507, 51546, 51559, 51638, 51680, 51730, 51778, 51779, 51791, 51866, 51878, 51956, 51964, 51982, 51983, 51985, 51986, 52028, 52041, 52130, 52131, 52139, 52176, 52207, 52208, 52211, 52217, 52231, 52252, 52254, 52290, 52297, 52320, 52371, 52482, 52495, 52497, 52518, 52564, 52598, 52604, 52700, 52703, 52708, 52744, 52817, 52947, 52968, 52984, 53034, 53054, 53058, 53076, 53091, 53110, 53213, 53215, 53243, 53245, 53280, 53360, 53405, 53406, 53420, 53481, 53501, 53534, 53569, 53571, 53574, 53578, 53591, 53599, 53607, 53617, 53629, 53641, 53652, 53661, 53662, 53681, 53703, 53709, 53719, 53807, 53820, 53955, 54014, 54026, 54131, 54181, 54184, 54196, 54212, 54261, 54352, 54360, 54361, 54392, 54402, 54425, 54432, 54460, 54542, 54550, 54558, 54582, 54599, 54746, 54752, 54799, 54887, 54947, 54972, 55011, 55035, 55040, 55045, 55066, 55155, 55180, 55183, 55198, 55247, 55249, 55292, 55331, 55343, 55356, 55369, 55371, 55384, 55404, 55406, 55412, 55555, 55556, 55607, 55676, 55714, 55850, 55853, 55859, 55864, 55888, 55915, 55959, 55999, 56002, 56038, 56051, 56168, 56170, 56174, 56184, 56206, 56216, 56217, 56223, 56225, 56237, 56241, 56247, 56302, 56412, 56448, 56532, 56695, 56714, 56733, 56768, 56769, 56795, 56799, 56855, 56925, 56933, 56938, 56971, 57150, 57190, 57217, 57263, 57276, 57307, 57331, 57470, 57507, 57560, 57624, 57644, 57660, 57666, 57793, 57798, 57964, 57984, 58060, 58099, 58151, 58153, 58172, 58233, 58245, 58381, 58395, 58397, 58494, 58605, 58656, 58706, 58707, 58726, 58750, 58857, 58865, 58887, 58924, 58926, 58931, 58934, 58985, 59032, 59058, 59092, 59103, 59216, 59220, 59276, 59277, 59326, 59345, 59371, 59379, 59398, 59433, 59467, 59503, 59506, 59517, 59528, 59530, 59532, 59554, 59570, 59596, 59605, 59627, 59697, 59760, 59767, 59801, 59850, 59863, 60010, 60043, 60056, 60059, 60076, 60088, 60164, 60211, 60215, 60251, 60271, 60274, 60329, 60337, 60425, 60426, 60472, 60491, 60499, 60603, 60690, 60712, 60750, 60760, 60813, 60818, 60962, 60975, 61080, 61115, 61157, 61308, 61326, 61345, 61358, 61430, 61435, 61439, 61440, 61497, 61571, 61574, 61628, 61686, 61750, 61789, 61806, 61846, 61872, 62013, 62058, 62067, 62097, 62098, 62179, 62185, 62225, 62296, 62297, 62298, 62300, 62305, 62311, 62426, 62481, 62486, 62496, 62560, 62564, 62605, 62650, 62660, 62698, 62705, 62706, 62707, 62716, 62825, 63013, 63015, 63073, 63105, 63116, 63140, 63170, 63172, 63352, 63366, 63422, 63438, 63476, 63484, 63500, 63570, 63618, 63625, 63626, 63663, 63665, 63671, 63719, 63796, 63827, 63964, 64062, 64124, 64176, 64192, 64214, 64253, 64261, 64317, 64336, 64364, 64403, 64414, 64470, 64569, 64583, 64636, 64646, 64650, 64669, 64679, 64691, 64743, 64747, 64753, 64789, 64834, 64852, 64857, 64945, 64995, 65171, 65201, 65213, 65254, 65255, 65257, 65262, 65264, 65461, 65467, 65500, 65507, 65519, 65540, 65541, 65570, 65571, 65597, 65599, 65613, 65723, 65799, 65938, 65982, 66059, 66079, 66157, 66232, 66350, 66356, 66396, 66401, 66430, 66439, 66459, 66465, 66511, 66514, 66518, 66522, 66535, 66555, 66608, 66633, 66638, 66683, 66741, 66761, 66803, 66946, 66996, 67060, 67108, 67123, 67137, 67141, 67147, 67357, 67360, 67411, 67498, 67580, 67662, 67664, 67671, 67692, 67717, 67719, 67730, 67742, 67746, 67747, 67752, 67755, 67850, 67890, 67893, 67896, 67901, 67925, 67955, 67988, 68051, 68148, 68246, 68291, 68455, 68471, 68472, 68629, 68736, 68739, 68749, 68752, 68799, 68834, 68835, 68931, 68956, 69057, 69058, 69078, 69094, 69109, 69142, 69169, 69190, 69195, 69366, 69376, 69403, 69520, 69595, 69601, 69609, 69622, 69680, 69681, 69703, 69841, 69877, 69902, 69960, 69961, 70027, 70075, 70130, 70225, 70282, 70284, 70335, 70368, 70393, 70413, 70460, 70570, 70589, 70759, 70770, 70781, 70794, 70824, 70825, 70902, 70918, 71040, 71074, 71077, 71118, 71218, 71245, 71371, 71442, 71545, 71566, 71574, 71576, 71602, 71681, 71712, 71718, 71719, 71724, 71725, 71854, 71861, 72049, 72114, 72201, 72291, 72311, 72315, 72406, 72439, 72444, 72464, 72491, 72493, 72494, 72556, 72562, 72579, 72616, 72628, 72634, 72699, 72744, 72747, 72750, 72811, 72818, 72949, 72960, 72975, 73033, 73034, 73053, 73074, 73135, 73143, 73220, 73238, 73252, 73271, 73280, 73304, 73315, 73420, 73440, 73441, 73452, 73497, 73544, 73553, 73610, 73624, 73703, 73714, 73744, 73759, 73766, 73767, 73785, 73842, 73865, 73914, 73966, 73970, 74016, 74024, 74059, 74081, 74207, 74225, 74277, 74302, 74310, 74400, 74402, 74577, 74614, 74653, 74659, 74788, 74834, 74844, 74853, 74921, 74932, 74939, 75043, 75049, 75050, 75055, 75059, 75063, 75077, 75117, 75156, 75226, 75227, 75233, 75348, 75398, 75401, 75420, 75441, 75465, 75607, 75794, 75855, 75858, 75978, 76014, 76035, 76040, 76071, 76075, 76108, 76111, 76217, 76218, 76327, 76432, 76451, 76489, 76504, 76597, 76618, 76707, 76832, 76862, 76892, 76930, 76946, 77019, 77107, 77113, 77129, 77152, 77245, 77252, 77269, 77270, 77293, 77325, 77460, 77480, 77504, 77515, 77526, 77529, 77558, 77618, 77755, 77786, 77787, 77788, 77822, 77825, 77837, 77849, 77850, 77852, 77888, 77915, 77978, 78090, 78091, 78105, 78128, 78186, 78194, 78236, 78328, 78369, 78370, 78425, 78462, 78470, 78550, 78566, 78696, 78901, 78921, 79028, 79035, 79069, 79131, 79155, 79157, 79239, 79240, 79277, 79379, 79408, 79451, 79467, 79610, 79631, 79633, 79722, 79746, 79814, 79818, 79975, 80042, 80093, 80116, 80121, 80123, 80327, 80358, 80374, 80396, 80433, 80438, 80442, 80496, 80526, 80531, 80577, 80579, 80581, 80602, 80604, 80629, 80643, 80650, 80692, 80742, 80763, 80804, 80809, 80811, 80928, 80954, 81004, 81175, 81296, 81321, 81325, 81370, 81416, 81435, 81462, 81505, 81539, 81544, 81546, 81565, 81707, 81708, 81794, 81900, 81909, 81960, 81969, 81971, 81974, 82079, 82159, 82216, 82261, 82296, 82358, 82362, 82498, 82535, 82561, 82562, 82587, 82588, 82615, 82651, 82717, 82753, 82768, 82797, 82798, 82848, 82947, 82965, 82966, 83022, 83053, 83058, 83080, 83151, 83160, 83171, 83172, 83188, 83224, 83298, 83490, 83507, 83560, 83563, 83580, 83676, 83697, 83774, 83825, 83830, 83835, 83848, 83860, 83877, 83906, 83924, 83964, 84007, 84008, 84032, 84053, 84127, 84145, 84150, 84156, 84162, 84164, 84180, 84182, 84214, 84299, 84302, 84333, 84457, 84513, 84585, 84614, 84628, 84657, 84663, 84728, 84800, 84804, 84809, 84818, 84845, 84918, 84943, 85010, 85040, 85091, 85190, 85296, 85323, 85451, 85508, 85532, 85561, 85563, 85566, 85764, 85765, 85772, 85829, 85835, 85836, 85837, 85840, 85848, 85857, 85908, 85910, 85962, 85969, 85970, 85986, 86003, 86018, 86021, 86094, 86116, 86133, 86204, 86234, 86332, 86417, 86486, 86499, 86516, 86546, 86560, 86561, 86563, 86579, 86609, 86652, 86654, 86671, 86721, 86787, 86845, 86892, 86966, 86974, 86990, 86991, 86993, 87018, 87046, 87130, 87165, 87168, 87181, 87325, 87336, 87337, 87345, 87376, 87390, 87415, 87419, 87421, 87422, 87502, 87506, 87507, 87519, 87520, 87525, 87547, 87601, 87632, 87664, 87691, 87695, 87720, 87888, 88012, 88038, 88046, 88131, 88135, 88136, 88166, 88198, 88199, 88202, 88283, 88311, 88320, 88349, 88351, 88357, 88361, 88512, 88560, 88576, 88577, 88598, 88602, 88604, 88633, 88708, 88712, 88715, 88727, 88850, 88877, 88903, 88905, 88913, 88930, 88948, 88969, 89006, 89027, 89072, 89120, 89124, 89169, 89170, 89171, 89248, 89487, 89549, 89560, 89588, 89591, 89630, 89652, 89737, 89755, 89781, 89782, 89783, 89820, 89835, 89862, 89924, 90007, 90021, 90023, 90031, 90043, 90071, 90077, 90119, 90127, 90151, 90189, 90253, 90281, 90403, 90413, 90442, 90452, 90592, 90632, 90645, 90668, 90794, 90806, 90807, 90816, 90830, 90839, 90850, 90854, 90881, 90922, 90954, 90972, 90976, 91027, 91033, 91101, 91152, 91186, 91192, 91196, 91230, 91254, 91403, 91453, 91456, 91457, 91557, 91586, 91613, 91666, 91668, 91752, 91772, 91858, 91867, 92013, 92024, 92028, 92081, 92085, 92092, 92108, 92123, 92134, 92152, 92189, 92208, 92218, 92220, 92228, 92248, 92387, 92464, 92472, 92478, 92480, 92501, 92513, 92537, 92554, 92577, 92580, 92588, 92813, 92817, 92831, 92916, 92927, 92933, 92977, 92998, 93032, 93096, 93099, 93104, 93119, 93174, 93235, 93283, 93296, 93312, 93329, 93365, 93395, 93517, 93563, 93608, 93626, 93627, 93633, 93690, 93720, 93725, 93798, 93804, 93806, 93819, 93837, 93889, 93936, 93968, 93984, 93988, 94022, 94023, 94140, 94259, 94260, 94306, 94313, 94357, 94360, 94365, 94376, 94392, 94410, 94445, 94495, 94513, 94538, 94630, 94679, 94705, 94780, 94792, 94793, 94797, 94835, 94838, 94855, 94878, 94879, 94881, 94887, 94918, 94947, 94969, 95147, 95180, 95194, 95267, 95283, 95284, 95558, 95701, 95767, 95839, 95845, 95879, 95880, 95941, 96083, 96094, 96196, 96234, 96241, 96263, 96304, 96415, 96430, 96436, 96450, 96500, 96504, 96530, 96599, 96600, 96601, 96616, 96641, 96743, 96765, 96796, 96831, 96909, 96921, 97012, 97020, 97036, 97057, 97101, 97143, 97207, 97208, 97371, 97404, 97469, 97470, 97479, 97480, 97499, 97586, 97590, 97595, 97602, 97603, 97607, 97618, 97622, 97675, 97676, 97687, 97698, 97701, 97734, 97750, 97844, 97916, 97920, 97937, 97938, 97967, 97983, 98023, 98034, 98085, 98086, 98150, 98155, 98191, 98319, 98340, 98346, 98412, 98441, 98463, 98471, 98571, 98586, 98629, 98647, 98698, 98709, 98714, 98724, 98765, 98771, 98772, 98780, 98871, 98940, 98952, 98957, 98962, 98981, 98983, 99024, 99031, 99086, 99126, 99129, 99178, 99179, 99239, 99242, 99260, 99263, 99327, 99359, 99361, 99431, 99452, 99454, 99467, 99468, 99472, 99476, 99499, 99539, 99568, 99617, 99621, 99627, 99717, 99793, 99878, 99908, 99916, 99972, 100025, 100052, 100103, 100105, 100143, 100152, 100182, 100192, 100260, 100272, 100290, 100394, 100418, 100425, 100446, 100452, 100536, 100574, 100593, 100606, 100625, 100629, 100716, 100717, 100754, 100791, 100813, 100885, 100908, 100912, 100938, 100974, 100976, 101066, 101095, 101105, 101108, 101168, 101174, 101178, 101192, 101199, 101212, 101220, 101267, 101273, 101319, 101323, 101324, 101334, 101361, 101368, 101378, 101422, 101425, 101467, 101560, 101579, 101611, 101635, 101662, 101682, 101695, 101705, 101748, 101780, 101797, 101842, 101848, 101872, 101875, 101917, 101942, 101958, 101994, 101996, 102118, 102191, 102199, 102201, 102204, 102277, 102309, 102331, 102345, 102352, 102376, 102397, 102472, 102490, 102523, 102525, 102532, 102551, 102617, 102672, 102725, 102731, 102750, 102752, 102806, 102856, 102874, 102876, 102891, 102912, 102950, 102951, 103116, 103201, 103208, 103213, 103218, 103235, 103264, 103265, 103430, 103431, 103463, 103464, 103492, 103500, 103549, 103571, 103586, 103589, 103698, 103749, 103767, 103783, 103786, 103825, 103837, 103838, 103995, 103999, 104040, 104049, 104075, 104098, 104113, 104114, 104248, 104289, 104312, 104430, 104437, 104485, 104522, 104602, 104655, 104865, 104878, 104880, 104953, 104967, 104976, 105017, 105110, 105142, 105218, 105274, 105348, 105361, 105437, 105441, 105496, 105563, 105651, 105686, 105689, 105725, 105849, 105906, 105923, 105970, 105980, 106000, 106050, 106051, 106176, 106203, 106224, 106232, 106245, 106353, 106355, 106400, 106497, 106501, 106619, 106639, 106837, 106866, 106869, 106875, 106881, 106882, 106885, 106894, 106964, 107002, 107023, 107024, 107035, 107036, 107037, 107042, 107093, 107121, 107163, 107297, 107308, 107344, 107351, 107352, 107397, 107436, 107466, 107588, 107597, 107645, 107702, 107714, 107715, 107757, 107766, 107791, 107797, 107805, 107808, 107877, 107879, 107883, 107884, 107885, 107988, 107993, 108062, 108139, 108155, 108213, 108289, 108393, 108397, 108437, 108494, 108604, 108722, 108754, 108762, 108776, 108850, 108883, 108906, 108930, 108945, 108946, 108947, 108951, 109000, 109053, 109072, 109107, 109153, 109317, 109338, 109339, 109365, 109369, 109371, 109432, 109534, 109544, 109545, 109580, 109593, 109670, 109686, 109699, 109733, 109771, 109778, 109822, 109834, 109952, 109976, 110003, 110006, 110055, 110211, 110239, 110248, 110293, 110295, 110299, 110319, 110325, 110356, 110364, 110365, 110387, 110422, 110427, 110455, 110461, 110486, 110487, 110523, 110529, 110536, 110601, 110644, 110690, 110704, 110741, 110742, 110749, 110750, 110758, 110788, 110798, 110902, 110942, 111082, 111244, 111271, 111303, 111388, 111496, 111570, 111596, 111607, 111622, 111631, 111641, 111642, 111683, 111685, 111687, 111732, 111789, 111794, 111875, 111916, 111932, 111938, 111945, 111970, 111996, 112059, 112071, 112125, 112158, 112163, 112172, 112217, 112221, 112242, 112265, 112266, 112272, 112297, 112304, 112383, 112384, 112385, 112390, 112476, 112479, 112490, 112491, 112500, 112529, 112640, 112705, 112711, 112715, 112727, 112737, 112833, 112849, 112868, 112945, 113008, 113046, 113057, 113079, 113210, 113254, 113260, 113277, 113335, 113419, 113481, 113652, 113686, 113751, 113780, 113867, 113879, 113895, 113910, 113964, 114097, 114116, 114148, 114183, 114187, 114265, 114380, 114402, 114497, 114604, 114605, 114645, 114650, 114761, 114789, 114817, 114880, 114979, 115007, 115016, 115076, 115124, 115143, 115217, 115260, 115270, 115310, 115314, 115330, 115347, 115351, 115354, 115433, 115438, 115440, 115459, 115502, 115519, 115531, 115558, 115666, 115667, 115670, 115675, 115733, 115963, 115964, 115975, 116017, 116046, 116069, 116071, 116078, 116180, 116208, 116216, 116230, 116231, 116399, 116488, 116514, 116576, 116665, 116757, 116782, 116784, 116800, 116805, 116851, 116895, 116901, 116915, 116949, 116962, 116969, 116978, 117169, 117171, 117172, 117175, 117306, 117308, 117350, 117362, 117396, 117443, 117464, 117478, 117493, 117690, 117751, 117863, 117867, 117988, 118025, 118028, 118040, 118079, 118119, 118143, 118170, 118179, 118306, 118310, 118325, 118346, 118349, 118396, 118403, 118469, 118487, 118488, 118519, 118630, 118637, 118675, 118762, 118859, 118945, 119087, 119097, 119102, 119136, 119146, 119150, 119158, 119163, 119164, 119190, 119236, 119254, 119319, 119411, 119412, 119615, 119616, 119619, 119669, 119683, 119702, 119711, 119714, 119762, 119780, 119804, 119844, 119863, 119864, 119867, 119907, 119958, 119959, 119969, 119975, 120017, 120019, 120050, 120051, 120055, 120094, 120106, 120149, 120163, 120166, 120169, 120174, 120177, 120206, 120335, 120336, 120459, 120557, 120631, 120678, 120698, 120747, 120783, 120792, 120794, 120800, 120810, 120849, 121030, 121039, 121052, 121054, 121081, 121100, 121131, 121140, 121147, 121218, 121278, 121402, 121403, 121554, 121581, 121630, 121655, 121754, 121758, 121768, 121831, 121832, 121916, 121928, 121943, 122040, 122041, 122066, 122101, 122105, 122148, 122193, 122272, 122276, 122294, 122349, 122369, 122572, 122581, 122600, 122637, 122654, 122668, 122670, 122700, 122710, 122729, 122746, 122802, 122863, 122883, 122899, 122921, 122938, 122978, 122980, 122993, 123205, 123239, 123247, 123267, 123268, 123300, 123340, 123341, 123397, 123431, 123437, 123458, 123478, 123485, 123487, 123556, 123581, 123603, 123673, 123698, 123701, 123714, 123757, 123762, 123792, 123793, 123876, 123911, 124056, 124095, 124118, 124126, 124146, 124181, 124231, 124243, 124297, 124306, 124313, 124315, 124352, 124370, 124533, 124536, 124546, 124587, 124591, 124593, 124633, 124682, 124683, 124687, 124751, 124794, 124795, 124838, 124936, 124939, 125005, 125009, 125045, 125102, 125116, 125137, 125190, 125192, 125231, 125267, 125285, 125302, 125316, 125317, 125350, 125380, 125454, 125557, 125561, 125595, 125609, 125664, 125678, 125735, 125745, 125853, 125867, 125892, 125915, 125935, 125937, 125942, 125957, 126052, 126055, 126063, 126102, 126103, 126158, 126194, 126261, 126292, 126340, 126354, 126451, 126488, 126489, 126533, 126538, 126549, 126716, 126737, 126748, 126760, 126917, 126919, 126924, 126948, 126976, 126985, 126986, 126992, 127085, 127112, 127117, 127193, 127195, 127204, 127274, 127302, 127393, 127410, 127635, 127641, 127688, 127691, 127705, 127750, 127792, 127816, 127886, 128013, 128027, 128038, 128102, 128160, 128338, 128376, 128402, 128463, 128493, 128732, 128814, 128816, 128842, 128843, 128858, 128879, 128898, 128902, 128905, 128985, 129039, 129065, 129106, 129130, 129140, 129147, 129149, 129156, 129183, 129229, 129256, 129313, 129315, 129331, 129356, 129361, 129412, 129417, 129446, 129458, 129538, 129608, 129610, 129622, 129634, 129641, 129819, 129856, 129898, 129984, 129985, 130006, 130068, 130146, 130232, 130234, 130277, 130384, 130398, 130414, 130416, 130438, 130442, 130519, 130543, 130568, 130663, 130684, 130759, 130779, 130784, 130836, 130837, 130840, 130883, 131018, 131043, 131123, 131126, 131211, 131217, 131281, 131309, 131315, 131323, 131402, 131492, 131536, 131542, 131647, 131651, 131717, 131814, 131840, 131866, 131979, 131982, 132021, 132043, 132076, 132104, 132105, 132221, 132247, 132248, 132368, 132376, 132525, 132615, 132629, 132630, 132633, 132726, 132728, 132733, 132760, 132804, 132877, 132927, 132976, 133011, 133024, 133026, 133034, 133062, 133097, 133202, 133228, 133257, 133278]"
c2_degree,WTSS,0.1,10%,0.2,20%,3581,14322,3289,2631,658,3822,3120,0.21784666945957268,False,309,13809,"[17, 73, 102, 119, 277, 278, 295, 319, 320, 349, 350, 385, 411, 424, 465, 494, 498, 542, 543, 555, 568, 572, 623, 642, 654, 655, 680, 730, 748, 762, 766, 813, 816, 839, 898, 1086, 1116, 1120, 1123, 1158, 1218, 1235, 1341, 1351, 1366, 1368, 1369, 1372, 1436, 1482, 1500, 1510, 1513, 1516, 1518, 1697, 1804, 1898, 1917, 1918, 1949, 1964, 2109, 2111, 2112, 2117, 2121, 2161, 2162, 2166, 2214, 2220, 2241, 2255, 2261, 2278, 2280, 2368, 2389, 2392, 2449, 2486, 2518, 2642, 2656, 2657, 2686, 2700, 2743, 2794, 2797, 2844, 2855, 2857, 2889, 2910, 2916, 2917, 2968, 3012, 3018, 3028, 3068, 3121, 3130, 3142, 3149, 3160, 3167, 3203, 3204, 3233, 3247, 3269, 3270, 3293, 3328, 3330, 3365, 3430, 3480, 3518, 3527, 3528, 3532, 3534, 3544, 3545, 3566, 3579, 3598, 3604, 3609, 3649, 3684, 3685, 3688, 3708, 3710, 3711, 3728, 3768, 3776, 3781, 3810, 3908, 3955, 3981, 4012, 4032, 4161, 4173, 4272, 4279, 4282, 4284, 4378, 4390, 4460, 4462, 4483, 4534, 4679, 4685, 4697, 4713, 4734, 4740, 4741, 4753, 4786, 4790, 4797, 4874, 4905, 4908, 4984, 5066, 5067, 5102, 5130, 5143, 5149, 5152, 5157, 5167, 5180, 5184, 5206, 5209, 5212, 5223, 5233, 5237, 5284, 5399, 5429, 5453, 5476, 5480, 5513, 5515, 5524, 5541, 5547, 5548, 5580, 5802, 5811, 5898, 5900, 6026, 6364, 6387, 6440, 6441, 6532, 6612, 6647, 6655, 6659, 6835, 6838, 6845, 6871, 6914, 6977, 7004, 7005, 7026, 7140, 7146, 7206, 7264, 7325, 7371, 7387, 7477, 7482, 7612, 7620, 7629, 7686, 7756, 7784, 7821, 7919, 7923, 7968, 8053, 8071, 8129, 8139, 8303, 8398, 8413, 8445, 8458, 8486, 8507, 8553, 8626, 8711, 8800, 8801, 8833, 8836, 8840, 8978, 8985, 8995, 9011, 9039, 9052, 9208, 9263, 9268, 9284, 9292, 9316, 9334, 9414, 9418, 9452, 9481, 9606, 9617, 9780, 9887, 9904, 9987, 9999, 10017, 10056, 10116, 10174, 10191, 10194, 10199, 10243, 10399, 10429, 10479, 10713, 10834, 10873, 10914, 11006, 11025, 11080, 11083, 11107, 11318, 11337, 11383, 11412, 11478, 11536, 11551, 11723, 11729, 11753, 11856, 11874, 12011, 12050, 12068, 12073, 12150, 12166, 12186, 12328, 12350, 12376, 12448, 12449, 12505, 12548, 12614, 12620, 12633, 12645, 12732, 12757, 12758, 12832, 12837, 12904, 13070, 13074, 13084, 13112, 13121, 13144, 13179, 13259, 13395, 13575, 13577, 13598, 13622, 13630, 13652, 13693, 13742, 13894, 14084, 14104, 14128, 14129, 14186, 14210, 14273, 14302, 14304, 14309, 14354, 14363, 14404, 14413, 14439, 14465, 14467, 14507, 14522, 14528, 14548, 14570, 14646, 14686, 14691, 14716, 14783, 14802, 14816, 14867, 15052, 15124, 15161, 15213, 15223, 15231, 15238, 15250, 15252, 15254, 15309, 15311, 15342, 15352, 15353, 15435, 15440, 15524, 15547, 15555, 15607, 15669, 15765, 15767, 15768, 15840, 15921, 15941, 15973, 15976, 16035, 16042, 16043, 16059, 16078, 16110, 16116, 16118, 16190, 16211, 16235, 16236, 16237, 16250, 16265, 16305, 16329, 16340, 16349, 16359, 16430, 16434, 16455, 16463, 16480, 16523, 16607, 16666, 16681, 16773, 16784, 16790, 16793, 16884, 16886, 17247, 17248, 17263, 17438, 17442, 17447, 17459, 17593, 17736, 17760, 17837, 17864, 17866, 17920, 18013, 18027, 18079, 18092, 18137, 18138, 18250, 18255, 18258, 18326, 18327, 18344, 18357, 18425, 18442, 18444, 18451, 18453, 18459, 18553, 18575, 18587, 18647, 18662, 18860, 18864, 18867, 18876, 18911, 18948, 18977, 18993, 18995, 19018, 19066, 19149, 19282, 19326, 19339, 19363, 19400, 19409, 19428, 19445, 19475, 19480, 19517, 19556, 19603, 19611, 19620, 19695, 19921, 19970, 20031, 20040, 20151, 20177, 20181, 20245, 20251, 20296, 20362, 20363, 20417, 20440, 20464, 20469, 20496, 20500, 20501, 20664, 20684, 20685, 20704, 20711, 20756, 20766, 20775, 20781, 20872, 20875, 20913, 20975, 20977, 20978, 21005, 21144, 21209, 21228, 21292, 21372, 21383, 21396, 21416, 21418, 21448, 21456, 21457, 21486, 21514, 21536, 21539, 21542, 21737, 21757, 21762, 21768, 21859, 21862, 21867, 21884, 21914, 21991, 22150, 22154, 22171, 22240, 22300, 22316, 22416, 22437, 22440, 22555, 22570, 22653, 22681, 22698, 22767, 22804, 22837, 23070, 23082, 23085, 23099, 23107, 23110, 23119, 23122, 23256, 23344, 23375, 23456, 23461, 23483, 23564, 23579, 23673, 23752, 23820, 23893, 23908, 24107, 24138, 24330, 24417, 24442, 24500, 24583, 24670, 24682, 24836, 24896, 24921, 25164, 25168, 25178, 25211, 25230, 25247, 25305, 25346, 25373, 25400, 25471, 25518, 25522, 25538, 25543, 25548, 25626, 25717, 25741, 25761, 25822, 25831, 25850, 25910, 25962, 25995, 26042, 26086, 26091, 26141, 26293, 26308, 26323, 26326, 26349, 26413, 26459, 26474, 26526, 26624, 26733, 26738, 26775, 26787, 26821, 26843, 26859, 26860, 26861, 26896, 26972, 26973, 27031, 27062, 27147, 27170, 27224, 27251, 27281, 27282, 27297, 27305, 27306, 27309, 27358, 27363, 27375, 27385, 27397, 27400, 27406, 27412, 27428, 27442, 27471, 27560, 27580, 27581, 27666, 27710, 27739, 27746, 27748, 27749, 27882, 27905, 27943, 28003, 28005, 28019, 28027, 28046, 28063, 28064, 28130, 28133, 28138, 28139, 28194, 28236, 28247, 28298, 28377, 28384, 28391, 28394, 28516, 28535, 28549, 28564, 28633, 28682, 28692, 28717, 28718, 28753, 28789, 28811, 28907, 28917, 28918, 28933, 28964, 29001, 29005, 29065, 29128, 29131, 29189, 29194, 29202, 29294, 29295, 29301, 29353, 29355, 29388, 29403, 29421, 29631, 29644, 29649, 29739, 29740, 29801, 29835, 29845, 29880, 29881, 29895, 29909, 29934, 29947, 29949, 30068, 30189, 30193, 30196, 30234, 30287, 30352, 30353, 30372, 30375, 30407, 30408, 30441, 30476, 30513, 30514, 30547, 30588, 30630, 30666, 30668, 30704, 30780, 30921, 30941, 31076, 31079, 31098, 31116, 31166, 31261, 31264, 31336, 31397, 31414, 31445, 31465, 31491, 31562, 31644, 31815, 31862, 31878, 31898, 31930, 32009, 32011, 32018, 32055, 32057, 32059, 32079, 32099, 32131, 32186, 32187, 32269, 32308, 32317, 32323, 32342, 32444, 32447, 32457, 32482, 32528, 32596, 32666, 32719, 32752, 33040, 33099, 33181, 33189, 33194, 33224, 33429, 33636, 33830, 33854, 33921, 33926, 33932, 34023, 34067, 34101, 34110, 34127, 34206, 34270, 34333, 34417, 34459, 34463, 34478, 34479, 34494, 34524, 34729, 34801, 34809, 34810, 34864, 34916, 34945, 34954, 35055, 35152, 35165, 35299, 35363, 35412, 35596, 35655, 35662, 35695, 35799, 35881, 35882, 35930, 35947, 35952, 35953, 35954, 36002, 36013, 36099, 36102, 36136, 36138, 36140, 36183, 36373, 36409, 36458, 36464, 36476, 36531, 36562, 36568, 36571, 36617, 36618, 36704, 36740, 36743, 36758, 36781, 36783, 36814, 36820, 36973, 37052, 37142, 37152, 37255, 37292, 37316, 37378, 37540, 37542, 37659, 37787, 37794, 37811, 37832, 37865, 37937, 37943, 37949, 37950, 37987, 37990, 38219, 38251, 38264, 38295, 38297, 38374, 38378, 38413, 38432, 38446, 38530, 38542, 38564, 38572, 38578, 38606, 38608, 38675, 38716, 38748, 38805, 38869, 38969, 38970, 38980, 39062, 39078, 39093, 39108, 39190, 39196, 39251, 39298, 39335, 39343, 39438, 39446, 39448, 39451, 39720, 39722, 39794, 39856, 39960, 39962, 39999, 40000, 40034, 40041, 40126, 40173, 40208, 40216, 40343, 40393, 40394, 40407, 40412, 40420, 40497, 40599, 40607, 40636, 40666, 40720, 40729, 40739, 40740, 40758, 40764, 40767, 40769, 40811, 40824, 41025, 41058, 41124, 41191, 41192, 41193, 41283, 41358, 41426, 41434, 41451, 41475, 41476, 41567, 41574, 41579, 41611, 41726, 41767, 41801, 41862, 41883, 41884, 41899, 41946, 41996, 42001, 42071, 42080, 42222, 42293, 42304, 42310, 42314, 42318, 42386, 42402, 42413, 42417, 42444, 42498, 42499, 42501, 42507, 42556, 42565, 42576, 42598, 42674, 42675, 42766, 42767, 42821, 42883, 42887, 42920, 42923, 42939, 42995, 43005, 43052, 43053, 43088, 43098, 43230, 43289, 43408, 43457, 43469, 43483, 43603, 43613, 43649, 43712, 43714, 43733, 43742, 43743, 43779, 43887, 44019, 44065, 44069, 44072, 44125, 44278, 44329, 44386, 44434, 44503, 44514, 44516, 44622, 44645, 44659, 44675, 44678, 44706, 44791, 44794, 44797, 44880, 44881, 44951, 45054, 45107, 45121, 45168, 45169, 45212, 45272, 45344, 45345, 45445, 45531, 45549, 45554, 45565, 45580, 45616, 45617, 45640, 45641, 45654, 45677, 45692, 45696, 45746, 45792, 45861, 45889, 45920, 45983, 46083, 46119, 46146, 46153, 46244, 46263, 46359, 46400, 46404, 46460, 46532, 46556, 46559, 46663, 46684, 46692, 46698, 46716, 46733, 46988, 47029, 47096, 47098, 47176, 47209, 47262, 47272, 47331, 47337, 47372, 47424, 47447, 47451, 47463, 47608, 47649, 47667, 47718, 47765, 47772, 47776, 47865, 47882, 47894, 47999, 48045, 48201, 48277, 48301, 48350, 48360, 48363, 48444, 48446, 48466, 48488, 48507, 48536, 48569, 48570, 48575, 48577, 48640, 48688, 48747, 48793, 48870, 48951, 48952, 49034, 49118, 49138, 49163, 49197, 49199, 49241, 49246, 49305, 49319, 49359, 49391, 49422, 49458, 49462, 49466, 49525, 49539, 49551, 49565, 49567, 49648, 49661, 49702, 49740, 49741, 49742, 49747, 49749, 49751, 49989, 49990, 50003, 50008, 50010, 50036, 50039, 50043, 50122, 50125, 50148, 50174, 50226, 50244, 50245, 50264, 50278, 50280, 50288, 50289, 50310, 50385, 50387, 50463, 50483, 50505, 50545, 50592, 50633, 50637, 50640, 50642, 50671, 50687, 50730, 50760, 50820, 50918, 50920, 50946, 50987, 50991, 51121, 51137, 51206, 51215, 51236, 51262, 51306, 51425, 51439, 51474, 51489, 51495, 51507, 51546, 51559, 51638, 51680, 51730, 51778, 51779, 51791, 51866, 51878, 51956, 51964, 51982, 51983, 51985, 51986, 52028, 52041, 52130, 52131, 52139, 52176, 52207, 52208, 52211, 52217, 52231, 52252, 52254, 52290, 52297, 52320, 52371, 52482, 52495, 52497, 52518, 52564, 52598, 52604, 52700, 52703, 52708, 52744, 52817, 52947, 52968, 52984, 53034, 53054, 53058, 53076, 53091, 53110, 53213, 53215, 53243, 53245, 53280, 53360, 53405, 53406, 53420, 53481, 53501, 53534, 53569, 53571, 53574, 53578, 53591, 53599, 53607, 53617, 53629, 53641, 53652, 53661, 53662, 53681, 53703, 53709, 53719, 53807, 53820, 53955, 54014, 54026, 54131, 54181, 54184, 54196, 54212, 54261, 54352, 54360, 54361, 54392, 54402, 54425, 54432, 54460, 54542, 54550, 54558, 54582, 54599, 54746, 54752, 54799, 54887, 54947, 54972, 55011, 55035, 55040, 55045, 55066, 55155, 55180, 55183, 55198, 55247, 55249, 55292, 55331, 55343, 55356, 55369, 55371, 55384, 55404, 55406, 55412, 55555, 55556, 55607, 55676, 55714, 55850, 55853, 55859, 55864, 55888, 55915, 55959, 55999, 56002, 56038, 56051, 56168, 56170, 56174, 56184, 56206, 56216, 56217, 56223, 56225, 56237, 56241, 56247, 56302, 56412, 56448, 56532, 56695, 56714, 56733, 56768, 56769, 56795, 56799, 56855, 56925, 56933, 56938, 56971, 57150, 57190, 57217, 57263, 57276, 57307, 57331, 57470, 57507, 57560, 57624, 57644, 57660, 57666, 57793, 57798, 57964, 57984, 58060, 58099, 58151, 58153, 58172, 58233, 58245, 58381, 58395, 58397, 58494, 58605, 58656, 58706, 58707, 58726, 58750, 58857, 58865, 58887, 58924, 58926, 58931, 58934, 58985, 59032, 59058, 59092, 59103, 59216, 59220, 59276, 59277, 59326, 59345, 59371, 59379, 59398, 59433, 59467, 59503, 59506, 59517, 59528, 59530, 59532, 59554, 59570, 59596, 59605, 59627, 59697, 59760, 59767, 59801, 59850, 59863, 60010, 60043, 60056, 60059, 60076, 60088, 60164, 60211, 60215, 60251, 60271, 60274, 60329, 60337, 60425, 60426, 60472, 60491, 60499, 60603, 60690, 60712, 60750, 60760, 60813, 60818, 60962, 60975, 61080, 61115, 61157, 61308, 61326, 61345, 61358, 61430, 61435, 61439, 61440, 61497, 61571, 61574, 61628, 61686, 61750, 61789, 61806, 61846, 61872, 62013, 62058, 62067, 62097, 62098, 62179, 62185, 62225, 62296, 62297, 62298, 62300, 62305, 62311, 62426, 62481, 62486, 62496, 62560, 62564, 62605, 62650, 62660, 62698, 62705, 62706, 62707, 62716, 62825, 63013, 63015, 63073, 63105, 63116, 63140, 63170, 63172, 63352, 63366, 63422, 63438, 63476, 63484, 63500, 63570, 63618, 63625, 63626, 63663, 63665, 63671, 63719, 63796, 63827, 63964, 64062, 64124, 64176, 64192, 64214, 64253, 64261, 64317, 64336, 64364, 64403, 64414, 64470, 64569, 64583, 64636, 64646, 64650, 64669, 64679, 64691, 64743, 64747, 64753, 64789, 64834, 64852, 64857, 64945, 64995, 65171, 65201, 65213, 65254, 65255, 65257, 65262, 65264, 65461, 65467, 65500, 65507, 65519, 65540, 65541, 65570, 65571, 65597, 65599, 65613, 65723, 65799, 65938, 65982, 66059, 66079, 66157, 66232, 66350, 66356, 66396, 66401, 66430, 66439, 66459, 66465, 66511, 66514, 66518, 66522, 66535, 66555, 66608, 66633, 66638, 66683, 66741, 66761, 66803, 66946, 66996, 67060, 67108, 67123, 67137, 67141, 67147, 67357, 67360, 67411, 67498, 67580, 67662, 67664, 67671, 67692, 67717, 67719, 67730, 67742, 67746, 67747, 67752, 67755, 67850, 67890, 67893, 67896, 67901, 67925, 67955, 67988, 68051, 68148, 68246, 68291, 68455, 68471, 68472, 68629, 68736, 68739, 68749, 68752, 68799, 68834, 68835, 68931, 68956, 69057, 69058, 69078, 69094, 69109, 69142, 69169, 69190, 69195, 69366, 69376, 69403, 69520, 69595, 69601, 69609, 69622, 69680, 69681, 69703, 69841, 69877, 69902, 69960, 69961, 70027, 70075, 70130, 70225, 70282, 70284, 70335, 70368, 70393, 70413, 70460, 70570, 70589, 70759, 70770, 70781, 70794, 70824, 70825, 70902, 70918, 71040, 71074, 71077, 71118, 71218, 71245, 71371, 71442, 71545, 71566, 71574, 71576, 71602, 71681, 71712, 71718, 71719, 71724, 71725, 71854, 71861, 72049, 72114, 72201, 72291, 72311, 72315, 72406, 72439, 72444, 72464, 72491, 72493, 72494, 72556, 72562, 72579, 72616, 72628, 72634, 72699, 72744, 72747, 72750, 72811, 72818, 72949, 72960, 72975, 73033, 73034, 73053, 73074, 73135, 73143, 73220, 73238, 73252, 73271, 73280, 73304, 73315, 73420, 73440, 73441, 73452, 73497, 73544, 73553, 73610, 73624, 73703, 73714, 73744, 73759, 73766, 73767, 73785, 73842, 73865, 73914, 73966, 73970, 74016, 74024, 74059, 74081, 74207, 74225, 74277, 74302, 74310, 74400, 74402, 74577, 74614, 74653, 74659, 74788, 74834, 74844, 74853, 74921, 74932, 74939, 75043, 75049, 75050, 75055, 75059, 75063, 75077, 75117, 75156, 75226, 75227, 75233, 75348, 75398, 75401, 75420, 75441, 75465, 75607, 75794, 75855, 75858, 75978, 76014, 76035, 76040, 76071, 76075, 76108, 76111, 76217, 76218, 76327, 76432, 76451, 76489, 76504, 76597, 76618, 76707, 76832, 76862, 76892, 76930, 76946, 77019, 77107, 77113, 77129, 77152, 77245, 77252, 77269, 77270, 77293, 77325, 77460, 77480, 77504, 77515, 77526, 77529, 77558, 77618, 77755, 77786, 77787, 77788, 77822, 77825, 77837, 77849, 77850, 77852, 77888, 77915, 77978, 78090, 78091, 78105, 78128, 78186, 78194, 78236, 78328, 78369, 78370, 78425, 78462, 78470, 78550, 78566, 78696, 78901, 78921, 79028, 79035, 79069, 79131, 79155, 79157, 79239, 79240, 79277, 79379, 79408, 79451, 79467, 79610, 79631, 79633, 79722, 79746, 79814, 79818, 79975, 80042, 80093, 80116, 80121, 80123, 80327, 80358, 80374, 80396, 80433, 80438, 80442, 80496, 80526, 80531, 80577, 80579, 80581, 80602, 80604, 80629, 80643, 80650, 80692, 80742, 80763, 80804, 80809, 80811, 80928, 80954, 81004, 81175, 81296, 81321, 81325, 81370, 81416, 81435, 81462, 81505, 81539, 81544, 81546, 81565, 81707, 81708, 81794, 81900, 81909, 81960, 81969, 81971, 81974, 82079, 82159, 82216, 82261, 82296, 82358, 82362, 82498, 82535, 82561, 82562, 82587, 82588, 82615, 82651, 82717, 82753, 82768, 82797, 82798, 82848, 82947, 82965, 82966, 83022, 83053, 83058, 83080, 83151, 83160, 83171, 83172, 83188, 83224, 83298, 83490, 83507, 83560, 83563, 83580, 83676, 83697, 83774, 83825, 83830, 83835, 83848, 83860, 83877, 83906, 83924, 83964, 84007, 84008, 84032, 84053, 84127, 84145, 84150, 84156, 84162, 84164, 84180, 84182, 84214, 84299, 84302, 84333, 84457, 84513, 84585, 84614, 84628, 84657, 84663, 84728, 84800, 84804, 84809, 84818, 84845, 84918, 84943, 85010, 85040, 85091, 85190, 85296, 85323, 85451, 85508, 85532, 85561, 85563, 85566, 85764, 85765, 85772, 85829, 85835, 85836, 85837, 85840, 85848, 85857, 85908, 85910, 85962, 85969, 85970, 85986, 86003, 86018, 86021, 86094, 86116, 86133, 86204, 86234, 86332, 86417, 86486, 86499, 86516, 86546, 86560, 86561, 86563, 86579, 86609, 86652, 86654, 86671, 86721, 86787, 86845, 86892, 86966, 86974, 86990, 86991, 86993, 87018, 87046, 87130, 87165, 87168, 87181, 87325, 87336, 87337, 87345, 87376, 87390, 87415, 87419, 87421, 87422, 87502, 87506, 87507, 87519, 87520, 87525, 87547, 87601, 87632, 87664, 87691, 87695, 87720, 87888, 88012, 88038, 88046, 88131, 88135, 88136, 88166, 88198, 88199, 88202, 88283, 88311, 88320, 88349, 88351, 88357, 88361, 88512, 88560, 88576, 88577, 88598, 88602, 88604, 88633, 88708, 88712, 88715, 88727, 88850, 88877, 88903, 88905, 88913, 88930, 88948, 88969, 89006, 89027, 89072, 89120, 89124, 89169, 89170, 89171, 89248, 89487, 89549, 89560, 89588, 89591, 89630, 89652, 89737, 89755, 89781, 89782, 89783, 89820, 89835, 89862, 89924, 90007, 90021, 90023, 90031, 90043, 90071, 90077, 90119, 90127, 90151, 90189, 90253, 90281, 90403, 90413, 90442, 90452, 90592, 90632, 90645, 90668, 90794, 90806, 90807, 90816, 90830, 90839, 90850, 90854, 90881, 90922, 90954, 90972, 90976, 91027, 91033, 91101, 91152, 91186, 91192, 91196, 91230, 91254, 91403, 91453, 91456, 91457, 91557, 91586, 91613, 91666, 91668, 91752, 91772, 91858, 91867, 92013, 92024, 92028, 92081, 92085, 92092, 92108, 92123, 92134, 92152, 92189, 92208, 92218, 92220, 92228, 92248, 92387, 92464, 92472, 92478, 92480, 92501, 92513, 92537, 92554, 92577, 92580, 92588, 92813, 92817, 92831, 92916, 92927, 92933, 92977, 92998, 93032, 93096, 93099, 93104, 93119, 93174, 93235, 93283, 93296, 93312, 93329, 93365, 93395, 93517, 93563, 93608, 93626, 93627, 93633, 93690, 93720, 93725, 93798, 93804, 93806, 93819, 93837, 93889, 93936, 93968, 93984, 93988, 94022, 94023, 94140, 94259, 94260, 94306, 94313, 94357, 94360, 94365, 94376, 94392, 94410, 94445, 94495, 94513, 94538, 94630, 94679, 94705, 94780, 94792, 94793, 94797, 94835, 94838, 94855, 94878, 94879, 94881, 94887, 94918, 94947, 94969, 95147, 95180, 95194, 95267, 95283, 95284, 95558, 95701, 95767, 95839, 95845, 95879, 95880, 95941, 96083, 96094, 96196, 96234, 96241, 96263, 96304, 96415, 96430, 96436, 96450, 96500, 96504, 96530, 96599, 96600, 96601, 96616, 96641, 96743, 96765, 96796, 96831, 96909, 96921, 97012, 97020, 97036, 97057, 97101, 97143, 97207, 97208, 97371, 97404, 97469, 97470, 97479, 97480, 97499, 97586, 97590, 97595, 97602, 97603, 97607, 97618, 97622, 97675, 97676, 97687, 97698, 97701, 97734, 97750, 97844, 97916, 97920, 97937, 97938, 97967, 97983, 98023, 98034, 98085, 98086, 98150, 98155, 98191, 98319, 98340, 98346, 98412, 98441, 98463, 98471, 98571, 98586, 98629, 98647, 98698, 98709, 98714, 98724, 98765, 98771, 98772, 98780, 98871, 98940, 98952, 98957, 98962, 98981, 98983, 99024, 99031, 99086, 99126, 99129, 99178, 99179, 99239, 99242, 99260, 99263, 99327, 99359, 99361, 99431, 99452, 99454, 99467, 99468, 99472, 99476, 99499, 99539, 99568, 99617, 99621, 99627, 99717, 99793, 99878, 99908, 99916, 99972, 100025, 100052, 100103, 100105, 100143, 100152, 100182, 100192, 100260, 100272, 100290, 100394, 100418, 100425, 100446, 100452, 100536, 100574, 100593, 100606, 100625, 100629, 100716, 100717, 100754, 100791, 100813, 100885, 100908, 100912, 100938, 100974, 100976, 101066, 101095, 101105, 101108, 101168, 101174, 101178, 101192, 101199, 101212, 101220, 101267, 101273, 101319, 101323, 101324, 101334, 101361, 101368, 101378, 101422, 101425, 101467, 101560, 101579, 101611, 101635, 101662, 101682, 101695, 101705, 101748, 101780, 101797, 101842, 101848, 101872, 101875, 101917, 101942, 101958, 101994, 101996, 102118, 102191, 102199, 102201, 102204, 102277, 102309, 102331, 102345, 102352, 102376, 102397, 102472, 102490, 102523, 102525, 102532, 102551, 102617, 102672, 102725, 102731, 102750, 102752, 102806, 102856, 102874, 102876, 102891, 102912, 102950, 102951, 103116, 103201, 103208, 103213, 103218, 103235, 103264, 103265, 103430, 103431, 103463, 103464, 103492, 103500, 103549, 103571, 103586, 103589, 103698, 103749, 103767, 103783, 103786, 103825, 103837, 103838, 103995, 103999, 104040, 104049, 104075, 104098, 104113, 104114, 104248, 104289, 104312, 104430, 104437, 104485, 104522, 104602, 104655, 104865, 104878, 104880, 104953, 104967, 104976, 105017, 105110, 105142, 105218, 105274, 105348, 105361, 105437, 105441, 105496, 105563, 105651, 105686, 105689, 105725, 105849, 105906, 105923, 105970, 105980, 106000, 106050, 106051, 106176, 106203, 106224, 106232, 106245, 106353, 106355, 106400, 106497, 106501, 106619, 106639, 106837, 106866, 106869, 106875, 106881, 106882, 106885, 106894, 106964, 107002, 107023, 107024, 107035, 107036, 107037, 107042, 107093, 107121, 107163, 107297, 107308, 107344, 107351, 107352, 107397, 107436, 107466, 107588, 107597, 107645, 107702, 107714, 107715, 107757, 107766, 107791, 107797, 107805, 107808, 107877, 107879, 107883, 107884, 107885, 107988, 107993, 108062, 108139, 108155, 108213, 108289, 108393, 108397, 108437, 108494, 108604, 108722, 108754, 108762, 108776, 108850, 108883, 108906, 108930, 108945, 108946, 108947, 108951, 109000, 109053, 109072, 109107, 109153, 109317, 109338, 109339, 109365, 109369, 109371, 109432, 109534, 109544, 109545, 109580, 109593, 109670, 109686, 109699, 109733, 109771, 109778, 109822, 109834, 109952, 109976, 110003, 110006, 110055, 110211, 110239, 110248, 110293, 110295, 110299, 110319, 110325, 110356, 110364, 110365, 110387, 110422, 110427, 110455, 110461, 110486, 110487, 110523, 110529, 110536, 110601, 110644, 110690, 110704, 110741, 110742, 110749, 110750, 110758, 110788, 110798, 110902, 110942, 111082, 111244, 111271, 111303, 111388, 111496, 111570, 111596, 111607, 111622, 111631, 111641, 111642, 111683, 111685, 111687, 111732, 111789, 111794, 111875, 111916, 111932, 111938, 111945, 111970, 111996, 112059, 112071, 112125, 112158, 112163, 112172, 112217, 112221, 112242, 112265, 112266, 112272, 112297, 112304, 112383, 112384, 112385, 112390, 112476, 112479, 112490, 112491, 112500, 112529, 112640, 112705, 112711, 112715, 112727, 112737, 112833, 112849, 112868, 112945, 113008, 113046, 113057, 113079, 113210, 113254, 113260, 113277, 113335, 113419, 113481, 113652, 113686, 113751, 113780, 113867, 113879, 113895, 113910, 113964, 114097, 114116, 114148, 114183, 114187, 114265, 114380, 114402, 114497, 114604, 114605, 114645, 114650, 114761, 114789, 114817, 114880, 114979, 115007, 115016, 115076, 115124, 115143, 115217, 115260, 115270, 115310, 115314, 115330, 115347, 115351, 115354, 115433, 115438, 115440, 115459, 115502, 115519, 115531, 115558, 115666, 115667, 115670, 115675, 115733, 115963, 115964, 115975, 116017, 116046, 116069, 116071, 116078, 116180, 116208, 116216, 116230, 116231, 116399, 116488, 116514, 116576, 116665, 116757, 116782, 116784, 116800, 116805, 116851, 116895, 116901, 116915, 116949, 116962, 116969, 116978, 117169, 117171, 117172, 117175, 117306, 117308, 117350, 117362, 117396, 117443, 117464, 117478, 117493, 117690, 117751, 117863, 117867, 117988, 118025, 118028, 118040, 118079, 118119, 118143, 118170, 118179, 118306, 118310, 118325, 118346, 118349, 118396, 118403, 118469, 118487, 118488, 118519, 118630, 118637, 118675, 118762, 118859, 118945, 119087, 119097, 119102, 119136, 119146, 119150, 119158, 119163, 119164, 119190, 119236, 119254, 119319, 119411, 119412, 119615, 119616, 119619, 119669, 119683, 119702, 119711, 119714, 119762, 119780, 119804, 119844, 119863, 119864, 119867, 119907, 119958, 119959, 119969, 119975, 120017, 120019, 120050, 120051, 120055, 120094, 120106, 120149, 120163, 120166, 120169, 120174, 120177, 120206, 120335, 120336, 120459, 120557, 120631, 120678, 120698, 120747, 120783, 120792, 120794, 120800, 120810, 120849, 121030, 121039, 121052, 121054, 121081, 121100, 121131, 121140, 121147, 121218, 121278, 121402, 121403, 121554, 121581, 121630, 121655, 121754, 121758, 121768, 121831, 121832, 121916, 121928, 121943, 122040, 122041, 122066, 122101, 122105, 122148, 122193, 122272, 122276, 122294, 122349, 122369, 122572, 122581, 122600, 122637, 122654, 122668, 122670, 122700, 122710, 122729, 122746, 122802, 122863, 122883, 122899, 122921, 122938, 122978, 122980, 122993, 123205, 123239, 123247, 123267, 123268, 123300, 123340, 123341, 123397, 123431, 123437, 123458, 123478, 123485, 123487, 123556, 123581, 123603, 123673, 123698, 123701, 123714, 123757, 123762, 123792, 123793, 123876, 123911, 124056, 124095, 124118, 124126, 124146, 124181, 124231, 124243, 124297, 124306, 124313, 124315, 124352, 124370, 124533, 124536, 124546, 124587, 124591, 124593, 124633, 124682, 124683, 124687, 124751, 124794, 124795, 124838, 124936, 124939, 125005, 125009, 125045, 125102, 125116, 125137, 125190, 125192, 125231, 125267, 125285, 125302, 125316, 125317, 125350, 125380, 125454, 125557, 125561, 125595, 125609, 125664, 125678, 125735, 125745, 125853, 125867, 125892, 125915, 125935, 125937, 125942, 125957, 126052, 126055, 126063, 126102, 126103, 126158, 126194, 126261, 126292, 126340, 126354, 126451, 126488, 126489, 126533, 126538, 126549, 126716, 126737, 126748, 126760, 126917, 126919, 126924, 126948, 126976, 126985, 126986, 126992, 127085, 127112, 127117, 127193, 127195, 127204, 127274, 127302, 127393, 127410, 127635, 127641, 127688, 127691, 127705, 127750, 127792, 127816, 127886, 128013, 128027, 128038, 128102, 128160, 128338, 128376, 128402, 128463, 128493, 128732, 128814, 128816, 128842, 128843, 128858, 128879, 128898, 128902, 128905, 128985, 129039, 129065, 129106, 129130, 129140, 129147, 129149, 129156, 129183, 129229, 129256, 129313, 129315, 129331, 129356, 129361, 129412, 129417, 129446, 129458, 129538, 129608, 129610, 129622, 129634, 129641, 129819, 129856, 129898, 129984, 129985, 130006, 130068, 130146, 130232, 130234, 130277, 130384, 130398, 130414, 130416, 130438, 130442, 130519, 130543, 130568, 130663, 130684, 130759, 130779, 130784, 130836, 130837, 130840, 130883, 131018, 131043, 131123, 131126, 131211, 131217, 131281, 131309, 131315, 131323, 131402, 131492, 131536, 131542, 131647, 131651, 131717, 131814, 131840, 131866, 131979, 131982, 132021, 132043, 132076, 132104, 132105, 132221, 132247, 132248, 132368, 132376, 132525, 132615, 132629, 132630, 132633, 132726, 132728, 132733, 132760, 132804, 132877, 132927, 132976, 133011, 133024, 133026, 133034, 133062, 133097, 133202, 133228, 133257, 133278]"
c2_degree,My-Seeds,0.1,10%,0.2,20%,3581,14322,4236,3378,858,4511,3641,0.2542242703533026,False,309,13809,"[17, 73, 102, 119, 277, 278, 295, 319, 320, 349, 350, 385, 411, 424, 465, 494, 498, 542, 543, 555, 568, 572, 623, 642, 654, 655, 680, 730, 748, 762, 766, 813, 816, 839, 898, 1086, 1116, 1120, 1123, 1158, 1218, 1235, 1341, 1351, 1366, 1368, 1369, 1372, 1436, 1482, 1500, 1510, 1513, 1516, 1518, 1697, 1804, 1898, 1917, 1918, 1949, 1964, 2109, 2111, 2112, 2117, 2121, 2161, 2162, 2166, 2214, 2220, 2241, 2255, 2261, 2278, 2280, 2368, 2389, 2392, 2449, 2486, 2518, 2642, 2656, 2657, 2686, 2700, 2743, 2794, 2797, 2844, 2855, 2857, 2889, 2910, 2916, 2917, 2968, 3012, 3018, 3028, 3068, 3121, 3130, 3142, 3149, 3160, 3167, 3203, 3204, 3233, 3247, 3269, 3270, 3293, 3328, 3330, 3365, 3430, 3480, 3518, 3527, 3528, 3532, 3534, 3544, 3545, 3566, 3579, 3598, 3604, 3609, 3649, 3684, 3685, 3688, 3708, 3710, 3711, 3728, 3768, 3776, 3781, 3810, 3908, 3955, 3981, 4012, 4032, 4161, 4173, 4272, 4279, 4282, 4284, 4378, 4390, 4460, 4462, 4483, 4534, 4679, 4685, 4697, 4713, 4734, 4740, 4741, 4753, 4786, 4790, 4797, 4874, 4905, 4908, 4984, 5066, 5067, 5102, 5130, 5143, 5149, 5152, 5157, 5167, 5180, 5184, 5206, 5209, 5212, 5223, 5233, 5237, 5284, 5399, 5429, 5453, 5476, 5480, 5513, 5515, 5524, 5541, 5547, 5548, 5580, 5802, 5811, 5898, 5900, 6026, 6364, 6387, 6440, 6441, 6532, 6612, 6647, 6655, 6659, 6835, 6838, 6845, 6871, 6914, 6977, 7004, 7005, 7026, 7140, 7146, 7206, 7264, 7325, 7371, 7387, 7477, 7482, 7612, 7620, 7629, 7686, 7756, 7784, 7821, 7919, 7923, 7968, 8053, 8071, 8129, 8139, 8303, 8398, 8413, 8445, 8458, 8486, 8507, 8553, 8626, 8711, 8800, 8801, 8833, 8836, 8840, 8978, 8985, 8995, 9011, 9039, 9052, 9208, 9263, 9268, 9284, 9292, 9316, 9334, 9414, 9418, 9452, 9481, 9606, 9617, 9780, 9887, 9904, 9987, 9999, 10017, 10056, 10116, 10174, 10191, 10194, 10199, 10243, 10399, 10429, 10479, 10713, 10834, 10873, 10914, 11006, 11025, 11080, 11083, 11107, 11318, 11337, 11383, 11412, 11478, 11536, 11551, 11723, 11729, 11753, 11856, 11874, 12011, 12050, 12068, 12073, 12150, 12166, 12186, 12328, 12350, 12376, 12448, 12449, 12505, 12548, 12614, 12620, 12633, 12645, 12732, 12757, 12758, 12832, 12837, 12904, 13070, 13074, 13084, 13112, 13121, 13144, 13179, 13259, 13395, 13575, 13577, 13598, 13622, 13630, 13652, 13693, 13742, 13894, 14084, 14104, 14128, 14129, 14186, 14210, 14273, 14302, 14304, 14309, 14354, 14363, 14404, 14413, 14439, 14465, 14467, 14507, 14522, 14528, 14548, 14570, 14646, 14686, 14691, 14716, 14783, 14802, 14816, 14867, 15052, 15124, 15161, 15213, 15223, 15231, 15238, 15250, 15252, 15254, 15309, 15311, 15342, 15352, 15353, 15435, 15440, 15524, 15547, 15555, 15607, 15669, 15765, 15767, 15768, 15840, 15921, 15941, 15973, 15976, 16035, 16042, 16043, 16059, 16078, 16110, 16116, 16118, 16190, 16211, 16235, 16236, 16237, 16250, 16265, 16305, 16329, 16340, 16349, 16359, 16430, 16434, 16455, 16463, 16480, 16523, 16607, 16666, 16681, 16773, 16784, 16790, 16793, 16884, 16886, 17247, 17248, 17263, 17438, 17442, 17447, 17459, 17593, 17736, 17760, 17837, 17864, 17866, 17920, 18013, 18027, 18079, 18092, 18137, 18138, 18250, 18255, 18258, 18326, 18327, 18344, 18357, 18425, 18442, 18444, 18451, 18453, 18459, 18553, 18575, 18587, 18647, 18662, 18860, 18864, 18867, 18876, 18911, 18948, 18977, 18993, 18995, 19018, 19066, 19149, 19282, 19326, 19339, 19363, 19400, 19409, 19428, 19445, 19475, 19480, 19517, 19556, 19603, 19611, 19620, 19695, 19921, 19970, 20031, 20040, 20151, 20177, 20181, 20245, 20251, 20296, 20362, 20363, 20417, 20440, 20464, 20469, 20496, 20500, 20501, 20664, 20684, 20685, 20704, 20711, 20756, 20766, 20775, 20781, 20872, 20875, 20913, 20975, 20977, 20978, 21005, 21144, 21209, 21228, 21292, 21372, 21383, 21396, 21416, 21418, 21448, 21456, 21457, 21486, 21514, 21536, 21539, 21542, 21737, 21757, 21762, 21768, 21859, 21862, 21867, 21884, 21914, 21991, 22150, 22154, 22171, 22240, 22300, 22316, 22416, 22437, 22440, 22555, 22570, 22653, 22681, 22698, 22767, 22804, 22837, 23070, 23082, 23085, 23099, 23107, 23110, 23119, 23122, 23256, 23344, 23375, 23456, 23461, 23483, 23564, 23579, 23673, 23752, 23820, 23893, 23908, 24107, 24138, 24330, 24417, 24442, 24500, 24583, 24670, 24682, 24836, 24896, 24921, 25164, 25168, 25178, 25211, 25230, 25247, 25305, 25346, 25373, 25400, 25471, 25518, 25522, 25538, 25543, 25548, 25626, 25717, 25741, 25761, 25822, 25831, 25850, 25910, 25962, 25995, 26042, 26086, 26091, 26141, 26293, 26308, 26323, 26326, 26349, 26413, 26459, 26474, 26526, 26624, 26733, 26738, 26775, 26787, 26821, 26843, 26859, 26860, 26861, 26896, 26972, 26973, 27031, 27062, 27147, 27170, 27224, 27251, 27281, 27282, 27297, 27305, 27306, 27309, 27358, 27363, 27375, 27385, 27397, 27400, 27406, 27412, 27428, 27442, 27471, 27560, 27580, 27581, 27666, 27710, 27739, 27746, 27748, 27749, 27882, 27905, 27943, 28003, 28005, 28019, 28027, 28046, 28063, 28064, 28130, 28133, 28138, 28139, 28194, 28236, 28247, 28298, 28377, 28384, 28391, 28394, 28516, 28535, 28549, 28564, 28633, 28682, 28692, 28717, 28718, 28753, 28789, 28811, 28907, 28917, 28918, 28933, 28964, 29001, 29005, 29065, 29128, 29131, 29189, 29194, 29202, 29294, 29295, 29301, 29353, 29355, 29388, 29403, 29421, 29631, 29644, 29649, 29739, 29740, 29801, 29835, 29845, 29880, 29881, 29895, 29909, 29934, 29947, 29949, 30068, 30189, 30193, 30196, 30234, 30287, 30352, 30353, 30372, 30375, 30407, 30408, 30441, 30476, 30513, 30514, 30547, 30588, 30630, 30666, 30668, 30704, 30780, 30921, 30941, 31076, 31079, 31098, 31116, 31166, 31261, 31264, 31336, 31397, 31414, 31445, 31465, 31491, 31562, 31644, 31815, 31862, 31878, 31898, 31930, 32009, 32011, 32018, 32055, 32057, 32059, 32079, 32099, 32131, 32186, 32187, 32269, 32308, 32317, 32323, 32342, 32444, 32447, 32457, 32482, 32528, 32596, 32666, 32719, 32752, 33040, 33099, 33181, 33189, 33194, 33224, 33429, 33636, 33830, 33854, 33921, 33926, 33932, 34023, 34067, 34101, 34110, 34127, 34206, 34270, 34333, 34417, 34459, 34463, 34478, 34479, 34494, 34524, 34729, 34801, 34809, 34810, 34864, 34916, 34945, 34954, 35055, 35152, 35165, 35299, 35363, 35412, 35596, 35655, 35662, 35695, 35799, 35881, 35882, 35930, 35947, 35952, 35953, 35954, 36002, 36013, 36099, 36102, 36136, 36138, 36140, 36183, 36373, 36409, 36458, 36464, 36476, 36531, 36562, 36568, 36571, 36617, 36618, 36704, 36740, 36743, 36758, 36781, 36783, 36814, 36820, 36973, 37052, 37142, 37152, 37255, 37292, 37316, 37378, 37540, 37542, 37659, 37787, 37794, 37811, 37832, 37865, 37937, 37943, 37949, 37950, 37987, 37990, 38219, 38251, 38264, 38295, 38297, 38374, 38378, 38413, 38432, 38446, 38530, 38542, 38564, 38572, 38578, 38606, 38608, 38675, 38716, 38748, 38805, 38869, 38969, 38970, 38980, 39062, 39078, 39093, 39108, 39190, 39196, 39251, 39298, 39335, 39343, 39438, 39446, 39448, 39451, 39720, 39722, 39794, 39856, 39960, 39962, 39999, 40000, 40034, 40041, 40126, 40173, 40208, 40216, 40343, 40393, 40394, 40407, 40412, 40420, 40497, 40599, 40607, 40636, 40666, 40720, 40729, 40739, 40740, 40758, 40764, 40767, 40769, 40811, 40824, 41025, 41058, 41124, 41191, 41192, 41193, 41283, 41358, 41426, 41434, 41451, 41475, 41476, 41567, 41574, 41579, 41611, 41726, 41767, 41801, 41862, 41883, 41884, 41899, 41946, 41996, 42001, 42071, 42080, 42222, 42293, 42304, 42310, 42314, 42318, 42386, 42402, 42413, 42417, 42444, 42498, 42499, 42501, 42507, 42556, 42565, 42576, 42598, 42674, 42675, 42766, 42767, 42821, 42883, 42887, 42920, 42923, 42939, 42995, 43005, 43052, 43053, 43088, 43098, 43230, 43289, 43408, 43457, 43469, 43483, 43603, 43613, 43649, 43712, 43714, 43733, 43742, 43743, 43779, 43887, 44019, 44065, 44069, 44072, 44125, 44278, 44329, 44386, 44434, 44503, 44514, 44516, 44622, 44645, 44659, 44675, 44678, 44706, 44791, 44794, 44797, 44880, 44881, 44951, 45054, 45107, 45121, 45168, 45169, 45212, 45272, 45344, 45345, 45445, 45531, 45549, 45554, 45565, 45580, 45616, 45617, 45640, 45641, 45654, 45677, 45692, 45696, 45746, 45792, 45861, 45889, 45920, 45983, 46083, 46119, 46146, 46153, 46244, 46263, 46359, 46400, 46404, 46460, 46532, 46556, 46559, 46663, 46684, 46692, 46698, 46716, 46733, 46988, 47029, 47096, 47098, 47176, 47209, 47262, 47272, 47331, 47337, 47372, 47424, 47447, 47451, 47463, 47608, 47649, 47667, 47718, 47765, 47772, 47776, 47865, 47882, 47894, 47999, 48045, 48201, 48277, 48301, 48350, 48360, 48363, 48444, 48446, 48466, 48488, 48507, 48536, 48569, 48570, 48575, 48577, 48640, 48688, 48747, 48793, 48870, 48951, 48952, 49034, 49118, 49138, 49163, 49197, 49199, 49241, 49246, 49305, 49319, 49359, 49391, 49422, 49458, 49462, 49466, 49525, 49539, 49551, 49565, 49567, 49648, 49661, 49702, 49740, 49741, 49742, 49747, 49749, 49751, 49989, 49990, 50003, 50008, 50010, 50036, 50039, 50043, 50122, 50125, 50148, 50174, 50226, 50244, 50245, 50264, 50278, 50280, 50288, 50289, 50310, 50385, 50387, 50463, 50483, 50505, 50545, 50592, 50633, 50637, 50640, 50642, 50671, 50687, 50730, 50760, 50820, 50918, 50920, 50946, 50987, 50991, 51121, 51137, 51206, 51215, 51236, 51262, 51306, 51425, 51439, 51474, 51489, 51495, 51507, 51546, 51559, 51638, 51680, 51730, 51778, 51779, 51791, 51866, 51878, 51956, 51964, 51982, 51983, 51985, 51986, 52028, 52041, 52130, 52131, 52139, 52176, 52207, 52208, 52211, 52217, 52231, 52252, 52254, 52290, 52297, 52320, 52371, 52482, 52495, 52497, 52518, 52564, 52598, 52604, 52700, 52703, 52708, 52744, 52817, 52947, 52968, 52984, 53034, 53054, 53058, 53076, 53091, 53110, 53213, 53215, 53243, 53245, 53280, 53360, 53405, 53406, 53420, 53481, 53501, 53534, 53569, 53571, 53574, 53578, 53591, 53599, 53607, 53617, 53629, 53641, 53652, 53661, 53662, 53681, 53703, 53709, 53719, 53807, 53820, 53955, 54014, 54026, 54131, 54181, 54184, 54196, 54212, 54261, 54352, 54360, 54361, 54392, 54402, 54425, 54432, 54460, 54542, 54550, 54558, 54582, 54599, 54746, 54752, 54799, 54887, 54947, 54972, 55011, 55035, 55040, 55045, 55066, 55155, 55180, 55183, 55198, 55247, 55249, 55292, 55331, 55343, 55356, 55369, 55371, 55384, 55404, 55406, 55412, 55555, 55556, 55607, 55676, 55714, 55850, 55853, 55859, 55864, 55888, 55915, 55959, 55999, 56002, 56038, 56051, 56168, 56170, 56174, 56184, 56206, 56216, 56217, 56223, 56225, 56237, 56241, 56247, 56302, 56412, 56448, 56532, 56695, 56714, 56733, 56768, 56769, 56795, 56799, 56855, 56925, 56933, 56938, 56971, 57150, 57190, 57217, 57263, 57276, 57307, 57331, 57470, 57507, 57560, 57624, 57644, 57660, 57666, 57793, 57798, 57964, 57984, 58060, 58099, 58151, 58153, 58172, 58233, 58245, 58381, 58395, 58397, 58494, 58605, 58656, 58706, 58707, 58726, 58750, 58857, 58865, 58887, 58924, 58926, 58931, 58934, 58985, 59032, 59058, 59092, 59103, 59216, 59220, 59276, 59277, 59326, 59345, 59371, 59379, 59398, 59433, 59467, 59503, 59506, 59517, 59528, 59530, 59532, 59554, 59570, 59596, 59605, 59627, 59697, 59760, 59767, 59801, 59850, 59863, 60010, 60043, 60056, 60059, 60076, 60088, 60164, 60211, 60215, 60251, 60271, 60274, 60329, 60337, 60425, 60426, 60472, 60491, 60499, 60603, 60690, 60712, 60750, 60760, 60813, 60818, 60962, 60975, 61080, 61115, 61157, 61308, 61326, 61345, 61358, 61430, 61435, 61439, 61440, 61497, 61571, 61574, 61628, 61686, 61750, 61789, 61806, 61846, 61872, 62013, 62058, 62067, 62097, 62098, 62179, 62185, 62225, 62296, 62297, 62298, 62300, 62305, 62311, 62426, 62481, 62486, 62496, 62560, 62564, 62605, 62650, 62660, 62698, 62705, 62706, 62707, 62716, 62825, 63013, 63015, 63073, 63105, 63116, 63140, 63170, 63172, 63352, 63366, 63422, 63438, 63476, 63484, 63500, 63570, 63618, 63625, 63626, 63663, 63665, 63671, 63719, 63796, 63827, 63964, 64062, 64124, 64176, 64192, 64214, 64253, 64261, 64317, 64336, 64364, 64403, 64414, 64470, 64569, 64583, 64636, 64646, 64650, 64669, 64679, 64691, 64743, 64747, 64753, 64789, 64834, 64852, 64857, 64945, 64995, 65171, 65201, 65213, 65254, 65255, 65257, 65262, 65264, 65461, 65467, 65500, 65507, 65519, 65540, 65541, 65570, 65571, 65597, 65599, 65613, 65723, 65799, 65938, 65982, 66059, 66079, 66157, 66232, 66350, 66356, 66396, 66401, 66430, 66439, 66459, 66465, 66511, 66514, 66518, 66522, 66535, 66555, 66608, 66633, 66638, 66683, 66741, 66761, 66803, 66946, 66996, 67060, 67108, 67123, 67137, 67141, 67147, 67357, 67360, 67411, 67498, 67580, 67662, 67664, 67671, 67692, 67717, 67719, 67730, 67742, 67746, 67747, 67752, 67755, 67850, 67890, 67893, 67896, 67901, 67925, 67955, 67988, 68051, 68148, 68246, 68291, 68455, 68471, 68472, 68629, 68736, 68739, 68749, 68752, 68799, 68834, 68835, 68931, 68956, 69057, 69058, 69078, 69094, 69109, 69142, 69169, 69190, 69195, 69366, 69376, 69403, 69520, 69595, 69601, 69609, 69622, 69680, 69681, 69703, 69841, 69877, 69902, 69960, 69961, 70027, 70075, 70130, 70225, 70282, 70284, 70335, 70368, 70393, 70413, 70460, 70570, 70589, 70759, 70770, 70781, 70794, 70824, 70825, 70902, 70918, 71040, 71074, 71077, 71118, 71218, 71245, 71371, 71442, 71545, 71566, 71574, 71576, 71602, 71681, 71712, 71718, 71719, 71724, 71725, 71854, 71861, 72049, 72114, 72201, 72291, 72311, 72315, 72406, 72439, 72444, 72464, 72491, 72493, 72494, 72556, 72562, 72579, 72616, 72628, 72634, 72699, 72744, 72747, 72750, 72811, 72818, 72949, 72960, 72975, 73033, 73034, 73053, 73074, 73135, 73143, 73220, 73238, 73252, 73271, 73280, 73304, 73315, 73420, 73440, 73441, 73452, 73497, 73544, 73553, 73610, 73624, 73703, 73714, 73744, 73759, 73766, 73767, 73785, 73842, 73865, 73914, 73966, 73970, 74016, 74024, 74059, 74081, 74207, 74225, 74277, 74302, 74310, 74400, 74402, 74577, 74614, 74653, 74659, 74788, 74834, 74844, 74853, 74921, 74932, 74939, 75043, 75049, 75050, 75055, 75059, 75063, 75077, 75117, 75156, 75226, 75227, 75233, 75348, 75398, 75401, 75420, 75441, 75465, 75607, 75794, 75855, 75858, 75978, 76014, 76035, 76040, 76071, 76075, 76108, 76111, 76217, 76218, 76327, 76432, 76451, 76489, 76504, 76597, 76618, 76707, 76832, 76862, 76892, 76930, 76946, 77019, 77107, 77113, 77129, 77152, 77245, 77252, 77269, 77270, 77293, 77325, 77460, 77480, 77504, 77515, 77526, 77529, 77558, 77618, 77755, 77786, 77787, 77788, 77822, 77825, 77837, 77849, 77850, 77852, 77888, 77915, 77978, 78090, 78091, 78105, 78128, 78186, 78194, 78236, 78328, 78369, 78370, 78425, 78462, 78470, 78550, 78566, 78696, 78901, 78921, 79028, 79035, 79069, 79131, 79155, 79157, 79239, 79240, 79277, 79379, 79408, 79451, 79467, 79610, 79631, 79633, 79722, 79746, 79814, 79818, 79975, 80042, 80093, 80116, 80121, 80123, 80327, 80358, 80374, 80396, 80433, 80438, 80442, 80496, 80526, 80531, 80577, 80579, 80581, 80602, 80604, 80629, 80643, 80650, 80692, 80742, 80763, 80804, 80809, 80811, 80928, 80954, 81004, 81175, 81296, 81321, 81325, 81370, 81416, 81435, 81462, 81505, 81539, 81544, 81546, 81565, 81707, 81708, 81794, 81900, 81909, 81960, 81969, 81971, 81974, 82079, 82159, 82216, 82261, 82296, 82358, 82362, 82498, 82535, 82561, 82562, 82587, 82588, 82615, 82651, 82717, 82753, 82768, 82797, 82798, 82848, 82947, 82965, 82966, 83022, 83053, 83058, 83080, 83151, 83160, 83171, 83172, 83188, 83224, 83298, 83490, 83507, 83560, 83563, 83580, 83676, 83697, 83774, 83825, 83830, 83835, 83848, 83860, 83877, 83906, 83924, 83964, 84007, 84008, 84032, 84053, 84127, 84145, 84150, 84156, 84162, 84164, 84180, 84182, 84214, 84299, 84302, 84333, 84457, 84513, 84585, 84614, 84628, 84657, 84663, 84728, 84800, 84804, 84809, 84818, 84845, 84918, 84943, 85010, 85040, 85091, 85190, 85296, 85323, 85451, 85508, 85532, 85561, 85563, 85566, 85764, 85765, 85772, 85829, 85835, 85836, 85837, 85840, 85848, 85857, 85908, 85910, 85962, 85969, 85970, 85986, 86003, 86018, 86021, 86094, 86116, 86133, 86204, 86234, 86332, 86417, 86486, 86499, 86516, 86546, 86560, 86561, 86563, 86579, 86609, 86652, 86654, 86671, 86721, 86787, 86845, 86892, 86966, 86974, 86990, 86991, 86993, 87018, 87046, 87130, 87165, 87168, 87181, 87325, 87336, 87337, 87345, 87376, 87390, 87415, 87419, 87421, 87422, 87502, 87506, 87507, 87519, 87520, 87525, 87547, 87601, 87632, 87664, 87691, 87695, 87720, 87888, 88012, 88038, 88046, 88131, 88135, 88136, 88166, 88198, 88199, 88202, 88283, 88311, 88320, 88349, 88351, 88357, 88361, 88512, 88560, 88576, 88577, 88598, 88602, 88604, 88633, 88708, 88712, 88715, 88727, 88850, 88877, 88903, 88905, 88913, 88930, 88948, 88969, 89006, 89027, 89072, 89120, 89124, 89169, 89170, 89171, 89248, 89487, 89549, 89560, 89588, 89591, 89630, 89652, 89737, 89755, 89781, 89782, 89783, 89820, 89835, 89862, 89924, 90007, 90021, 90023, 90031, 90043, 90071, 90077, 90119, 90127, 90151, 90189, 90253, 90281, 90403, 90413, 90442, 90452, 90592, 90632, 90645, 90668, 90794, 90806, 90807, 90816, 90830, 90839, 90850, 90854, 90881, 90922, 90954, 90972, 90976, 91027, 91033, 91101, 91152, 91186, 91192, 91196, 91230, 91254, 91403, 91453, 91456, 91457, 91557, 91586, 91613, 91666, 91668, 91752, 91772, 91858, 91867, 92013, 92024, 92028, 92081, 92085, 92092, 92108, 92123, 92134, 92152, 92189, 92208, 92218, 92220, 92228, 92248, 92387, 92464, 92472, 92478, 92480, 92501, 92513, 92537, 92554, 92577, 92580, 92588, 92813, 92817, 92831, 92916, 92927, 92933, 92977, 92998, 93032, 93096, 93099, 93104, 93119, 93174, 93235, 93283, 93296, 93312, 93329, 93365, 93395, 93517, 93563, 93608, 93626, 93627, 93633, 93690, 93720, 93725, 93798, 93804, 93806, 93819, 93837, 93889, 93936, 93968, 93984, 93988, 94022, 94023, 94140, 94259, 94260, 94306, 94313, 94357, 94360, 94365, 94376, 94392, 94410, 94445, 94495, 94513, 94538, 94630, 94679, 94705, 94780, 94792, 94793, 94797, 94835, 94838, 94855, 94878, 94879, 94881, 94887, 94918, 94947, 94969, 95147, 95180, 95194, 95267, 95283, 95284, 95558, 95701, 95767, 95839, 95845, 95879, 95880, 95941, 96083, 96094, 96196, 96234, 96241, 96263, 96304, 96415, 96430, 96436, 96450, 96500, 96504, 96530, 96599, 96600, 96601, 96616, 96641, 96743, 96765, 96796, 96831, 96909, 96921, 97012, 97020, 97036, 97057, 97101, 97143, 97207, 97208, 97371, 97404, 97469, 97470, 97479, 97480, 97499, 97586, 97590, 97595, 97602, 97603, 97607, 97618, 97622, 97675, 97676, 97687, 97698, 97701, 97734, 97750, 97844, 97916, 97920, 97937, 97938, 97967, 97983, 98023, 98034, 98085, 98086, 98150, 98155, 98191, 98319, 98340, 98346, 98412, 98441, 98463, 98471, 98571, 98586, 98629, 98647, 98698, 98709, 98714, 98724, 98765, 98771, 98772, 98780, 98871, 98940, 98952, 98957, 98962, 98981, 98983, 99024, 99031, 99086, 99126, 99129, 99178, 99179, 99239, 99242, 99260, 99263, 99327, 99359, 99361, 99431, 99452, 99454, 99467, 99468, 99472, 99476, 99499, 99539, 99568, 99617, 99621, 99627, 99717, 99793, 99878, 99908, 99916, 99972, 100025, 100052, 100103, 100105, 100143, 100152, 100182, 100192, 100260, 100272, 100290, 100394, 100418, 100425, 100446, 100452, 100536, 100574, 100593, 100606, 100625, 100629, 100716, 100717, 100754, 100791, 100813, 100885, 100908, 100912, 100938, 100974, 100976, 101066, 101095, 101105, 101108, 101168, 101174, 101178, 101192, 101199, 101212, 101220, 101267, 101273, 101319, 101323, 101324, 101334, 101361, 101368, 101378, 101422, 101425, 101467, 101560, 101579, 101611, 101635, 101662, 101682, 101695, 101705, 101748, 101780, 101797, 101842, 101848, 101872, 101875, 101917, 101942, 101958, 101994, 101996, 102118, 102191, 102199, 102201, 102204, 102277, 102309, 102331, 102345, 102352, 102376, 102397, 102472, 102490, 102523, 102525, 102532, 102551, 102617, 102672, 102725, 102731, 102750, 102752, 102806, 102856, 102874, 102876, 102891, 102912, 102950, 102951, 103116, 103201, 103208, 103213, 103218, 103235, 103264, 103265, 103430, 103431, 103463, 103464, 103492, 103500, 103549, 103571, 103586, 103589, 103698, 103749, 103767, 103783, 103786, 103825, 103837, 103838, 103995, 103999, 104040, 104049, 104075, 104098, 104113, 104114, 104248, 104289, 104312, 104430, 104437, 104485, 104522, 104602, 104655, 104865, 104878, 104880, 104953, 104967, 104976, 105017, 105110, 105142, 105218, 105274, 105348, 105361, 105437, 105441, 105496, 105563, 105651, 105686, 105689, 105725, 105849, 105906, 105923, 105970, 105980, 106000, 106050, 106051, 106176, 106203, 106224, 106232, 106245, 106353, 106355, 106400, 106497, 106501, 106619, 106639, 106837, 106866, 106869, 106875, 106881, 106882, 106885, 106894, 106964, 107002, 107023, 107024, 107035, 107036, 107037, 107042, 107093, 107121, 107163, 107297, 107308, 107344, 107351, 107352, 107397, 107436, 107466, 107588, 107597, 107645, 107702, 107714, 107715, 107757, 107766, 107791, 107797, 107805, 107808, 107877, 107879, 107883, 107884, 107885, 107988, 107993, 108062, 108139, 108155, 108213, 108289, 108393, 108397, 108437, 108494, 108604, 108722, 108754, 108762, 108776, 108850, 108883, 108906, 108930, 108945, 108946, 108947, 108951, 109000, 109053, 109072, 109107, 109153, 109317, 109338, 109339, 109365, 109369, 109371, 109432, 109534, 109544, 109545, 109580, 109593, 109670, 109686, 109699, 109733, 109771, 109778, 109822, 109834, 109952, 109976, 110003, 110006, 110055, 110211, 110239, 110248, 110293, 110295, 110299, 110319, 110325, 110356, 110364, 110365, 110387, 110422, 110427, 110455, 110461, 110486, 110487, 110523, 110529, 110536, 110601, 110644, 110690, 110704, 110741, 110742, 110749, 110750, 110758, 110788, 110798, 110902, 110942, 111082, 111244, 111271, 111303, 111388, 111496, 111570, 111596, 111607, 111622, 111631, 111641, 111642, 111683, 111685, 111687, 111732, 111789, 111794, 111875, 111916, 111932, 111938, 111945, 111970, 111996, 112059, 112071, 112125, 112158, 112163, 112172, 112217, 112221, 112242, 112265, 112266, 112272, 112297, 112304, 112383, 112384, 112385, 112390, 112476, 112479, 112490, 112491, 112500, 112529, 112640, 112705, 112711, 112715, 112727, 112737, 112833, 112849, 112868, 112945, 113008, 113046, 113057, 113079, 113210, 113254, 113260, 113277, 113335, 113419, 113481, 113652, 113686, 113751, 113780, 113867, 113879, 113895, 113910, 113964, 114097, 114116, 114148, 114183, 114187, 114265, 114380, 114402, 114497, 114604, 114605, 114645, 114650, 114761, 114789, 114817, 114880, 114979, 115007, 115016, 115076, 115124, 115143, 115217, 115260, 115270, 115310, 115314, 115330, 115347, 115351, 115354, 115433, 115438, 115440, 115459, 115502, 115519, 115531, 115558, 115666, 115667, 115670, 115675, 115733, 115963, 115964, 115975, 116017, 116046, 116069, 116071, 116078, 116180, 116208, 116216, 116230, 116231, 116399, 116488, 116514, 116576, 116665, 116757, 116782, 116784, 116800, 116805, 116851, 116895, 116901, 116915, 116949, 116962, 116969, 116978, 117169, 117171, 117172, 117175, 117306, 117308, 117350, 117362, 117396, 117443, 117464, 117478, 117493, 117690, 117751, 117863, 117867, 117988, 118025, 118028, 118040, 118079, 118119, 118143, 118170, 118179, 118306, 118310, 118325, 118346, 118349, 118396, 118403, 118469, 118487, 118488, 118519, 118630, 118637, 118675, 118762, 118859, 118945, 119087, 119097, 119102, 119136, 119146, 119150, 119158, 119163, 119164, 119190, 119236, 119254, 119319, 119411, 119412, 119615, 119616, 119619, 119669, 119683, 119702, 119711, 119714, 119762, 119780, 119804, 119844, 119863, 119864, 119867, 119907, 119958, 119959, 119969, 119975, 120017, 120019, 120050, 120051, 120055, 120094, 120106, 120149, 120163, 120166, 120169, 120174, 120177, 120206, 120335, 120336, 120459, 120557, 120631, 120678, 120698, 120747, 120783, 120792, 120794, 120800, 120810, 120849, 121030, 121039, 121052, 121054, 121081, 121100, 121131, 121140, 121147, 121218, 121278, 121402, 121403, 121554, 121581, 121630, 121655, 121754, 121758, 121768, 121831, 121832, 121916, 121928, 121943, 122040, 122041, 122066, 122101, 122105, 122148, 122193, 122272, 122276, 122294, 122349, 122369, 122572, 122581, 122600, 122637, 122654, 122668, 122670, 122700, 122710, 122729, 122746, 122802, 122863, 122883, 122899, 122921, 122938, 122978, 122980, 122993, 123205, 123239, 123247, 123267, 123268, 123300, 123340, 123341, 123397, 123431, 123437, 123458, 123478, 123485, 123487, 123556, 123581, 123603, 123673, 123698, 123701, 123714, 123757, 123762, 123792, 123793, 123876, 123911, 124056, 124095, 124118, 124126, 124146, 124181, 124231, 124243, 124297, 124306, 124313, 124315, 124352, 124370, 124533, 124536, 124546, 124587, 124591, 124593, 124633, 124682, 124683, 124687, 124751, 124794, 124795, 124838, 124936, 124939, 125005, 125009, 125045, 125102, 125116, 125137, 125190, 125192, 125231, 125267, 125285, 125302, 125316, 125317, 125350, 125380, 125454, 125557, 125561, 125595, 125609, 125664, 125678, 125735, 125745, 125853, 125867, 125892, 125915, 125935, 125937, 125942, 125957, 126052, 126055, 126063, 126102, 126103, 126158, 126194, 126261, 126292, 126340, 126354, 126451, 126488, 126489, 126533, 126538, 126549, 126716, 126737, 126748, 126760, 126917, 126919, 126924, 126948, 126976, 126985, 126986, 126992, 127085, 127112, 127117, 127193, 127195, 127204, 127274, 127302, 127393, 127410, 127635, 127641, 127688, 127691, 127705, 127750, 127792, 127816, 127886, 128013, 128027, 128038, 128102, 128160, 128338, 128376, 128402, 128463, 128493, 128732, 128814, 128816, 128842, 128843, 128858, 128879, 128898, 128902, 128905, 128985, 129039, 129065, 129106, 129130, 129140, 129147, 129149, 129156, 129183, 129229, 129256, 129313, 129315, 129331, 129356, 129361, 129412, 129417, 129446, 129458, 129538, 129608, 129610, 129622, 129634, 129641, 129819, 129856, 129898, 129984, 129985, 130006, 130068, 130146, 130232, 130234, 130277, 130384, 130398, 130414, 130416, 130438, 130442, 130519, 130543, 130568, 130663, 130684, 130759, 130779, 130784, 130836, 130837, 130840, 130883, 131018, 131043, 131123, 131126, 131211, 131217, 131281, 131309, 131315, 131323, 131402, 131492, 131536, 131542, 131647, 131651, 131717, 131814, 131840, 131866, 131979, 131982, 132021, 132043, 132076, 132104, 132105, 132221, 132247, 132248, 132368, 132376, 132525, 132615, 132629, 132630, 132633, 132726, 132728, 132733, 132760, 132804, 132877, 132927, 132976, 133011, 133024, 133026, 133034, 133062, 133097, 133202, 133228, 133257, 133278]"
