cost_function,algorithm,k_star_percentage,k_star_percentage_label,node_removal_percentage,node_removal_label,removed_nodes,remaining_nodes,original_seed_size,surviving_seed_size,removed_seed_count,influenced_original,influenced_after_removal,influence_fraction_remaining,connected,number_of_components,largest_component_size,removed_node_list
c1_random,Greedy-f1,0.1,10%,0.01,1%,179,17724,3696,3661,35,16530,16296,0.919431279620853,False,12,17711,"[1400, 1958, 2167, 2969, 3003, 3421, 3824, 4790, 5523, 5541, 5668, 5674, 9320, 10172, 10490, 11176, 12187, 12927, 16442, 17440, 18685, 19204, 19575, 20715, 21149, 21192, 21458, 21471, 25063, 25351, 25385, 26359, 26849, 26897, 26899, 26915, 28293, 29738, 29890, 31077, 31638, 32663, 33351, 34868, 34869, 35363, 35961, 37540, 39385, 39460, 40108, 40607, 40781, 42068, 43652, 43731, 44948, 45055, 45272, 46532, 47331, 47731, 48542, 50449, 52978, 53034, 53214, 54102, 55495, 55519, 56237, 56608, 58707, 58955, 59432, 59465, 59594, 59716, 60425, 60612, 61359, 62049, 63173, 63505, 63924, 64680, 66880, 68673, 68758, 68880, 69047, 69057, 69303, 69428, 69525, 69595, 70163, 70479, 73553, 73904, 77322, 78476, 79052, 79108, 79379, 80400, 80440, 80600, 80692, 81491, 82286, 82485, 83663, 83696, 85973, 87376, 88017, 88481, 88496, 90113, 90416, 90919, 92016, 92447, 93174, 94144, 97026, 97608, 97872, 97904, 97922, 99242, 99449, 100424, 101556, 101611, 104040, 105196, 105318, 105827, 105840, 107124, 107636, 108211, 109204, 110796, 111932, 112075, 112491, 112529, 113308, 114535, 114537, 114715, 117097, 117297, 117422, 117832, 117953, 119083, 119181, 119197, 120177, 120321, 120947, 123541, 124306, 126291, 126298, 126488, 127606, 128012, 128183, 128839, 129140, 129883, 130836, 130942, 132594]"
c1_random,Greedy-f2,0.1,10%,0.01,1%,179,17724,3727,3694,33,16492,16234,0.9159331979237193,False,12,17711,"[1400, 1958, 2167, 2969, 3003, 3421, 3824, 4790, 5523, 5541, 5668, 5674, 9320, 10172, 10490, 11176, 12187, 12927, 16442, 17440, 18685, 19204, 19575, 20715, 21149, 21192, 21458, 21471, 25063, 25351, 25385, 26359, 26849, 26897, 26899, 26915, 28293, 29738, 29890, 31077, 31638, 32663, 33351, 34868, 34869, 35363, 35961, 37540, 39385, 39460, 40108, 40607, 40781, 42068, 43652, 43731, 44948, 45055, 45272, 46532, 47331, 47731, 48542, 50449, 52978, 53034, 53214, 54102, 55495, 55519, 56237, 56608, 58707, 58955, 59432, 59465, 59594, 59716, 60425, 60612, 61359, 62049, 63173, 63505, 63924, 64680, 66880, 68673, 68758, 68880, 69047, 69057, 69303, 69428, 69525, 69595, 70163, 70479, 73553, 73904, 77322, 78476, 79052, 79108, 79379, 80400, 80440, 80600, 80692, 81491, 82286, 82485, 83663, 83696, 85973, 87376, 88017, 88481, 88496, 90113, 90416, 90919, 92016, 92447, 93174, 94144, 97026, 97608, 97872, 97904, 97922, 99242, 99449, 100424, 101556, 101611, 104040, 105196, 105318, 105827, 105840, 107124, 107636, 108211, 109204, 110796, 111932, 112075, 112491, 112529, 113308, 114535, 114537, 114715, 117097, 117297, 117422, 117832, 117953, 119083, 119181, 119197, 120177, 120321, 120947, 123541, 124306, 126291, 126298, 126488, 127606, 128012, 128183, 128839, 129140, 129883, 130836, 130942, 132594]"
c1_random,Greedy-f3,0.1,10%,0.01,1%,179,17724,3806,3768,38,17009,16841,0.9501805461521101,False,12,17711,"[1400, 1958, 2167, 2969, 3003, 3421, 3824, 4790, 5523, 5541, 5668, 5674, 9320, 10172, 10490, 11176, 12187, 12927, 16442, 17440, 18685, 19204, 19575, 20715, 21149, 21192, 21458, 21471, 25063, 25351, 25385, 26359, 26849, 26897, 26899, 26915, 28293, 29738, 29890, 31077, 31638, 32663, 33351, 34868, 34869, 35363, 35961, 37540, 39385, 39460, 40108, 40607, 40781, 42068, 43652, 43731, 44948, 45055, 45272, 46532, 47331, 47731, 48542, 50449, 52978, 53034, 53214, 54102, 55495, 55519, 56237, 56608, 58707, 58955, 59432, 59465, 59594, 59716, 60425, 60612, 61359, 62049, 63173, 63505, 63924, 64680, 66880, 68673, 68758, 68880, 69047, 69057, 69303, 69428, 69525, 69595, 70163, 70479, 73553, 73904, 77322, 78476, 79052, 79108, 79379, 80400, 80440, 80600, 80692, 81491, 82286, 82485, 83663, 83696, 85973, 87376, 88017, 88481, 88496, 90113, 90416, 90919, 92016, 92447, 93174, 94144, 97026, 97608, 97872, 97904, 97922, 99242, 99449, 100424, 101556, 101611, 104040, 105196, 105318, 105827, 105840, 107124, 107636, 108211, 109204, 110796, 111932, 112075, 112491, 112529, 113308, 114535, 114537, 114715, 117097, 117297, 117422, 117832, 117953, 119083, 119181, 119197, 120177, 120321, 120947, 123541, 124306, 126291, 126298, 126488, 127606, 128012, 128183, 128839, 129140, 129883, 130836, 130942, 132594]"
c1_random,WTSS,0.1,10%,0.01,1%,179,17724,3264,3236,28,17903,17706,0.9989844278943805,False,12,17711,"[1400, 1958, 2167, 2969, 3003, 3421, 3824, 4790, 5523, 5541, 5668, 5674, 9320, 10172, 10490, 11176, 12187, 12927, 16442, 17440, 18685, 19204, 19575, 20715, 21149, 21192, 21458, 21471, 25063, 25351, 25385, 26359, 26849, 26897, 26899, 26915, 28293, 29738, 29890, 31077, 31638, 32663, 33351, 34868, 34869, 35363, 35961, 37540, 39385, 39460, 40108, 40607, 40781, 42068, 43652, 43731, 44948, 45055, 45272, 46532, 47331, 47731, 48542, 50449, 52978, 53034, 53214, 54102, 55495, 55519, 56237, 56608, 58707, 58955, 59432, 59465, 59594, 59716, 60425, 60612, 61359, 62049, 63173, 63505, 63924, 64680, 66880, 68673, 68758, 68880, 69047, 69057, 69303, 69428, 69525, 69595, 70163, 70479, 73553, 73904, 77322, 78476, 79052, 79108, 79379, 80400, 80440, 80600, 80692, 81491, 82286, 82485, 83663, 83696, 85973, 87376, 88017, 88481, 88496, 90113, 90416, 90919, 92016, 92447, 93174, 94144, 97026, 97608, 97872, 97904, 97922, 99242, 99449, 100424, 101556, 101611, 104040, 105196, 105318, 105827, 105840, 107124, 107636, 108211, 109204, 110796, 111932, 112075, 112491, 112529, 113308, 114535, 114537, 114715, 117097, 117297, 117422, 117832, 117953, 119083, 119181, 119197, 120177, 120321, 120947, 123541, 124306, 126291, 126298, 126488, 127606, 128012, 128183, 128839, 129140, 129883, 130836, 130942, 132594]"
c1_random,My-Seeds,0.1,10%,0.01,1%,179,17724,4200,4153,47,16796,16617,0.9375423155044008,False,12,17711,"[1400, 1958, 2167, 2969, 3003, 3421, 3824, 4790, 5523, 5541, 5668, 5674, 9320, 10172, 10490, 11176, 12187, 12927, 16442, 17440, 18685, 19204, 19575, 20715, 21149, 21192, 21458, 21471, 25063, 25351, 25385, 26359, 26849, 26897, 26899, 26915, 28293, 29738, 29890, 31077, 31638, 32663, 33351, 34868, 34869, 35363, 35961, 37540, 39385, 39460, 40108, 40607, 40781, 42068, 43652, 43731, 44948, 45055, 45272, 46532, 47331, 47731, 48542, 50449, 52978, 53034, 53214, 54102, 55495, 55519, 56237, 56608, 58707, 58955, 59432, 59465, 59594, 59716, 60425, 60612, 61359, 62049, 63173, 63505, 63924, 64680, 66880, 68673, 68758, 68880, 69047, 69057, 69303, 69428, 69525, 69595, 70163, 70479, 73553, 73904, 77322, 78476, 79052, 79108, 79379, 80400, 80440, 80600, 80692, 81491, 82286, 82485, 83663, 83696, 85973, 87376, 88017, 88481, 88496, 90113, 90416, 90919, 92016, 92447, 93174, 94144, 97026, 97608, 97872, 97904, 97922, 99242, 99449, 100424, 101556, 101611, 104040, 105196, 105318, 105827, 105840, 107124, 107636, 108211, 109204, 110796, 111932, 112075, 112491, 112529, 113308, 114535, 114537, 114715, 117097, 117297, 117422, 117832, 117953, 119083, 119181, 119197, 120177, 120321, 120947, 123541, 124306, 126291, 126298, 126488, 127606, 128012, 128183, 128839, 129140, 129883, 130836, 130942, 132594]"
c2_degree,Greedy-f1,0.1,10%,0.01,1%,179,17724,1807,1790,17,2445,2430,0.13710223425863236,False,12,17711,"[1400, 1958, 2167, 2969, 3003, 3421, 3824, 4790, 5523, 5541, 5668, 5674, 9320, 10172, 10490, 11176, 12187, 12927, 16442, 17440, 18685, 19204, 19575, 20715, 21149, 21192, 21458, 21471, 25063, 25351, 25385, 26359, 26849, 26897, 26899, 26915, 28293, 29738, 29890, 31077, 31638, 32663, 33351, 34868, 34869, 35363, 35961, 37540, 39385, 39460, 40108, 40607, 40781, 42068, 43652, 43731, 44948, 45055, 45272, 46532, 47331, 47731, 48542, 50449, 52978, 53034, 53214, 54102, 55495, 55519, 56237, 56608, 58707, 58955, 59432, 59465, 59594, 59716, 60425, 60612, 61359, 62049, 63173, 63505, 63924, 64680, 66880, 68673, 68758, 68880, 69047, 69057, 69303, 69428, 69525, 69595, 70163, 70479, 73553, 73904, 77322, 78476, 79052, 79108, 79379, 80400, 80440, 80600, 80692, 81491, 82286, 82485, 83663, 83696, 85973, 87376, 88017, 88481, 88496, 90113, 90416, 90919, 92016, 92447, 93174, 94144, 97026, 97608, 97872, 97904, 97922, 99242, 99449, 100424, 101556, 101611, 104040, 105196, 105318, 105827, 105840, 107124, 107636, 108211, 109204, 110796, 111932, 112075, 112491, 112529, 113308, 114535, 114537, 114715, 117097, 117297, 117422, 117832, 117953, 119083, 119181, 119197, 120177, 120321, 120947, 123541, 124306, 126291, 126298, 126488, 127606, 128012, 128183, 128839, 129140, 129883, 130836, 130942, 132594]"
c2_degree,Greedy-f2,0.1,10%,0.01,1%,179,17724,1327,1316,11,1386,1374,0.07752200406228842,False,12,17711,"[1400, 1958, 2167, 2969, 3003, 3421, 3824, 4790, 5523, 5541, 5668, 5674, 9320, 10172, 10490, 11176, 12187, 12927, 16442, 17440, 18685, 19204, 19575, 20715, 21149, 21192, 21458, 21471, 25063, 25351, 25385, 26359, 26849, 26897, 26899, 26915, 28293, 29738, 29890, 31077, 31638, 32663, 33351, 34868, 34869, 35363, 35961, 37540, 39385, 39460, 40108, 40607, 40781, 42068, 43652, 43731, 44948, 45055, 45272, 46532, 47331, 47731, 48542, 50449, 52978, 53034, 53214, 54102, 55495, 55519, 56237, 56608, 58707, 58955, 59432, 59465, 59594, 59716, 60425, 60612, 61359, 62049, 63173, 63505, 63924, 64680, 66880, 68673, 68758, 68880, 69047, 69057, 69303, 69428, 69525, 69595, 70163, 70479, 73553, 73904, 77322, 78476, 79052, 79108, 79379, 80400, 80440, 80600, 80692, 81491, 82286, 82485, 83663, 83696, 85973, 87376, 88017, 88481, 88496, 90113, 90416, 90919, 92016, 92447, 93174, 94144, 97026, 97608, 97872, 97904, 97922, 99242, 99449, 100424, 101556, 101611, 104040, 105196, 105318, 105827, 105840, 107124, 107636, 108211, 109204, 110796, 111932, 112075, 112491, 112529, 113308, 114535, 114537, 114715, 117097, 117297, 117422, 117832, 117953, 119083, 119181, 119197, 120177, 120321, 120947, 123541, 124306, 126291, 126298, 126488, 127606, 128012, 128183, 128839, 129140, 129883, 130836, 130942, 132594]"
c2_degree,Greedy-f3,0.1,10%,0.01,1%,179,17724,2666,2642,24,4157,4145,0.23386368765515686,False,12,17711,"[1400, 1958, 2167, 2969, 3003, 3421, 3824, 4790, 5523, 5541, 5668, 5674, 9320, 10172, 10490, 11176, 12187, 12927, 16442, 17440, 18685, 19204, 19575, 20715, 21149, 21192, 21458, 21471, 25063, 25351, 25385, 26359, 26849, 26897, 26899, 26915, 28293, 29738, 29890, 31077, 31638, 32663, 33351, 34868, 34869, 35363, 35961, 37540, 39385, 39460, 40108, 40607, 40781, 42068, 43652, 43731, 44948, 45055, 45272, 46532, 47331, 47731, 48542, 50449, 52978, 53034, 53214, 54102, 55495, 55519, 56237, 56608, 58707, 58955, 59432, 59465, 59594, 59716, 60425, 60612, 61359, 62049, 63173, 63505, 63924, 64680, 66880, 68673, 68758, 68880, 69047, 69057, 69303, 69428, 69525, 69595, 70163, 70479, 73553, 73904, 77322, 78476, 79052, 79108, 79379, 80400, 80440, 80600, 80692, 81491, 82286, 82485, 83663, 83696, 85973, 87376, 88017, 88481, 88496, 90113, 90416, 90919, 92016, 92447, 93174, 94144, 97026, 97608, 97872, 97904, 97922, 99242, 99449, 100424, 101556, 101611, 104040, 105196, 105318, 105827, 105840, 107124, 107636, 108211, 109204, 110796, 111932, 112075, 112491, 112529, 113308, 114535, 114537, 114715, 117097, 117297, 117422, 117832, 117953, 119083, 119181, 119197, 120177, 120321, 120947, 123541, 124306, 126291, 126298, 126488, 127606, 128012, 128183, 128839, 129140, 129883, 130836, 130942, 132594]"
c2_degree,WTSS,0.1,10%,0.01,1%,179,17724,3289,3249,40,3822,3777,0.21310088016249154,False,12,17711,"[1400, 1958, 2167, 2969, 3003, 3421, 3824, 4790, 5523, 5541, 5668, 5674, 9320, 10172, 10490, 11176, 12187, 12927, 16442, 17440, 18685, 19204, 19575, 20715, 21149, 21192, 21458, 21471, 25063, 25351, 25385, 26359, 26849, 26897, 26899, 26915, 28293, 29738, 29890, 31077, 31638, 32663, 33351, 34868, 34869, 35363, 35961, 37540, 39385, 39460, 40108, 40607, 40781, 42068, 43652, 43731, 44948, 45055, 45272, 46532, 47331, 47731, 48542, 50449, 52978, 53034, 53214, 54102, 55495, 55519, 56237, 56608, 58707, 58955, 59432, 59465, 59594, 59716, 60425, 60612, 61359, 62049, 63173, 63505, 63924, 64680, 66880, 68673, 68758, 68880, 69047, 69057, 69303, 69428, 69525, 69595, 70163, 70479, 73553, 73904, 77322, 78476, 79052, 79108, 79379, 80400, 80440, 80600, 80692, 81491, 82286, 82485, 83663, 83696, 85973, 87376, 88017, 88481, 88496, 90113, 90416, 90919, 92016, 92447, 93174, 94144, 97026, 97608, 97872, 97904, 97922, 99242, 99449, 100424, 101556, 101611, 104040, 105196, 105318, 105827, 105840, 107124, 107636, 108211, 109204, 110796, 111932, 112075, 112491, 112529, 113308, 114535, 114537, 114715, 117097, 117297, 117422, 117832, 117953, 119083, 119181, 119197, 120177, 120321, 120947, 123541, 124306, 126291, 126298, 126488, 127606, 128012, 128183, 128839, 129140, 129883, 130836, 130942, 132594]"
c2_degree,My-Seeds,0.1,10%,0.01,1%,179,17724,4236,4200,36,4511,4475,0.2524825095915143,False,12,17711,"[1400, 1958, 2167, 2969, 3003, 3421, 3824, 4790, 5523, 5541, 5668, 5674, 9320, 10172, 10490, 11176, 12187, 12927, 16442, 17440, 18685, 19204, 19575, 20715, 21149, 21192, 21458, 21471, 25063, 25351, 25385, 26359, 26849, 26897, 26899, 26915, 28293, 29738, 29890, 31077, 31638, 32663, 33351, 34868, 34869, 35363, 35961, 37540, 39385, 39460, 40108, 40607, 40781, 42068, 43652, 43731, 44948, 45055, 45272, 46532, 47331, 47731, 48542, 50449, 52978, 53034, 53214, 54102, 55495, 55519, 56237, 56608, 58707, 58955, 59432, 59465, 59594, 59716, 60425, 60612, 61359, 62049, 63173, 63505, 63924, 64680, 66880, 68673, 68758, 68880, 69047, 69057, 69303, 69428, 69525, 69595, 70163, 70479, 73553, 73904, 77322, 78476, 79052, 79108, 79379, 80400, 80440, 80600, 80692, 81491, 82286, 82485, 83663, 83696, 85973, 87376, 88017, 88481, 88496, 90113, 90416, 90919, 92016, 92447, 93174, 94144, 97026, 97608, 97872, 97904, 97922, 99242, 99449, 100424, 101556, 101611, 104040, 105196, 105318, 105827, 105840, 107124, 107636, 108211, 109204, 110796, 111932, 112075, 112491, 112529, 113308, 114535, 114537, 114715, 117097, 117297, 117422, 117832, 117953, 119083, 119181, 119197, 120177, 120321, 120947, 123541, 124306, 126291, 126298, 126488, 127606, 128012, 128183, 128839, 129140, 129883, 130836, 130942, 132594]"
c1_random,Greedy-f1,0.1,10%,0.05,5%,895,17008,3696,3519,177,16530,15589,0.916568673565381,False,72,16886,"[124, 349, 604, 661, 773, 811, 898, 1366, 1400, 1582, 1898, 1958, 2167, 2240, 2417, 2487, 2535, 2641, 2743, 2855, 2968, 2969, 3003, 3201, 3241, 3377, 3421, 3543, 3584, 3591, 3781, 3824, 4006, 4024, 4159, 4282, 4284, 4291, 4301, 4390, 4532, 4790, 4984, 5050, 5335, 5523, 5541, 5558, 5668, 5674, 5745, 5868, 5904, 6083, 6393, 6529, 6593, 6597, 6996, 7026, 7033, 7205, 7206, 7480, 7593, 7706, 7836, 7980, 7991, 8979, 9208, 9292, 9320, 9334, 9386, 9418, 9442, 9941, 10000, 10172, 10428, 10490, 10564, 10679, 10719, 11176, 11275, 11381, 11477, 11519, 12050, 12164, 12187, 12704, 12927, 12997, 13046, 13121, 13219, 13257, 13652, 13709, 13945, 14063, 14528, 14614, 14783, 15124, 15215, 15483, 16123, 16219, 16250, 16305, 16329, 16360, 16442, 16525, 16773, 16901, 17001, 17045, 17266, 17440, 17447, 17549, 17642, 17866, 17979, 18079, 18092, 18250, 18481, 18553, 18685, 18781, 18876, 19204, 19206, 19575, 19779, 19981, 20297, 20464, 20656, 20685, 20695, 20715, 20762, 20890, 21149, 21192, 21458, 21471, 21542, 21551, 21566, 21728, 22241, 22418, 22531, 23122, 23257, 23258, 23631, 23741, 23749, 24002, 24107, 24139, 24377, 24593, 24702, 24833, 25063, 25108, 25177, 25208, 25351, 25385, 25523, 25697, 26205, 26359, 26477, 26797, 26849, 26897, 26899, 26915, 26994, 27281, 27408, 27470, 27478, 27579, 27728, 27811, 27943, 28027, 28190, 28293, 28918, 28968, 29001, 29083, 29128, 29285, 29430, 29468, 29738, 29798, 29802, 29890, 30129, 30222, 30736, 30738, 30878, 30920, 31077, 31290, 31336, 31362, 31638, 31898, 32051, 32109, 32158, 32269, 32317, 32368, 32410, 32486, 32663, 33351, 33636, 33883, 34200, 34270, 34868, 34869, 34880, 34922, 35363, 35637, 35777, 35955, 35961, 36572, 36688, 36758, 36973, 36975, 37088, 37141, 37519, 37540, 37943, 38343, 38351, 38810, 39385, 39436, 39460, 39746, 39856, 39951, 40108, 40270, 40440, 40607, 40750, 40781, 41170, 41478, 41668, 41676, 41875, 41919, 42068, 42149, 42201, 42453, 42501, 42639, 42685, 42809, 42843, 42920, 43009, 43031, 43449, 43451, 43652, 43731, 44021, 44087, 44237, 44340, 44631, 44948, 45055, 45272, 45595, 46081, 46119, 46160, 46449, 46532, 46556, 46963, 46964, 47331, 47504, 47731, 48014, 48198, 48255, 48444, 48542, 48793, 49019, 49740, 49939, 49997, 50122, 50183, 50247, 50399, 50449, 50815, 51027, 51066, 51236, 51257, 51494, 51554, 51699, 52068, 52100, 52177, 52252, 52314, 52321, 52786, 52949, 52978, 53034, 53214, 53280, 53530, 53588, 53594, 53710, 53911, 54003, 54018, 54029, 54102, 54183, 54450, 55058, 55200, 55384, 55495, 55519, 55644, 55852, 56187, 56237, 56608, 57368, 57463, 58014, 58060, 58170, 58365, 58484, 58707, 58920, 58935, 58955, 59112, 59217, 59367, 59432, 59465, 59594, 59672, 59716, 59802, 60116, 60164, 60219, 60220, 60425, 60612, 60676, 60699, 60808, 60979, 61290, 61359, 61384, 61472, 61750, 61807, 61859, 61898, 62049, 62179, 62201, 62850, 63072, 63173, 63401, 63505, 63709, 63715, 63814, 63924, 63946, 64079, 64081, 64156, 64173, 64592, 64627, 64680, 64743, 65213, 65461, 65497, 65595, 66100, 66245, 66514, 66683, 66733, 66769, 66880, 67585, 67671, 67692, 68446, 68673, 68739, 68748, 68758, 68880, 69047, 69057, 69109, 69303, 69407, 69412, 69428, 69433, 69525, 69595, 69643, 69697, 70074, 70112, 70163, 70479, 70652, 71245, 71301, 71482, 72049, 72157, 72370, 72738, 72747, 72795, 73216, 73319, 73553, 73617, 73904, 74016, 74066, 74279, 74570, 74989, 75049, 75132, 75626, 75911, 76427, 76624, 76643, 76862, 77035, 77252, 77322, 77425, 77757, 77822, 77915, 78476, 78575, 78590, 78627, 78672, 78900, 79035, 79052, 79108, 79156, 79171, 79337, 79379, 79463, 79570, 79756, 80119, 80186, 80374, 80400, 80440, 80534, 80600, 80692, 81357, 81491, 81970, 82195, 82286, 82485, 82561, 82985, 83161, 83488, 83663, 83696, 83797, 84014, 84150, 84662, 84815, 84933, 85040, 85090, 85113, 85607, 85744, 85973, 86314, 86514, 86614, 86697, 86788, 87066, 87079, 87376, 87419, 87422, 87500, 87506, 87591, 87637, 87685, 87944, 88017, 88320, 88379, 88481, 88485, 88496, 88847, 89092, 89194, 89549, 89603, 89652, 89745, 89746, 89857, 90113, 90127, 90128, 90152, 90186, 90269, 90416, 90453, 90625, 90853, 90919, 90981, 91312, 91668, 91685, 91686, 91812, 92012, 92016, 92128, 92150, 92152, 92447, 92559, 93033, 93119, 93174, 93310, 93312, 93404, 93801, 93819, 93889, 94144, 94260, 94517, 94530, 94751, 94866, 94926, 94967, 95569, 95765, 95822, 95855, 96164, 96242, 96431, 96506, 96921, 97026, 97163, 97478, 97595, 97608, 97658, 97726, 97872, 97904, 97922, 97953, 98023, 98024, 98340, 98456, 98571, 98759, 98776, 98926, 98983, 99104, 99193, 99239, 99242, 99432, 99449, 100143, 100354, 100412, 100424, 100425, 100813, 100990, 101066, 101308, 101323, 101326, 101370, 101424, 101437, 101457, 101523, 101556, 101611, 101671, 101682, 101798, 102118, 102364, 102877, 103179, 103208, 103558, 103571, 103749, 104040, 104312, 104322, 104365, 104391, 104682, 104842, 105035, 105196, 105318, 105444, 105467, 105496, 105680, 105798, 105827, 105840, 105912, 106355, 106400, 106637, 106870, 107032, 107124, 107636, 107656, 107658, 107701, 107770, 108211, 108409, 108653, 108754, 108769, 108780, 108874, 109192, 109204, 109270, 109830, 110249, 110259, 110358, 110423, 110455, 110481, 110487, 110577, 110620, 110634, 110635, 110650, 110740, 110756, 110796, 110797, 111600, 111617, 111630, 111655, 111932, 111984, 112075, 112423, 112491, 112509, 112529, 112613, 112632, 112635, 112850, 113245, 113253, 113308, 113446, 113905, 114125, 114128, 114134, 114380, 114535, 114537, 114622, 114715, 114751, 115020, 115421, 115501, 115552, 115556, 115966, 116004, 116128, 116135, 116180, 116194, 116216, 116478, 116784, 116881, 116893, 116915, 116957, 116978, 117097, 117297, 117422, 117690, 117832, 117953, 117971, 117994, 118146, 118170, 119083, 119164, 119180, 119181, 119197, 119757, 119792, 119973, 120051, 120177, 120321, 120437, 120947, 121205, 121611, 121864, 121948, 121968, 122041, 122105, 122753, 122805, 123145, 123487, 123541, 123633, 124094, 124126, 124306, 124323, 124638, 124653, 124924, 124934, 124956, 125190, 125267, 125524, 125609, 125774, 125793, 126043, 126100, 126164, 126291, 126294, 126298, 126488, 126716, 126758, 127016, 127035, 127096, 127112, 127225, 127291, 127456, 127606, 127688, 127816, 127969, 128012, 128035, 128183, 128214, 128250, 128297, 128839, 128957, 128974, 129001, 129044, 129140, 129147, 129359, 129819, 129883, 130416, 130836, 130942, 131123, 131398, 131544, 131980, 132282, 132594, 132615, 132691, 132728, 132801, 132925, 132927, 132954, 133098, 133114]"
c1_random,Greedy-f2,0.1,10%,0.05,5%,895,17008,3727,3551,176,16492,15612,0.9179209783631233,False,72,16886,"[124, 349, 604, 661, 773, 811, 898, 1366, 1400, 1582, 1898, 1958, 2167, 2240, 2417, 2487, 2535, 2641, 2743, 2855, 2968, 2969, 3003, 3201, 3241, 3377, 3421, 3543, 3584, 3591, 3781, 3824, 4006, 4024, 4159, 4282, 4284, 4291, 4301, 4390, 4532, 4790, 4984, 5050, 5335, 5523, 5541, 5558, 5668, 5674, 5745, 5868, 5904, 6083, 6393, 6529, 6593, 6597, 6996, 7026, 7033, 7205, 7206, 7480, 7593, 7706, 7836, 7980, 7991, 8979, 9208, 9292, 9320, 9334, 9386, 9418, 9442, 9941, 10000, 10172, 10428, 10490, 10564, 10679, 10719, 11176, 11275, 11381, 11477, 11519, 12050, 12164, 12187, 12704, 12927, 12997, 13046, 13121, 13219, 13257, 13652, 13709, 13945, 14063, 14528, 14614, 14783, 15124, 15215, 15483, 16123, 16219, 16250, 16305, 16329, 16360, 16442, 16525, 16773, 16901, 17001, 17045, 17266, 17440, 17447, 17549, 17642, 17866, 17979, 18079, 18092, 18250, 18481, 18553, 18685, 18781, 18876, 19204, 19206, 19575, 19779, 19981, 20297, 20464, 20656, 20685, 20695, 20715, 20762, 20890, 21149, 21192, 21458, 21471, 21542, 21551, 21566, 21728, 22241, 22418, 22531, 23122, 23257, 23258, 23631, 23741, 23749, 24002, 24107, 24139, 24377, 24593, 24702, 24833, 25063, 25108, 25177, 25208, 25351, 25385, 25523, 25697, 26205, 26359, 26477, 26797, 26849, 26897, 26899, 26915, 26994, 27281, 27408, 27470, 27478, 27579, 27728, 27811, 27943, 28027, 28190, 28293, 28918, 28968, 29001, 29083, 29128, 29285, 29430, 29468, 29738, 29798, 29802, 29890, 30129, 30222, 30736, 30738, 30878, 30920, 31077, 31290, 31336, 31362, 31638, 31898, 32051, 32109, 32158, 32269, 32317, 32368, 32410, 32486, 32663, 33351, 33636, 33883, 34200, 34270, 34868, 34869, 34880, 34922, 35363, 35637, 35777, 35955, 35961, 36572, 36688, 36758, 36973, 36975, 37088, 37141, 37519, 37540, 37943, 38343, 38351, 38810, 39385, 39436, 39460, 39746, 39856, 39951, 40108, 40270, 40440, 40607, 40750, 40781, 41170, 41478, 41668, 41676, 41875, 41919, 42068, 42149, 42201, 42453, 42501, 42639, 42685, 42809, 42843, 42920, 43009, 43031, 43449, 43451, 43652, 43731, 44021, 44087, 44237, 44340, 44631, 44948, 45055, 45272, 45595, 46081, 46119, 46160, 46449, 46532, 46556, 46963, 46964, 47331, 47504, 47731, 48014, 48198, 48255, 48444, 48542, 48793, 49019, 49740, 49939, 49997, 50122, 50183, 50247, 50399, 50449, 50815, 51027, 51066, 51236, 51257, 51494, 51554, 51699, 52068, 52100, 52177, 52252, 52314, 52321, 52786, 52949, 52978, 53034, 53214, 53280, 53530, 53588, 53594, 53710, 53911, 54003, 54018, 54029, 54102, 54183, 54450, 55058, 55200, 55384, 55495, 55519, 55644, 55852, 56187, 56237, 56608, 57368, 57463, 58014, 58060, 58170, 58365, 58484, 58707, 58920, 58935, 58955, 59112, 59217, 59367, 59432, 59465, 59594, 59672, 59716, 59802, 60116, 60164, 60219, 60220, 60425, 60612, 60676, 60699, 60808, 60979, 61290, 61359, 61384, 61472, 61750, 61807, 61859, 61898, 62049, 62179, 62201, 62850, 63072, 63173, 63401, 63505, 63709, 63715, 63814, 63924, 63946, 64079, 64081, 64156, 64173, 64592, 64627, 64680, 64743, 65213, 65461, 65497, 65595, 66100, 66245, 66514, 66683, 66733, 66769, 66880, 67585, 67671, 67692, 68446, 68673, 68739, 68748, 68758, 68880, 69047, 69057, 69109, 69303, 69407, 69412, 69428, 69433, 69525, 69595, 69643, 69697, 70074, 70112, 70163, 70479, 70652, 71245, 71301, 71482, 72049, 72157, 72370, 72738, 72747, 72795, 73216, 73319, 73553, 73617, 73904, 74016, 74066, 74279, 74570, 74989, 75049, 75132, 75626, 75911, 76427, 76624, 76643, 76862, 77035, 77252, 77322, 77425, 77757, 77822, 77915, 78476, 78575, 78590, 78627, 78672, 78900, 79035, 79052, 79108, 79156, 79171, 79337, 79379, 79463, 79570, 79756, 80119, 80186, 80374, 80400, 80440, 80534, 80600, 80692, 81357, 81491, 81970, 82195, 82286, 82485, 82561, 82985, 83161, 83488, 83663, 83696, 83797, 84014, 84150, 84662, 84815, 84933, 85040, 85090, 85113, 85607, 85744, 85973, 86314, 86514, 86614, 86697, 86788, 87066, 87079, 87376, 87419, 87422, 87500, 87506, 87591, 87637, 87685, 87944, 88017, 88320, 88379, 88481, 88485, 88496, 88847, 89092, 89194, 89549, 89603, 89652, 89745, 89746, 89857, 90113, 90127, 90128, 90152, 90186, 90269, 90416, 90453, 90625, 90853, 90919, 90981, 91312, 91668, 91685, 91686, 91812, 92012, 92016, 92128, 92150, 92152, 92447, 92559, 93033, 93119, 93174, 93310, 93312, 93404, 93801, 93819, 93889, 94144, 94260, 94517, 94530, 94751, 94866, 94926, 94967, 95569, 95765, 95822, 95855, 96164, 96242, 96431, 96506, 96921, 97026, 97163, 97478, 97595, 97608, 97658, 97726, 97872, 97904, 97922, 97953, 98023, 98024, 98340, 98456, 98571, 98759, 98776, 98926, 98983, 99104, 99193, 99239, 99242, 99432, 99449, 100143, 100354, 100412, 100424, 100425, 100813, 100990, 101066, 101308, 101323, 101326, 101370, 101424, 101437, 101457, 101523, 101556, 101611, 101671, 101682, 101798, 102118, 102364, 102877, 103179, 103208, 103558, 103571, 103749, 104040, 104312, 104322, 104365, 104391, 104682, 104842, 105035, 105196, 105318, 105444, 105467, 105496, 105680, 105798, 105827, 105840, 105912, 106355, 106400, 106637, 106870, 107032, 107124, 107636, 107656, 107658, 107701, 107770, 108211, 108409, 108653, 108754, 108769, 108780, 108874, 109192, 109204, 109270, 109830, 110249, 110259, 110358, 110423, 110455, 110481, 110487, 110577, 110620, 110634, 110635, 110650, 110740, 110756, 110796, 110797, 111600, 111617, 111630, 111655, 111932, 111984, 112075, 112423, 112491, 112509, 112529, 112613, 112632, 112635, 112850, 113245, 113253, 113308, 113446, 113905, 114125, 114128, 114134, 114380, 114535, 114537, 114622, 114715, 114751, 115020, 115421, 115501, 115552, 115556, 115966, 116004, 116128, 116135, 116180, 116194, 116216, 116478, 116784, 116881, 116893, 116915, 116957, 116978, 117097, 117297, 117422, 117690, 117832, 117953, 117971, 117994, 118146, 118170, 119083, 119164, 119180, 119181, 119197, 119757, 119792, 119973, 120051, 120177, 120321, 120437, 120947, 121205, 121611, 121864, 121948, 121968, 122041, 122105, 122753, 122805, 123145, 123487, 123541, 123633, 124094, 124126, 124306, 124323, 124638, 124653, 124924, 124934, 124956, 125190, 125267, 125524, 125609, 125774, 125793, 126043, 126100, 126164, 126291, 126294, 126298, 126488, 126716, 126758, 127016, 127035, 127096, 127112, 127225, 127291, 127456, 127606, 127688, 127816, 127969, 128012, 128035, 128183, 128214, 128250, 128297, 128839, 128957, 128974, 129001, 129044, 129140, 129147, 129359, 129819, 129883, 130416, 130836, 130942, 131123, 131398, 131544, 131980, 132282, 132594, 132615, 132691, 132728, 132801, 132925, 132927, 132954, 133098, 133114]"
c1_random,Greedy-f3,0.1,10%,0.05,5%,895,17008,3806,3619,187,17009,16078,0.9453198494825964,False,72,16886,"[124, 349, 604, 661, 773, 811, 898, 1366, 1400, 1582, 1898, 1958, 2167, 2240, 2417, 2487, 2535, 2641, 2743, 2855, 2968, 2969, 3003, 3201, 3241, 3377, 3421, 3543, 3584, 3591, 3781, 3824, 4006, 4024, 4159, 4282, 4284, 4291, 4301, 4390, 4532, 4790, 4984, 5050, 5335, 5523, 5541, 5558, 5668, 5674, 5745, 5868, 5904, 6083, 6393, 6529, 6593, 6597, 6996, 7026, 7033, 7205, 7206, 7480, 7593, 7706, 7836, 7980, 7991, 8979, 9208, 9292, 9320, 9334, 9386, 9418, 9442, 9941, 10000, 10172, 10428, 10490, 10564, 10679, 10719, 11176, 11275, 11381, 11477, 11519, 12050, 12164, 12187, 12704, 12927, 12997, 13046, 13121, 13219, 13257, 13652, 13709, 13945, 14063, 14528, 14614, 14783, 15124, 15215, 15483, 16123, 16219, 16250, 16305, 16329, 16360, 16442, 16525, 16773, 16901, 17001, 17045, 17266, 17440, 17447, 17549, 17642, 17866, 17979, 18079, 18092, 18250, 18481, 18553, 18685, 18781, 18876, 19204, 19206, 19575, 19779, 19981, 20297, 20464, 20656, 20685, 20695, 20715, 20762, 20890, 21149, 21192, 21458, 21471, 21542, 21551, 21566, 21728, 22241, 22418, 22531, 23122, 23257, 23258, 23631, 23741, 23749, 24002, 24107, 24139, 24377, 24593, 24702, 24833, 25063, 25108, 25177, 25208, 25351, 25385, 25523, 25697, 26205, 26359, 26477, 26797, 26849, 26897, 26899, 26915, 26994, 27281, 27408, 27470, 27478, 27579, 27728, 27811, 27943, 28027, 28190, 28293, 28918, 28968, 29001, 29083, 29128, 29285, 29430, 29468, 29738, 29798, 29802, 29890, 30129, 30222, 30736, 30738, 30878, 30920, 31077, 31290, 31336, 31362, 31638, 31898, 32051, 32109, 32158, 32269, 32317, 32368, 32410, 32486, 32663, 33351, 33636, 33883, 34200, 34270, 34868, 34869, 34880, 34922, 35363, 35637, 35777, 35955, 35961, 36572, 36688, 36758, 36973, 36975, 37088, 37141, 37519, 37540, 37943, 38343, 38351, 38810, 39385, 39436, 39460, 39746, 39856, 39951, 40108, 40270, 40440, 40607, 40750, 40781, 41170, 41478, 41668, 41676, 41875, 41919, 42068, 42149, 42201, 42453, 42501, 42639, 42685, 42809, 42843, 42920, 43009, 43031, 43449, 43451, 43652, 43731, 44021, 44087, 44237, 44340, 44631, 44948, 45055, 45272, 45595, 46081, 46119, 46160, 46449, 46532, 46556, 46963, 46964, 47331, 47504, 47731, 48014, 48198, 48255, 48444, 48542, 48793, 49019, 49740, 49939, 49997, 50122, 50183, 50247, 50399, 50449, 50815, 51027, 51066, 51236, 51257, 51494, 51554, 51699, 52068, 52100, 52177, 52252, 52314, 52321, 52786, 52949, 52978, 53034, 53214, 53280, 53530, 53588, 53594, 53710, 53911, 54003, 54018, 54029, 54102, 54183, 54450, 55058, 55200, 55384, 55495, 55519, 55644, 55852, 56187, 56237, 56608, 57368, 57463, 58014, 58060, 58170, 58365, 58484, 58707, 58920, 58935, 58955, 59112, 59217, 59367, 59432, 59465, 59594, 59672, 59716, 59802, 60116, 60164, 60219, 60220, 60425, 60612, 60676, 60699, 60808, 60979, 61290, 61359, 61384, 61472, 61750, 61807, 61859, 61898, 62049, 62179, 62201, 62850, 63072, 63173, 63401, 63505, 63709, 63715, 63814, 63924, 63946, 64079, 64081, 64156, 64173, 64592, 64627, 64680, 64743, 65213, 65461, 65497, 65595, 66100, 66245, 66514, 66683, 66733, 66769, 66880, 67585, 67671, 67692, 68446, 68673, 68739, 68748, 68758, 68880, 69047, 69057, 69109, 69303, 69407, 69412, 69428, 69433, 69525, 69595, 69643, 69697, 70074, 70112, 70163, 70479, 70652, 71245, 71301, 71482, 72049, 72157, 72370, 72738, 72747, 72795, 73216, 73319, 73553, 73617, 73904, 74016, 74066, 74279, 74570, 74989, 75049, 75132, 75626, 75911, 76427, 76624, 76643, 76862, 77035, 77252, 77322, 77425, 77757, 77822, 77915, 78476, 78575, 78590, 78627, 78672, 78900, 79035, 79052, 79108, 79156, 79171, 79337, 79379, 79463, 79570, 79756, 80119, 80186, 80374, 80400, 80440, 80534, 80600, 80692, 81357, 81491, 81970, 82195, 82286, 82485, 82561, 82985, 83161, 83488, 83663, 83696, 83797, 84014, 84150, 84662, 84815, 84933, 85040, 85090, 85113, 85607, 85744, 85973, 86314, 86514, 86614, 86697, 86788, 87066, 87079, 87376, 87419, 87422, 87500, 87506, 87591, 87637, 87685, 87944, 88017, 88320, 88379, 88481, 88485, 88496, 88847, 89092, 89194, 89549, 89603, 89652, 89745, 89746, 89857, 90113, 90127, 90128, 90152, 90186, 90269, 90416, 90453, 90625, 90853, 90919, 90981, 91312, 91668, 91685, 91686, 91812, 92012, 92016, 92128, 92150, 92152, 92447, 92559, 93033, 93119, 93174, 93310, 93312, 93404, 93801, 93819, 93889, 94144, 94260, 94517, 94530, 94751, 94866, 94926, 94967, 95569, 95765, 95822, 95855, 96164, 96242, 96431, 96506, 96921, 97026, 97163, 97478, 97595, 97608, 97658, 97726, 97872, 97904, 97922, 97953, 98023, 98024, 98340, 98456, 98571, 98759, 98776, 98926, 98983, 99104, 99193, 99239, 99242, 99432, 99449, 100143, 100354, 100412, 100424, 100425, 100813, 100990, 101066, 101308, 101323, 101326, 101370, 101424, 101437, 101457, 101523, 101556, 101611, 101671, 101682, 101798, 102118, 102364, 102877, 103179, 103208, 103558, 103571, 103749, 104040, 104312, 104322, 104365, 104391, 104682, 104842, 105035, 105196, 105318, 105444, 105467, 105496, 105680, 105798, 105827, 105840, 105912, 106355, 106400, 106637, 106870, 107032, 107124, 107636, 107656, 107658, 107701, 107770, 108211, 108409, 108653, 108754, 108769, 108780, 108874, 109192, 109204, 109270, 109830, 110249, 110259, 110358, 110423, 110455, 110481, 110487, 110577, 110620, 110634, 110635, 110650, 110740, 110756, 110796, 110797, 111600, 111617, 111630, 111655, 111932, 111984, 112075, 112423, 112491, 112509, 112529, 112613, 112632, 112635, 112850, 113245, 113253, 113308, 113446, 113905, 114125, 114128, 114134, 114380, 114535, 114537, 114622, 114715, 114751, 115020, 115421, 115501, 115552, 115556, 115966, 116004, 116128, 116135, 116180, 116194, 116216, 116478, 116784, 116881, 116893, 116915, 116957, 116978, 117097, 117297, 117422, 117690, 117832, 117953, 117971, 117994, 118146, 118170, 119083, 119164, 119180, 119181, 119197, 119757, 119792, 119973, 120051, 120177, 120321, 120437, 120947, 121205, 121611, 121864, 121948, 121968, 122041, 122105, 122753, 122805, 123145, 123487, 123541, 123633, 124094, 124126, 124306, 124323, 124638, 124653, 124924, 124934, 124956, 125190, 125267, 125524, 125609, 125774, 125793, 126043, 126100, 126164, 126291, 126294, 126298, 126488, 126716, 126758, 127016, 127035, 127096, 127112, 127225, 127291, 127456, 127606, 127688, 127816, 127969, 128012, 128035, 128183, 128214, 128250, 128297, 128839, 128957, 128974, 129001, 129044, 129140, 129147, 129359, 129819, 129883, 130416, 130836, 130942, 131123, 131398, 131544, 131980, 132282, 132594, 132615, 132691, 132728, 132801, 132925, 132927, 132954, 133098, 133114]"
c1_random,WTSS,0.1,10%,0.05,5%,895,17008,3264,3099,165,17903,16901,0.99370884289746,False,72,16886,"[124, 349, 604, 661, 773, 811, 898, 1366, 1400, 1582, 1898, 1958, 2167, 2240, 2417, 2487, 2535, 2641, 2743, 2855, 2968, 2969, 3003, 3201, 3241, 3377, 3421, 3543, 3584, 3591, 3781, 3824, 4006, 4024, 4159, 4282, 4284, 4291, 4301, 4390, 4532, 4790, 4984, 5050, 5335, 5523, 5541, 5558, 5668, 5674, 5745, 5868, 5904, 6083, 6393, 6529, 6593, 6597, 6996, 7026, 7033, 7205, 7206, 7480, 7593, 7706, 7836, 7980, 7991, 8979, 9208, 9292, 9320, 9334, 9386, 9418, 9442, 9941, 10000, 10172, 10428, 10490, 10564, 10679, 10719, 11176, 11275, 11381, 11477, 11519, 12050, 12164, 12187, 12704, 12927, 12997, 13046, 13121, 13219, 13257, 13652, 13709, 13945, 14063, 14528, 14614, 14783, 15124, 15215, 15483, 16123, 16219, 16250, 16305, 16329, 16360, 16442, 16525, 16773, 16901, 17001, 17045, 17266, 17440, 17447, 17549, 17642, 17866, 17979, 18079, 18092, 18250, 18481, 18553, 18685, 18781, 18876, 19204, 19206, 19575, 19779, 19981, 20297, 20464, 20656, 20685, 20695, 20715, 20762, 20890, 21149, 21192, 21458, 21471, 21542, 21551, 21566, 21728, 22241, 22418, 22531, 23122, 23257, 23258, 23631, 23741, 23749, 24002, 24107, 24139, 24377, 24593, 24702, 24833, 25063, 25108, 25177, 25208, 25351, 25385, 25523, 25697, 26205, 26359, 26477, 26797, 26849, 26897, 26899, 26915, 26994, 27281, 27408, 27470, 27478, 27579, 27728, 27811, 27943, 28027, 28190, 28293, 28918, 28968, 29001, 29083, 29128, 29285, 29430, 29468, 29738, 29798, 29802, 29890, 30129, 30222, 30736, 30738, 30878, 30920, 31077, 31290, 31336, 31362, 31638, 31898, 32051, 32109, 32158, 32269, 32317, 32368, 32410, 32486, 32663, 33351, 33636, 33883, 34200, 34270, 34868, 34869, 34880, 34922, 35363, 35637, 35777, 35955, 35961, 36572, 36688, 36758, 36973, 36975, 37088, 37141, 37519, 37540, 37943, 38343, 38351, 38810, 39385, 39436, 39460, 39746, 39856, 39951, 40108, 40270, 40440, 40607, 40750, 40781, 41170, 41478, 41668, 41676, 41875, 41919, 42068, 42149, 42201, 42453, 42501, 42639, 42685, 42809, 42843, 42920, 43009, 43031, 43449, 43451, 43652, 43731, 44021, 44087, 44237, 44340, 44631, 44948, 45055, 45272, 45595, 46081, 46119, 46160, 46449, 46532, 46556, 46963, 46964, 47331, 47504, 47731, 48014, 48198, 48255, 48444, 48542, 48793, 49019, 49740, 49939, 49997, 50122, 50183, 50247, 50399, 50449, 50815, 51027, 51066, 51236, 51257, 51494, 51554, 51699, 52068, 52100, 52177, 52252, 52314, 52321, 52786, 52949, 52978, 53034, 53214, 53280, 53530, 53588, 53594, 53710, 53911, 54003, 54018, 54029, 54102, 54183, 54450, 55058, 55200, 55384, 55495, 55519, 55644, 55852, 56187, 56237, 56608, 57368, 57463, 58014, 58060, 58170, 58365, 58484, 58707, 58920, 58935, 58955, 59112, 59217, 59367, 59432, 59465, 59594, 59672, 59716, 59802, 60116, 60164, 60219, 60220, 60425, 60612, 60676, 60699, 60808, 60979, 61290, 61359, 61384, 61472, 61750, 61807, 61859, 61898, 62049, 62179, 62201, 62850, 63072, 63173, 63401, 63505, 63709, 63715, 63814, 63924, 63946, 64079, 64081, 64156, 64173, 64592, 64627, 64680, 64743, 65213, 65461, 65497, 65595, 66100, 66245, 66514, 66683, 66733, 66769, 66880, 67585, 67671, 67692, 68446, 68673, 68739, 68748, 68758, 68880, 69047, 69057, 69109, 69303, 69407, 69412, 69428, 69433, 69525, 69595, 69643, 69697, 70074, 70112, 70163, 70479, 70652, 71245, 71301, 71482, 72049, 72157, 72370, 72738, 72747, 72795, 73216, 73319, 73553, 73617, 73904, 74016, 74066, 74279, 74570, 74989, 75049, 75132, 75626, 75911, 76427, 76624, 76643, 76862, 77035, 77252, 77322, 77425, 77757, 77822, 77915, 78476, 78575, 78590, 78627, 78672, 78900, 79035, 79052, 79108, 79156, 79171, 79337, 79379, 79463, 79570, 79756, 80119, 80186, 80374, 80400, 80440, 80534, 80600, 80692, 81357, 81491, 81970, 82195, 82286, 82485, 82561, 82985, 83161, 83488, 83663, 83696, 83797, 84014, 84150, 84662, 84815, 84933, 85040, 85090, 85113, 85607, 85744, 85973, 86314, 86514, 86614, 86697, 86788, 87066, 87079, 87376, 87419, 87422, 87500, 87506, 87591, 87637, 87685, 87944, 88017, 88320, 88379, 88481, 88485, 88496, 88847, 89092, 89194, 89549, 89603, 89652, 89745, 89746, 89857, 90113, 90127, 90128, 90152, 90186, 90269, 90416, 90453, 90625, 90853, 90919, 90981, 91312, 91668, 91685, 91686, 91812, 92012, 92016, 92128, 92150, 92152, 92447, 92559, 93033, 93119, 93174, 93310, 93312, 93404, 93801, 93819, 93889, 94144, 94260, 94517, 94530, 94751, 94866, 94926, 94967, 95569, 95765, 95822, 95855, 96164, 96242, 96431, 96506, 96921, 97026, 97163, 97478, 97595, 97608, 97658, 97726, 97872, 97904, 97922, 97953, 98023, 98024, 98340, 98456, 98571, 98759, 98776, 98926, 98983, 99104, 99193, 99239, 99242, 99432, 99449, 100143, 100354, 100412, 100424, 100425, 100813, 100990, 101066, 101308, 101323, 101326, 101370, 101424, 101437, 101457, 101523, 101556, 101611, 101671, 101682, 101798, 102118, 102364, 102877, 103179, 103208, 103558, 103571, 103749, 104040, 104312, 104322, 104365, 104391, 104682, 104842, 105035, 105196, 105318, 105444, 105467, 105496, 105680, 105798, 105827, 105840, 105912, 106355, 106400, 106637, 106870, 107032, 107124, 107636, 107656, 107658, 107701, 107770, 108211, 108409, 108653, 108754, 108769, 108780, 108874, 109192, 109204, 109270, 109830, 110249, 110259, 110358, 110423, 110455, 110481, 110487, 110577, 110620, 110634, 110635, 110650, 110740, 110756, 110796, 110797, 111600, 111617, 111630, 111655, 111932, 111984, 112075, 112423, 112491, 112509, 112529, 112613, 112632, 112635, 112850, 113245, 113253, 113308, 113446, 113905, 114125, 114128, 114134, 114380, 114535, 114537, 114622, 114715, 114751, 115020, 115421, 115501, 115552, 115556, 115966, 116004, 116128, 116135, 116180, 116194, 116216, 116478, 116784, 116881, 116893, 116915, 116957, 116978, 117097, 117297, 117422, 117690, 117832, 117953, 117971, 117994, 118146, 118170, 119083, 119164, 119180, 119181, 119197, 119757, 119792, 119973, 120051, 120177, 120321, 120437, 120947, 121205, 121611, 121864, 121948, 121968, 122041, 122105, 122753, 122805, 123145, 123487, 123541, 123633, 124094, 124126, 124306, 124323, 124638, 124653, 124924, 124934, 124956, 125190, 125267, 125524, 125609, 125774, 125793, 126043, 126100, 126164, 126291, 126294, 126298, 126488, 126716, 126758, 127016, 127035, 127096, 127112, 127225, 127291, 127456, 127606, 127688, 127816, 127969, 128012, 128035, 128183, 128214, 128250, 128297, 128839, 128957, 128974, 129001, 129044, 129140, 129147, 129359, 129819, 129883, 130416, 130836, 130942, 131123, 131398, 131544, 131980, 132282, 132594, 132615, 132691, 132728, 132801, 132925, 132927, 132954, 133098, 133114]"
c1_random,My-Seeds,0.1,10%,0.05,5%,895,17008,4200,3988,212,16796,15825,0.9304444967074318,False,72,16886,"[124, 349, 604, 661, 773, 811, 898, 1366, 1400, 1582, 1898, 1958, 2167, 2240, 2417, 2487, 2535, 2641, 2743, 2855, 2968, 2969, 3003, 3201, 3241, 3377, 3421, 3543, 3584, 3591, 3781, 3824, 4006, 4024, 4159, 4282, 4284, 4291, 4301, 4390, 4532, 4790, 4984, 5050, 5335, 5523, 5541, 5558, 5668, 5674, 5745, 5868, 5904, 6083, 6393, 6529, 6593, 6597, 6996, 7026, 7033, 7205, 7206, 7480, 7593, 7706, 7836, 7980, 7991, 8979, 9208, 9292, 9320, 9334, 9386, 9418, 9442, 9941, 10000, 10172, 10428, 10490, 10564, 10679, 10719, 11176, 11275, 11381, 11477, 11519, 12050, 12164, 12187, 12704, 12927, 12997, 13046, 13121, 13219, 13257, 13652, 13709, 13945, 14063, 14528, 14614, 14783, 15124, 15215, 15483, 16123, 16219, 16250, 16305, 16329, 16360, 16442, 16525, 16773, 16901, 17001, 17045, 17266, 17440, 17447, 17549, 17642, 17866, 17979, 18079, 18092, 18250, 18481, 18553, 18685, 18781, 18876, 19204, 19206, 19575, 19779, 19981, 20297, 20464, 20656, 20685, 20695, 20715, 20762, 20890, 21149, 21192, 21458, 21471, 21542, 21551, 21566, 21728, 22241, 22418, 22531, 23122, 23257, 23258, 23631, 23741, 23749, 24002, 24107, 24139, 24377, 24593, 24702, 24833, 25063, 25108, 25177, 25208, 25351, 25385, 25523, 25697, 26205, 26359, 26477, 26797, 26849, 26897, 26899, 26915, 26994, 27281, 27408, 27470, 27478, 27579, 27728, 27811, 27943, 28027, 28190, 28293, 28918, 28968, 29001, 29083, 29128, 29285, 29430, 29468, 29738, 29798, 29802, 29890, 30129, 30222, 30736, 30738, 30878, 30920, 31077, 31290, 31336, 31362, 31638, 31898, 32051, 32109, 32158, 32269, 32317, 32368, 32410, 32486, 32663, 33351, 33636, 33883, 34200, 34270, 34868, 34869, 34880, 34922, 35363, 35637, 35777, 35955, 35961, 36572, 36688, 36758, 36973, 36975, 37088, 37141, 37519, 37540, 37943, 38343, 38351, 38810, 39385, 39436, 39460, 39746, 39856, 39951, 40108, 40270, 40440, 40607, 40750, 40781, 41170, 41478, 41668, 41676, 41875, 41919, 42068, 42149, 42201, 42453, 42501, 42639, 42685, 42809, 42843, 42920, 43009, 43031, 43449, 43451, 43652, 43731, 44021, 44087, 44237, 44340, 44631, 44948, 45055, 45272, 45595, 46081, 46119, 46160, 46449, 46532, 46556, 46963, 46964, 47331, 47504, 47731, 48014, 48198, 48255, 48444, 48542, 48793, 49019, 49740, 49939, 49997, 50122, 50183, 50247, 50399, 50449, 50815, 51027, 51066, 51236, 51257, 51494, 51554, 51699, 52068, 52100, 52177, 52252, 52314, 52321, 52786, 52949, 52978, 53034, 53214, 53280, 53530, 53588, 53594, 53710, 53911, 54003, 54018, 54029, 54102, 54183, 54450, 55058, 55200, 55384, 55495, 55519, 55644, 55852, 56187, 56237, 56608, 57368, 57463, 58014, 58060, 58170, 58365, 58484, 58707, 58920, 58935, 58955, 59112, 59217, 59367, 59432, 59465, 59594, 59672, 59716, 59802, 60116, 60164, 60219, 60220, 60425, 60612, 60676, 60699, 60808, 60979, 61290, 61359, 61384, 61472, 61750, 61807, 61859, 61898, 62049, 62179, 62201, 62850, 63072, 63173, 63401, 63505, 63709, 63715, 63814, 63924, 63946, 64079, 64081, 64156, 64173, 64592, 64627, 64680, 64743, 65213, 65461, 65497, 65595, 66100, 66245, 66514, 66683, 66733, 66769, 66880, 67585, 67671, 67692, 68446, 68673, 68739, 68748, 68758, 68880, 69047, 69057, 69109, 69303, 69407, 69412, 69428, 69433, 69525, 69595, 69643, 69697, 70074, 70112, 70163, 70479, 70652, 71245, 71301, 71482, 72049, 72157, 72370, 72738, 72747, 72795, 73216, 73319, 73553, 73617, 73904, 74016, 74066, 74279, 74570, 74989, 75049, 75132, 75626, 75911, 76427, 76624, 76643, 76862, 77035, 77252, 77322, 77425, 77757, 77822, 77915, 78476, 78575, 78590, 78627, 78672, 78900, 79035, 79052, 79108, 79156, 79171, 79337, 79379, 79463, 79570, 79756, 80119, 80186, 80374, 80400, 80440, 80534, 80600, 80692, 81357, 81491, 81970, 82195, 82286, 82485, 82561, 82985, 83161, 83488, 83663, 83696, 83797, 84014, 84150, 84662, 84815, 84933, 85040, 85090, 85113, 85607, 85744, 85973, 86314, 86514, 86614, 86697, 86788, 87066, 87079, 87376, 87419, 87422, 87500, 87506, 87591, 87637, 87685, 87944, 88017, 88320, 88379, 88481, 88485, 88496, 88847, 89092, 89194, 89549, 89603, 89652, 89745, 89746, 89857, 90113, 90127, 90128, 90152, 90186, 90269, 90416, 90453, 90625, 90853, 90919, 90981, 91312, 91668, 91685, 91686, 91812, 92012, 92016, 92128, 92150, 92152, 92447, 92559, 93033, 93119, 93174, 93310, 93312, 93404, 93801, 93819, 93889, 94144, 94260, 94517, 94530, 94751, 94866, 94926, 94967, 95569, 95765, 95822, 95855, 96164, 96242, 96431, 96506, 96921, 97026, 97163, 97478, 97595, 97608, 97658, 97726, 97872, 97904, 97922, 97953, 98023, 98024, 98340, 98456, 98571, 98759, 98776, 98926, 98983, 99104, 99193, 99239, 99242, 99432, 99449, 100143, 100354, 100412, 100424, 100425, 100813, 100990, 101066, 101308, 101323, 101326, 101370, 101424, 101437, 101457, 101523, 101556, 101611, 101671, 101682, 101798, 102118, 102364, 102877, 103179, 103208, 103558, 103571, 103749, 104040, 104312, 104322, 104365, 104391, 104682, 104842, 105035, 105196, 105318, 105444, 105467, 105496, 105680, 105798, 105827, 105840, 105912, 106355, 106400, 106637, 106870, 107032, 107124, 107636, 107656, 107658, 107701, 107770, 108211, 108409, 108653, 108754, 108769, 108780, 108874, 109192, 109204, 109270, 109830, 110249, 110259, 110358, 110423, 110455, 110481, 110487, 110577, 110620, 110634, 110635, 110650, 110740, 110756, 110796, 110797, 111600, 111617, 111630, 111655, 111932, 111984, 112075, 112423, 112491, 112509, 112529, 112613, 112632, 112635, 112850, 113245, 113253, 113308, 113446, 113905, 114125, 114128, 114134, 114380, 114535, 114537, 114622, 114715, 114751, 115020, 115421, 115501, 115552, 115556, 115966, 116004, 116128, 116135, 116180, 116194, 116216, 116478, 116784, 116881, 116893, 116915, 116957, 116978, 117097, 117297, 117422, 117690, 117832, 117953, 117971, 117994, 118146, 118170, 119083, 119164, 119180, 119181, 119197, 119757, 119792, 119973, 120051, 120177, 120321, 120437, 120947, 121205, 121611, 121864, 121948, 121968, 122041, 122105, 122753, 122805, 123145, 123487, 123541, 123633, 124094, 124126, 124306, 124323, 124638, 124653, 124924, 124934, 124956, 125190, 125267, 125524, 125609, 125774, 125793, 126043, 126100, 126164, 126291, 126294, 126298, 126488, 126716, 126758, 127016, 127035, 127096, 127112, 127225, 127291, 127456, 127606, 127688, 127816, 127969, 128012, 128035, 128183, 128214, 128250, 128297, 128839, 128957, 128974, 129001, 129044, 129140, 129147, 129359, 129819, 129883, 130416, 130836, 130942, 131123, 131398, 131544, 131980, 132282, 132594, 132615, 132691, 132728, 132801, 132925, 132927, 132954, 133098, 133114]"
c2_degree,Greedy-f1,0.1,10%,0.05,5%,895,17008,1807,1716,91,2445,2332,0.13711194731890874,False,72,16886,"[124, 349, 604, 661, 773, 811, 898, 1366, 1400, 1582, 1898, 1958, 2167, 2240, 2417, 2487, 2535, 2641, 2743, 2855, 2968, 2969, 3003, 3201, 3241, 3377, 3421, 3543, 3584, 3591, 3781, 3824, 4006, 4024, 4159, 4282, 4284, 4291, 4301, 4390, 4532, 4790, 4984, 5050, 5335, 5523, 5541, 5558, 5668, 5674, 5745, 5868, 5904, 6083, 6393, 6529, 6593, 6597, 6996, 7026, 7033, 7205, 7206, 7480, 7593, 7706, 7836, 7980, 7991, 8979, 9208, 9292, 9320, 9334, 9386, 9418, 9442, 9941, 10000, 10172, 10428, 10490, 10564, 10679, 10719, 11176, 11275, 11381, 11477, 11519, 12050, 12164, 12187, 12704, 12927, 12997, 13046, 13121, 13219, 13257, 13652, 13709, 13945, 14063, 14528, 14614, 14783, 15124, 15215, 15483, 16123, 16219, 16250, 16305, 16329, 16360, 16442, 16525, 16773, 16901, 17001, 17045, 17266, 17440, 17447, 17549, 17642, 17866, 17979, 18079, 18092, 18250, 18481, 18553, 18685, 18781, 18876, 19204, 19206, 19575, 19779, 19981, 20297, 20464, 20656, 20685, 20695, 20715, 20762, 20890, 21149, 21192, 21458, 21471, 21542, 21551, 21566, 21728, 22241, 22418, 22531, 23122, 23257, 23258, 23631, 23741, 23749, 24002, 24107, 24139, 24377, 24593, 24702, 24833, 25063, 25108, 25177, 25208, 25351, 25385, 25523, 25697, 26205, 26359, 26477, 26797, 26849, 26897, 26899, 26915, 26994, 27281, 27408, 27470, 27478, 27579, 27728, 27811, 27943, 28027, 28190, 28293, 28918, 28968, 29001, 29083, 29128, 29285, 29430, 29468, 29738, 29798, 29802, 29890, 30129, 30222, 30736, 30738, 30878, 30920, 31077, 31290, 31336, 31362, 31638, 31898, 32051, 32109, 32158, 32269, 32317, 32368, 32410, 32486, 32663, 33351, 33636, 33883, 34200, 34270, 34868, 34869, 34880, 34922, 35363, 35637, 35777, 35955, 35961, 36572, 36688, 36758, 36973, 36975, 37088, 37141, 37519, 37540, 37943, 38343, 38351, 38810, 39385, 39436, 39460, 39746, 39856, 39951, 40108, 40270, 40440, 40607, 40750, 40781, 41170, 41478, 41668, 41676, 41875, 41919, 42068, 42149, 42201, 42453, 42501, 42639, 42685, 42809, 42843, 42920, 43009, 43031, 43449, 43451, 43652, 43731, 44021, 44087, 44237, 44340, 44631, 44948, 45055, 45272, 45595, 46081, 46119, 46160, 46449, 46532, 46556, 46963, 46964, 47331, 47504, 47731, 48014, 48198, 48255, 48444, 48542, 48793, 49019, 49740, 49939, 49997, 50122, 50183, 50247, 50399, 50449, 50815, 51027, 51066, 51236, 51257, 51494, 51554, 51699, 52068, 52100, 52177, 52252, 52314, 52321, 52786, 52949, 52978, 53034, 53214, 53280, 53530, 53588, 53594, 53710, 53911, 54003, 54018, 54029, 54102, 54183, 54450, 55058, 55200, 55384, 55495, 55519, 55644, 55852, 56187, 56237, 56608, 57368, 57463, 58014, 58060, 58170, 58365, 58484, 58707, 58920, 58935, 58955, 59112, 59217, 59367, 59432, 59465, 59594, 59672, 59716, 59802, 60116, 60164, 60219, 60220, 60425, 60612, 60676, 60699, 60808, 60979, 61290, 61359, 61384, 61472, 61750, 61807, 61859, 61898, 62049, 62179, 62201, 62850, 63072, 63173, 63401, 63505, 63709, 63715, 63814, 63924, 63946, 64079, 64081, 64156, 64173, 64592, 64627, 64680, 64743, 65213, 65461, 65497, 65595, 66100, 66245, 66514, 66683, 66733, 66769, 66880, 67585, 67671, 67692, 68446, 68673, 68739, 68748, 68758, 68880, 69047, 69057, 69109, 69303, 69407, 69412, 69428, 69433, 69525, 69595, 69643, 69697, 70074, 70112, 70163, 70479, 70652, 71245, 71301, 71482, 72049, 72157, 72370, 72738, 72747, 72795, 73216, 73319, 73553, 73617, 73904, 74016, 74066, 74279, 74570, 74989, 75049, 75132, 75626, 75911, 76427, 76624, 76643, 76862, 77035, 77252, 77322, 77425, 77757, 77822, 77915, 78476, 78575, 78590, 78627, 78672, 78900, 79035, 79052, 79108, 79156, 79171, 79337, 79379, 79463, 79570, 79756, 80119, 80186, 80374, 80400, 80440, 80534, 80600, 80692, 81357, 81491, 81970, 82195, 82286, 82485, 82561, 82985, 83161, 83488, 83663, 83696, 83797, 84014, 84150, 84662, 84815, 84933, 85040, 85090, 85113, 85607, 85744, 85973, 86314, 86514, 86614, 86697, 86788, 87066, 87079, 87376, 87419, 87422, 87500, 87506, 87591, 87637, 87685, 87944, 88017, 88320, 88379, 88481, 88485, 88496, 88847, 89092, 89194, 89549, 89603, 89652, 89745, 89746, 89857, 90113, 90127, 90128, 90152, 90186, 90269, 90416, 90453, 90625, 90853, 90919, 90981, 91312, 91668, 91685, 91686, 91812, 92012, 92016, 92128, 92150, 92152, 92447, 92559, 93033, 93119, 93174, 93310, 93312, 93404, 93801, 93819, 93889, 94144, 94260, 94517, 94530, 94751, 94866, 94926, 94967, 95569, 95765, 95822, 95855, 96164, 96242, 96431, 96506, 96921, 97026, 97163, 97478, 97595, 97608, 97658, 97726, 97872, 97904, 97922, 97953, 98023, 98024, 98340, 98456, 98571, 98759, 98776, 98926, 98983, 99104, 99193, 99239, 99242, 99432, 99449, 100143, 100354, 100412, 100424, 100425, 100813, 100990, 101066, 101308, 101323, 101326, 101370, 101424, 101437, 101457, 101523, 101556, 101611, 101671, 101682, 101798, 102118, 102364, 102877, 103179, 103208, 103558, 103571, 103749, 104040, 104312, 104322, 104365, 104391, 104682, 104842, 105035, 105196, 105318, 105444, 105467, 105496, 105680, 105798, 105827, 105840, 105912, 106355, 106400, 106637, 106870, 107032, 107124, 107636, 107656, 107658, 107701, 107770, 108211, 108409, 108653, 108754, 108769, 108780, 108874, 109192, 109204, 109270, 109830, 110249, 110259, 110358, 110423, 110455, 110481, 110487, 110577, 110620, 110634, 110635, 110650, 110740, 110756, 110796, 110797, 111600, 111617, 111630, 111655, 111932, 111984, 112075, 112423, 112491, 112509, 112529, 112613, 112632, 112635, 112850, 113245, 113253, 113308, 113446, 113905, 114125, 114128, 114134, 114380, 114535, 114537, 114622, 114715, 114751, 115020, 115421, 115501, 115552, 115556, 115966, 116004, 116128, 116135, 116180, 116194, 116216, 116478, 116784, 116881, 116893, 116915, 116957, 116978, 117097, 117297, 117422, 117690, 117832, 117953, 117971, 117994, 118146, 118170, 119083, 119164, 119180, 119181, 119197, 119757, 119792, 119973, 120051, 120177, 120321, 120437, 120947, 121205, 121611, 121864, 121948, 121968, 122041, 122105, 122753, 122805, 123145, 123487, 123541, 123633, 124094, 124126, 124306, 124323, 124638, 124653, 124924, 124934, 124956, 125190, 125267, 125524, 125609, 125774, 125793, 126043, 126100, 126164, 126291, 126294, 126298, 126488, 126716, 126758, 127016, 127035, 127096, 127112, 127225, 127291, 127456, 127606, 127688, 127816, 127969, 128012, 128035, 128183, 128214, 128250, 128297, 128839, 128957, 128974, 129001, 129044, 129140, 129147, 129359, 129819, 129883, 130416, 130836, 130942, 131123, 131398, 131544, 131980, 132282, 132594, 132615, 132691, 132728, 132801, 132925, 132927, 132954, 133098, 133114]"
c2_degree,Greedy-f2,0.1,10%,0.05,5%,895,17008,1327,1259,68,1386,1314,0.07725776105362182,False,72,16886,"[124, 349, 604, 661, 773, 811, 898, 1366, 1400, 1582, 1898, 1958, 2167, 2240, 2417, 2487, 2535, 2641, 2743, 2855, 2968, 2969, 3003, 3201, 3241, 3377, 3421, 3543, 3584, 3591, 3781, 3824, 4006, 4024, 4159, 4282, 4284, 4291, 4301, 4390, 4532, 4790, 4984, 5050, 5335, 5523, 5541, 5558, 5668, 5674, 5745, 5868, 5904, 6083, 6393, 6529, 6593, 6597, 6996, 7026, 7033, 7205, 7206, 7480, 7593, 7706, 7836, 7980, 7991, 8979, 9208, 9292, 9320, 9334, 9386, 9418, 9442, 9941, 10000, 10172, 10428, 10490, 10564, 10679, 10719, 11176, 11275, 11381, 11477, 11519, 12050, 12164, 12187, 12704, 12927, 12997, 13046, 13121, 13219, 13257, 13652, 13709, 13945, 14063, 14528, 14614, 14783, 15124, 15215, 15483, 16123, 16219, 16250, 16305, 16329, 16360, 16442, 16525, 16773, 16901, 17001, 17045, 17266, 17440, 17447, 17549, 17642, 17866, 17979, 18079, 18092, 18250, 18481, 18553, 18685, 18781, 18876, 19204, 19206, 19575, 19779, 19981, 20297, 20464, 20656, 20685, 20695, 20715, 20762, 20890, 21149, 21192, 21458, 21471, 21542, 21551, 21566, 21728, 22241, 22418, 22531, 23122, 23257, 23258, 23631, 23741, 23749, 24002, 24107, 24139, 24377, 24593, 24702, 24833, 25063, 25108, 25177, 25208, 25351, 25385, 25523, 25697, 26205, 26359, 26477, 26797, 26849, 26897, 26899, 26915, 26994, 27281, 27408, 27470, 27478, 27579, 27728, 27811, 27943, 28027, 28190, 28293, 28918, 28968, 29001, 29083, 29128, 29285, 29430, 29468, 29738, 29798, 29802, 29890, 30129, 30222, 30736, 30738, 30878, 30920, 31077, 31290, 31336, 31362, 31638, 31898, 32051, 32109, 32158, 32269, 32317, 32368, 32410, 32486, 32663, 33351, 33636, 33883, 34200, 34270, 34868, 34869, 34880, 34922, 35363, 35637, 35777, 35955, 35961, 36572, 36688, 36758, 36973, 36975, 37088, 37141, 37519, 37540, 37943, 38343, 38351, 38810, 39385, 39436, 39460, 39746, 39856, 39951, 40108, 40270, 40440, 40607, 40750, 40781, 41170, 41478, 41668, 41676, 41875, 41919, 42068, 42149, 42201, 42453, 42501, 42639, 42685, 42809, 42843, 42920, 43009, 43031, 43449, 43451, 43652, 43731, 44021, 44087, 44237, 44340, 44631, 44948, 45055, 45272, 45595, 46081, 46119, 46160, 46449, 46532, 46556, 46963, 46964, 47331, 47504, 47731, 48014, 48198, 48255, 48444, 48542, 48793, 49019, 49740, 49939, 49997, 50122, 50183, 50247, 50399, 50449, 50815, 51027, 51066, 51236, 51257, 51494, 51554, 51699, 52068, 52100, 52177, 52252, 52314, 52321, 52786, 52949, 52978, 53034, 53214, 53280, 53530, 53588, 53594, 53710, 53911, 54003, 54018, 54029, 54102, 54183, 54450, 55058, 55200, 55384, 55495, 55519, 55644, 55852, 56187, 56237, 56608, 57368, 57463, 58014, 58060, 58170, 58365, 58484, 58707, 58920, 58935, 58955, 59112, 59217, 59367, 59432, 59465, 59594, 59672, 59716, 59802, 60116, 60164, 60219, 60220, 60425, 60612, 60676, 60699, 60808, 60979, 61290, 61359, 61384, 61472, 61750, 61807, 61859, 61898, 62049, 62179, 62201, 62850, 63072, 63173, 63401, 63505, 63709, 63715, 63814, 63924, 63946, 64079, 64081, 64156, 64173, 64592, 64627, 64680, 64743, 65213, 65461, 65497, 65595, 66100, 66245, 66514, 66683, 66733, 66769, 66880, 67585, 67671, 67692, 68446, 68673, 68739, 68748, 68758, 68880, 69047, 69057, 69109, 69303, 69407, 69412, 69428, 69433, 69525, 69595, 69643, 69697, 70074, 70112, 70163, 70479, 70652, 71245, 71301, 71482, 72049, 72157, 72370, 72738, 72747, 72795, 73216, 73319, 73553, 73617, 73904, 74016, 74066, 74279, 74570, 74989, 75049, 75132, 75626, 75911, 76427, 76624, 76643, 76862, 77035, 77252, 77322, 77425, 77757, 77822, 77915, 78476, 78575, 78590, 78627, 78672, 78900, 79035, 79052, 79108, 79156, 79171, 79337, 79379, 79463, 79570, 79756, 80119, 80186, 80374, 80400, 80440, 80534, 80600, 80692, 81357, 81491, 81970, 82195, 82286, 82485, 82561, 82985, 83161, 83488, 83663, 83696, 83797, 84014, 84150, 84662, 84815, 84933, 85040, 85090, 85113, 85607, 85744, 85973, 86314, 86514, 86614, 86697, 86788, 87066, 87079, 87376, 87419, 87422, 87500, 87506, 87591, 87637, 87685, 87944, 88017, 88320, 88379, 88481, 88485, 88496, 88847, 89092, 89194, 89549, 89603, 89652, 89745, 89746, 89857, 90113, 90127, 90128, 90152, 90186, 90269, 90416, 90453, 90625, 90853, 90919, 90981, 91312, 91668, 91685, 91686, 91812, 92012, 92016, 92128, 92150, 92152, 92447, 92559, 93033, 93119, 93174, 93310, 93312, 93404, 93801, 93819, 93889, 94144, 94260, 94517, 94530, 94751, 94866, 94926, 94967, 95569, 95765, 95822, 95855, 96164, 96242, 96431, 96506, 96921, 97026, 97163, 97478, 97595, 97608, 97658, 97726, 97872, 97904, 97922, 97953, 98023, 98024, 98340, 98456, 98571, 98759, 98776, 98926, 98983, 99104, 99193, 99239, 99242, 99432, 99449, 100143, 100354, 100412, 100424, 100425, 100813, 100990, 101066, 101308, 101323, 101326, 101370, 101424, 101437, 101457, 101523, 101556, 101611, 101671, 101682, 101798, 102118, 102364, 102877, 103179, 103208, 103558, 103571, 103749, 104040, 104312, 104322, 104365, 104391, 104682, 104842, 105035, 105196, 105318, 105444, 105467, 105496, 105680, 105798, 105827, 105840, 105912, 106355, 106400, 106637, 106870, 107032, 107124, 107636, 107656, 107658, 107701, 107770, 108211, 108409, 108653, 108754, 108769, 108780, 108874, 109192, 109204, 109270, 109830, 110249, 110259, 110358, 110423, 110455, 110481, 110487, 110577, 110620, 110634, 110635, 110650, 110740, 110756, 110796, 110797, 111600, 111617, 111630, 111655, 111932, 111984, 112075, 112423, 112491, 112509, 112529, 112613, 112632, 112635, 112850, 113245, 113253, 113308, 113446, 113905, 114125, 114128, 114134, 114380, 114535, 114537, 114622, 114715, 114751, 115020, 115421, 115501, 115552, 115556, 115966, 116004, 116128, 116135, 116180, 116194, 116216, 116478, 116784, 116881, 116893, 116915, 116957, 116978, 117097, 117297, 117422, 117690, 117832, 117953, 117971, 117994, 118146, 118170, 119083, 119164, 119180, 119181, 119197, 119757, 119792, 119973, 120051, 120177, 120321, 120437, 120947, 121205, 121611, 121864, 121948, 121968, 122041, 122105, 122753, 122805, 123145, 123487, 123541, 123633, 124094, 124126, 124306, 124323, 124638, 124653, 124924, 124934, 124956, 125190, 125267, 125524, 125609, 125774, 125793, 126043, 126100, 126164, 126291, 126294, 126298, 126488, 126716, 126758, 127016, 127035, 127096, 127112, 127225, 127291, 127456, 127606, 127688, 127816, 127969, 128012, 128035, 128183, 128214, 128250, 128297, 128839, 128957, 128974, 129001, 129044, 129140, 129147, 129359, 129819, 129883, 130416, 130836, 130942, 131123, 131398, 131544, 131980, 132282, 132594, 132615, 132691, 132728, 132801, 132925, 132927, 132954, 133098, 133114]"
c2_degree,Greedy-f3,0.1,10%,0.05,5%,895,17008,2666,2532,134,4157,4021,0.2364181561618062,False,72,16886,"[124, 349, 604, 661, 773, 811, 898, 1366, 1400, 1582, 1898, 1958, 2167, 2240, 2417, 2487, 2535, 2641, 2743, 2855, 2968, 2969, 3003, 3201, 3241, 3377, 3421, 3543, 3584, 3591, 3781, 3824, 4006, 4024, 4159, 4282, 4284, 4291, 4301, 4390, 4532, 4790, 4984, 5050, 5335, 5523, 5541, 5558, 5668, 5674, 5745, 5868, 5904, 6083, 6393, 6529, 6593, 6597, 6996, 7026, 7033, 7205, 7206, 7480, 7593, 7706, 7836, 7980, 7991, 8979, 9208, 9292, 9320, 9334, 9386, 9418, 9442, 9941, 10000, 10172, 10428, 10490, 10564, 10679, 10719, 11176, 11275, 11381, 11477, 11519, 12050, 12164, 12187, 12704, 12927, 12997, 13046, 13121, 13219, 13257, 13652, 13709, 13945, 14063, 14528, 14614, 14783, 15124, 15215, 15483, 16123, 16219, 16250, 16305, 16329, 16360, 16442, 16525, 16773, 16901, 17001, 17045, 17266, 17440, 17447, 17549, 17642, 17866, 17979, 18079, 18092, 18250, 18481, 18553, 18685, 18781, 18876, 19204, 19206, 19575, 19779, 19981, 20297, 20464, 20656, 20685, 20695, 20715, 20762, 20890, 21149, 21192, 21458, 21471, 21542, 21551, 21566, 21728, 22241, 22418, 22531, 23122, 23257, 23258, 23631, 23741, 23749, 24002, 24107, 24139, 24377, 24593, 24702, 24833, 25063, 25108, 25177, 25208, 25351, 25385, 25523, 25697, 26205, 26359, 26477, 26797, 26849, 26897, 26899, 26915, 26994, 27281, 27408, 27470, 27478, 27579, 27728, 27811, 27943, 28027, 28190, 28293, 28918, 28968, 29001, 29083, 29128, 29285, 29430, 29468, 29738, 29798, 29802, 29890, 30129, 30222, 30736, 30738, 30878, 30920, 31077, 31290, 31336, 31362, 31638, 31898, 32051, 32109, 32158, 32269, 32317, 32368, 32410, 32486, 32663, 33351, 33636, 33883, 34200, 34270, 34868, 34869, 34880, 34922, 35363, 35637, 35777, 35955, 35961, 36572, 36688, 36758, 36973, 36975, 37088, 37141, 37519, 37540, 37943, 38343, 38351, 38810, 39385, 39436, 39460, 39746, 39856, 39951, 40108, 40270, 40440, 40607, 40750, 40781, 41170, 41478, 41668, 41676, 41875, 41919, 42068, 42149, 42201, 42453, 42501, 42639, 42685, 42809, 42843, 42920, 43009, 43031, 43449, 43451, 43652, 43731, 44021, 44087, 44237, 44340, 44631, 44948, 45055, 45272, 45595, 46081, 46119, 46160, 46449, 46532, 46556, 46963, 46964, 47331, 47504, 47731, 48014, 48198, 48255, 48444, 48542, 48793, 49019, 49740, 49939, 49997, 50122, 50183, 50247, 50399, 50449, 50815, 51027, 51066, 51236, 51257, 51494, 51554, 51699, 52068, 52100, 52177, 52252, 52314, 52321, 52786, 52949, 52978, 53034, 53214, 53280, 53530, 53588, 53594, 53710, 53911, 54003, 54018, 54029, 54102, 54183, 54450, 55058, 55200, 55384, 55495, 55519, 55644, 55852, 56187, 56237, 56608, 57368, 57463, 58014, 58060, 58170, 58365, 58484, 58707, 58920, 58935, 58955, 59112, 59217, 59367, 59432, 59465, 59594, 59672, 59716, 59802, 60116, 60164, 60219, 60220, 60425, 60612, 60676, 60699, 60808, 60979, 61290, 61359, 61384, 61472, 61750, 61807, 61859, 61898, 62049, 62179, 62201, 62850, 63072, 63173, 63401, 63505, 63709, 63715, 63814, 63924, 63946, 64079, 64081, 64156, 64173, 64592, 64627, 64680, 64743, 65213, 65461, 65497, 65595, 66100, 66245, 66514, 66683, 66733, 66769, 66880, 67585, 67671, 67692, 68446, 68673, 68739, 68748, 68758, 68880, 69047, 69057, 69109, 69303, 69407, 69412, 69428, 69433, 69525, 69595, 69643, 69697, 70074, 70112, 70163, 70479, 70652, 71245, 71301, 71482, 72049, 72157, 72370, 72738, 72747, 72795, 73216, 73319, 73553, 73617, 73904, 74016, 74066, 74279, 74570, 74989, 75049, 75132, 75626, 75911, 76427, 76624, 76643, 76862, 77035, 77252, 77322, 77425, 77757, 77822, 77915, 78476, 78575, 78590, 78627, 78672, 78900, 79035, 79052, 79108, 79156, 79171, 79337, 79379, 79463, 79570, 79756, 80119, 80186, 80374, 80400, 80440, 80534, 80600, 80692, 81357, 81491, 81970, 82195, 82286, 82485, 82561, 82985, 83161, 83488, 83663, 83696, 83797, 84014, 84150, 84662, 84815, 84933, 85040, 85090, 85113, 85607, 85744, 85973, 86314, 86514, 86614, 86697, 86788, 87066, 87079, 87376, 87419, 87422, 87500, 87506, 87591, 87637, 87685, 87944, 88017, 88320, 88379, 88481, 88485, 88496, 88847, 89092, 89194, 89549, 89603, 89652, 89745, 89746, 89857, 90113, 90127, 90128, 90152, 90186, 90269, 90416, 90453, 90625, 90853, 90919, 90981, 91312, 91668, 91685, 91686, 91812, 92012, 92016, 92128, 92150, 92152, 92447, 92559, 93033, 93119, 93174, 93310, 93312, 93404, 93801, 93819, 93889, 94144, 94260, 94517, 94530, 94751, 94866, 94926, 94967, 95569, 95765, 95822, 95855, 96164, 96242, 96431, 96506, 96921, 97026, 97163, 97478, 97595, 97608, 97658, 97726, 97872, 97904, 97922, 97953, 98023, 98024, 98340, 98456, 98571, 98759, 98776, 98926, 98983, 99104, 99193, 99239, 99242, 99432, 99449, 100143, 100354, 100412, 100424, 100425, 100813, 100990, 101066, 101308, 101323, 101326, 101370, 101424, 101437, 101457, 101523, 101556, 101611, 101671, 101682, 101798, 102118, 102364, 102877, 103179, 103208, 103558, 103571, 103749, 104040, 104312, 104322, 104365, 104391, 104682, 104842, 105035, 105196, 105318, 105444, 105467, 105496, 105680, 105798, 105827, 105840, 105912, 106355, 106400, 106637, 106870, 107032, 107124, 107636, 107656, 107658, 107701, 107770, 108211, 108409, 108653, 108754, 108769, 108780, 108874, 109192, 109204, 109270, 109830, 110249, 110259, 110358, 110423, 110455, 110481, 110487, 110577, 110620, 110634, 110635, 110650, 110740, 110756, 110796, 110797, 111600, 111617, 111630, 111655, 111932, 111984, 112075, 112423, 112491, 112509, 112529, 112613, 112632, 112635, 112850, 113245, 113253, 113308, 113446, 113905, 114125, 114128, 114134, 114380, 114535, 114537, 114622, 114715, 114751, 115020, 115421, 115501, 115552, 115556, 115966, 116004, 116128, 116135, 116180, 116194, 116216, 116478, 116784, 116881, 116893, 116915, 116957, 116978, 117097, 117297, 117422, 117690, 117832, 117953, 117971, 117994, 118146, 118170, 119083, 119164, 119180, 119181, 119197, 119757, 119792, 119973, 120051, 120177, 120321, 120437, 120947, 121205, 121611, 121864, 121948, 121968, 122041, 122105, 122753, 122805, 123145, 123487, 123541, 123633, 124094, 124126, 124306, 124323, 124638, 124653, 124924, 124934, 124956, 125190, 125267, 125524, 125609, 125774, 125793, 126043, 126100, 126164, 126291, 126294, 126298, 126488, 126716, 126758, 127016, 127035, 127096, 127112, 127225, 127291, 127456, 127606, 127688, 127816, 127969, 128012, 128035, 128183, 128214, 128250, 128297, 128839, 128957, 128974, 129001, 129044, 129140, 129147, 129359, 129819, 129883, 130416, 130836, 130942, 131123, 131398, 131544, 131980, 132282, 132594, 132615, 132691, 132728, 132801, 132925, 132927, 132954, 133098, 133114]"
c2_degree,WTSS,0.1,10%,0.05,5%,895,17008,3289,3124,165,3822,3648,0.21448730009407338,False,72,16886,"[124, 349, 604, 661, 773, 811, 898, 1366, 1400, 1582, 1898, 1958, 2167, 2240, 2417, 2487, 2535, 2641, 2743, 2855, 2968, 2969, 3003, 3201, 3241, 3377, 3421, 3543, 3584, 3591, 3781, 3824, 4006, 4024, 4159, 4282, 4284, 4291, 4301, 4390, 4532, 4790, 4984, 5050, 5335, 5523, 5541, 5558, 5668, 5674, 5745, 5868, 5904, 6083, 6393, 6529, 6593, 6597, 6996, 7026, 7033, 7205, 7206, 7480, 7593, 7706, 7836, 7980, 7991, 8979, 9208, 9292, 9320, 9334, 9386, 9418, 9442, 9941, 10000, 10172, 10428, 10490, 10564, 10679, 10719, 11176, 11275, 11381, 11477, 11519, 12050, 12164, 12187, 12704, 12927, 12997, 13046, 13121, 13219, 13257, 13652, 13709, 13945, 14063, 14528, 14614, 14783, 15124, 15215, 15483, 16123, 16219, 16250, 16305, 16329, 16360, 16442, 16525, 16773, 16901, 17001, 17045, 17266, 17440, 17447, 17549, 17642, 17866, 17979, 18079, 18092, 18250, 18481, 18553, 18685, 18781, 18876, 19204, 19206, 19575, 19779, 19981, 20297, 20464, 20656, 20685, 20695, 20715, 20762, 20890, 21149, 21192, 21458, 21471, 21542, 21551, 21566, 21728, 22241, 22418, 22531, 23122, 23257, 23258, 23631, 23741, 23749, 24002, 24107, 24139, 24377, 24593, 24702, 24833, 25063, 25108, 25177, 25208, 25351, 25385, 25523, 25697, 26205, 26359, 26477, 26797, 26849, 26897, 26899, 26915, 26994, 27281, 27408, 27470, 27478, 27579, 27728, 27811, 27943, 28027, 28190, 28293, 28918, 28968, 29001, 29083, 29128, 29285, 29430, 29468, 29738, 29798, 29802, 29890, 30129, 30222, 30736, 30738, 30878, 30920, 31077, 31290, 31336, 31362, 31638, 31898, 32051, 32109, 32158, 32269, 32317, 32368, 32410, 32486, 32663, 33351, 33636, 33883, 34200, 34270, 34868, 34869, 34880, 34922, 35363, 35637, 35777, 35955, 35961, 36572, 36688, 36758, 36973, 36975, 37088, 37141, 37519, 37540, 37943, 38343, 38351, 38810, 39385, 39436, 39460, 39746, 39856, 39951, 40108, 40270, 40440, 40607, 40750, 40781, 41170, 41478, 41668, 41676, 41875, 41919, 42068, 42149, 42201, 42453, 42501, 42639, 42685, 42809, 42843, 42920, 43009, 43031, 43449, 43451, 43652, 43731, 44021, 44087, 44237, 44340, 44631, 44948, 45055, 45272, 45595, 46081, 46119, 46160, 46449, 46532, 46556, 46963, 46964, 47331, 47504, 47731, 48014, 48198, 48255, 48444, 48542, 48793, 49019, 49740, 49939, 49997, 50122, 50183, 50247, 50399, 50449, 50815, 51027, 51066, 51236, 51257, 51494, 51554, 51699, 52068, 52100, 52177, 52252, 52314, 52321, 52786, 52949, 52978, 53034, 53214, 53280, 53530, 53588, 53594, 53710, 53911, 54003, 54018, 54029, 54102, 54183, 54450, 55058, 55200, 55384, 55495, 55519, 55644, 55852, 56187, 56237, 56608, 57368, 57463, 58014, 58060, 58170, 58365, 58484, 58707, 58920, 58935, 58955, 59112, 59217, 59367, 59432, 59465, 59594, 59672, 59716, 59802, 60116, 60164, 60219, 60220, 60425, 60612, 60676, 60699, 60808, 60979, 61290, 61359, 61384, 61472, 61750, 61807, 61859, 61898, 62049, 62179, 62201, 62850, 63072, 63173, 63401, 63505, 63709, 63715, 63814, 63924, 63946, 64079, 64081, 64156, 64173, 64592, 64627, 64680, 64743, 65213, 65461, 65497, 65595, 66100, 66245, 66514, 66683, 66733, 66769, 66880, 67585, 67671, 67692, 68446, 68673, 68739, 68748, 68758, 68880, 69047, 69057, 69109, 69303, 69407, 69412, 69428, 69433, 69525, 69595, 69643, 69697, 70074, 70112, 70163, 70479, 70652, 71245, 71301, 71482, 72049, 72157, 72370, 72738, 72747, 72795, 73216, 73319, 73553, 73617, 73904, 74016, 74066, 74279, 74570, 74989, 75049, 75132, 75626, 75911, 76427, 76624, 76643, 76862, 77035, 77252, 77322, 77425, 77757, 77822, 77915, 78476, 78575, 78590, 78627, 78672, 78900, 79035, 79052, 79108, 79156, 79171, 79337, 79379, 79463, 79570, 79756, 80119, 80186, 80374, 80400, 80440, 80534, 80600, 80692, 81357, 81491, 81970, 82195, 82286, 82485, 82561, 82985, 83161, 83488, 83663, 83696, 83797, 84014, 84150, 84662, 84815, 84933, 85040, 85090, 85113, 85607, 85744, 85973, 86314, 86514, 86614, 86697, 86788, 87066, 87079, 87376, 87419, 87422, 87500, 87506, 87591, 87637, 87685, 87944, 88017, 88320, 88379, 88481, 88485, 88496, 88847, 89092, 89194, 89549, 89603, 89652, 89745, 89746, 89857, 90113, 90127, 90128, 90152, 90186, 90269, 90416, 90453, 90625, 90853, 90919, 90981, 91312, 91668, 91685, 91686, 91812, 92012, 92016, 92128, 92150, 92152, 92447, 92559, 93033, 93119, 93174, 93310, 93312, 93404, 93801, 93819, 93889, 94144, 94260, 94517, 94530, 94751, 94866, 94926, 94967, 95569, 95765, 95822, 95855, 96164, 96242, 96431, 96506, 96921, 97026, 97163, 97478, 97595, 97608, 97658, 97726, 97872, 97904, 97922, 97953, 98023, 98024, 98340, 98456, 98571, 98759, 98776, 98926, 98983, 99104, 99193, 99239, 99242, 99432, 99449, 100143, 100354, 100412, 100424, 100425, 100813, 100990, 101066, 101308, 101323, 101326, 101370, 101424, 101437, 101457, 101523, 101556, 101611, 101671, 101682, 101798, 102118, 102364, 102877, 103179, 103208, 103558, 103571, 103749, 104040, 104312, 104322, 104365, 104391, 104682, 104842, 105035, 105196, 105318, 105444, 105467, 105496, 105680, 105798, 105827, 105840, 105912, 106355, 106400, 106637, 106870, 107032, 107124, 107636, 107656, 107658, 107701, 107770, 108211, 108409, 108653, 108754, 108769, 108780, 108874, 109192, 109204, 109270, 109830, 110249, 110259, 110358, 110423, 110455, 110481, 110487, 110577, 110620, 110634, 110635, 110650, 110740, 110756, 110796, 110797, 111600, 111617, 111630, 111655, 111932, 111984, 112075, 112423, 112491, 112509, 112529, 112613, 112632, 112635, 112850, 113245, 113253, 113308, 113446, 113905, 114125, 114128, 114134, 114380, 114535, 114537, 114622, 114715, 114751, 115020, 115421, 115501, 115552, 115556, 115966, 116004, 116128, 116135, 116180, 116194, 116216, 116478, 116784, 116881, 116893, 116915, 116957, 116978, 117097, 117297, 117422, 117690, 117832, 117953, 117971, 117994, 118146, 118170, 119083, 119164, 119180, 119181, 119197, 119757, 119792, 119973, 120051, 120177, 120321, 120437, 120947, 121205, 121611, 121864, 121948, 121968, 122041, 122105, 122753, 122805, 123145, 123487, 123541, 123633, 124094, 124126, 124306, 124323, 124638, 124653, 124924, 124934, 124956, 125190, 125267, 125524, 125609, 125774, 125793, 126043, 126100, 126164, 126291, 126294, 126298, 126488, 126716, 126758, 127016, 127035, 127096, 127112, 127225, 127291, 127456, 127606, 127688, 127816, 127969, 128012, 128035, 128183, 128214, 128250, 128297, 128839, 128957, 128974, 129001, 129044, 129140, 129147, 129359, 129819, 129883, 130416, 130836, 130942, 131123, 131398, 131544, 131980, 132282, 132594, 132615, 132691, 132728, 132801, 132925, 132927, 132954, 133098, 133114]"
c2_degree,My-Seeds,0.1,10%,0.05,5%,895,17008,4236,4034,202,4511,4304,0.2530573847601129,False,72,16886,"[124, 349, 604, 661, 773, 811, 898, 1366, 1400, 1582, 1898, 1958, 2167, 2240, 2417, 2487, 2535, 2641, 2743, 2855, 2968, 2969, 3003, 3201, 3241, 3377, 3421, 3543, 3584, 3591, 3781, 3824, 4006, 4024, 4159, 4282, 4284, 4291, 4301, 4390, 4532, 4790, 4984, 5050, 5335, 5523, 5541, 5558, 5668, 5674, 5745, 5868, 5904, 6083, 6393, 6529, 6593, 6597, 6996, 7026, 7033, 7205, 7206, 7480, 7593, 7706, 7836, 7980, 7991, 8979, 9208, 9292, 9320, 9334, 9386, 9418, 9442, 9941, 10000, 10172, 10428, 10490, 10564, 10679, 10719, 11176, 11275, 11381, 11477, 11519, 12050, 12164, 12187, 12704, 12927, 12997, 13046, 13121, 13219, 13257, 13652, 13709, 13945, 14063, 14528, 14614, 14783, 15124, 15215, 15483, 16123, 16219, 16250, 16305, 16329, 16360, 16442, 16525, 16773, 16901, 17001, 17045, 17266, 17440, 17447, 17549, 17642, 17866, 17979, 18079, 18092, 18250, 18481, 18553, 18685, 18781, 18876, 19204, 19206, 19575, 19779, 19981, 20297, 20464, 20656, 20685, 20695, 20715, 20762, 20890, 21149, 21192, 21458, 21471, 21542, 21551, 21566, 21728, 22241, 22418, 22531, 23122, 23257, 23258, 23631, 23741, 23749, 24002, 24107, 24139, 24377, 24593, 24702, 24833, 25063, 25108, 25177, 25208, 25351, 25385, 25523, 25697, 26205, 26359, 26477, 26797, 26849, 26897, 26899, 26915, 26994, 27281, 27408, 27470, 27478, 27579, 27728, 27811, 27943, 28027, 28190, 28293, 28918, 28968, 29001, 29083, 29128, 29285, 29430, 29468, 29738, 29798, 29802, 29890, 30129, 30222, 30736, 30738, 30878, 30920, 31077, 31290, 31336, 31362, 31638, 31898, 32051, 32109, 32158, 32269, 32317, 32368, 32410, 32486, 32663, 33351, 33636, 33883, 34200, 34270, 34868, 34869, 34880, 34922, 35363, 35637, 35777, 35955, 35961, 36572, 36688, 36758, 36973, 36975, 37088, 37141, 37519, 37540, 37943, 38343, 38351, 38810, 39385, 39436, 39460, 39746, 39856, 39951, 40108, 40270, 40440, 40607, 40750, 40781, 41170, 41478, 41668, 41676, 41875, 41919, 42068, 42149, 42201, 42453, 42501, 42639, 42685, 42809, 42843, 42920, 43009, 43031, 43449, 43451, 43652, 43731, 44021, 44087, 44237, 44340, 44631, 44948, 45055, 45272, 45595, 46081, 46119, 46160, 46449, 46532, 46556, 46963, 46964, 47331, 47504, 47731, 48014, 48198, 48255, 48444, 48542, 48793, 49019, 49740, 49939, 49997, 50122, 50183, 50247, 50399, 50449, 50815, 51027, 51066, 51236, 51257, 51494, 51554, 51699, 52068, 52100, 52177, 52252, 52314, 52321, 52786, 52949, 52978, 53034, 53214, 53280, 53530, 53588, 53594, 53710, 53911, 54003, 54018, 54029, 54102, 54183, 54450, 55058, 55200, 55384, 55495, 55519, 55644, 55852, 56187, 56237, 56608, 57368, 57463, 58014, 58060, 58170, 58365, 58484, 58707, 58920, 58935, 58955, 59112, 59217, 59367, 59432, 59465, 59594, 59672, 59716, 59802, 60116, 60164, 60219, 60220, 60425, 60612, 60676, 60699, 60808, 60979, 61290, 61359, 61384, 61472, 61750, 61807, 61859, 61898, 62049, 62179, 62201, 62850, 63072, 63173, 63401, 63505, 63709, 63715, 63814, 63924, 63946, 64079, 64081, 64156, 64173, 64592, 64627, 64680, 64743, 65213, 65461, 65497, 65595, 66100, 66245, 66514, 66683, 66733, 66769, 66880, 67585, 67671, 67692, 68446, 68673, 68739, 68748, 68758, 68880, 69047, 69057, 69109, 69303, 69407, 69412, 69428, 69433, 69525, 69595, 69643, 69697, 70074, 70112, 70163, 70479, 70652, 71245, 71301, 71482, 72049, 72157, 72370, 72738, 72747, 72795, 73216, 73319, 73553, 73617, 73904, 74016, 74066, 74279, 74570, 74989, 75049, 75132, 75626, 75911, 76427, 76624, 76643, 76862, 77035, 77252, 77322, 77425, 77757, 77822, 77915, 78476, 78575, 78590, 78627, 78672, 78900, 79035, 79052, 79108, 79156, 79171, 79337, 79379, 79463, 79570, 79756, 80119, 80186, 80374, 80400, 80440, 80534, 80600, 80692, 81357, 81491, 81970, 82195, 82286, 82485, 82561, 82985, 83161, 83488, 83663, 83696, 83797, 84014, 84150, 84662, 84815, 84933, 85040, 85090, 85113, 85607, 85744, 85973, 86314, 86514, 86614, 86697, 86788, 87066, 87079, 87376, 87419, 87422, 87500, 87506, 87591, 87637, 87685, 87944, 88017, 88320, 88379, 88481, 88485, 88496, 88847, 89092, 89194, 89549, 89603, 89652, 89745, 89746, 89857, 90113, 90127, 90128, 90152, 90186, 90269, 90416, 90453, 90625, 90853, 90919, 90981, 91312, 91668, 91685, 91686, 91812, 92012, 92016, 92128, 92150, 92152, 92447, 92559, 93033, 93119, 93174, 93310, 93312, 93404, 93801, 93819, 93889, 94144, 94260, 94517, 94530, 94751, 94866, 94926, 94967, 95569, 95765, 95822, 95855, 96164, 96242, 96431, 96506, 96921, 97026, 97163, 97478, 97595, 97608, 97658, 97726, 97872, 97904, 97922, 97953, 98023, 98024, 98340, 98456, 98571, 98759, 98776, 98926, 98983, 99104, 99193, 99239, 99242, 99432, 99449, 100143, 100354, 100412, 100424, 100425, 100813, 100990, 101066, 101308, 101323, 101326, 101370, 101424, 101437, 101457, 101523, 101556, 101611, 101671, 101682, 101798, 102118, 102364, 102877, 103179, 103208, 103558, 103571, 103749, 104040, 104312, 104322, 104365, 104391, 104682, 104842, 105035, 105196, 105318, 105444, 105467, 105496, 105680, 105798, 105827, 105840, 105912, 106355, 106400, 106637, 106870, 107032, 107124, 107636, 107656, 107658, 107701, 107770, 108211, 108409, 108653, 108754, 108769, 108780, 108874, 109192, 109204, 109270, 109830, 110249, 110259, 110358, 110423, 110455, 110481, 110487, 110577, 110620, 110634, 110635, 110650, 110740, 110756, 110796, 110797, 111600, 111617, 111630, 111655, 111932, 111984, 112075, 112423, 112491, 112509, 112529, 112613, 112632, 112635, 112850, 113245, 113253, 113308, 113446, 113905, 114125, 114128, 114134, 114380, 114535, 114537, 114622, 114715, 114751, 115020, 115421, 115501, 115552, 115556, 115966, 116004, 116128, 116135, 116180, 116194, 116216, 116478, 116784, 116881, 116893, 116915, 116957, 116978, 117097, 117297, 117422, 117690, 117832, 117953, 117971, 117994, 118146, 118170, 119083, 119164, 119180, 119181, 119197, 119757, 119792, 119973, 120051, 120177, 120321, 120437, 120947, 121205, 121611, 121864, 121948, 121968, 122041, 122105, 122753, 122805, 123145, 123487, 123541, 123633, 124094, 124126, 124306, 124323, 124638, 124653, 124924, 124934, 124956, 125190, 125267, 125524, 125609, 125774, 125793, 126043, 126100, 126164, 126291, 126294, 126298, 126488, 126716, 126758, 127016, 127035, 127096, 127112, 127225, 127291, 127456, 127606, 127688, 127816, 127969, 128012, 128035, 128183, 128214, 128250, 128297, 128839, 128957, 128974, 129001, 129044, 129140, 129147, 129359, 129819, 129883, 130416, 130836, 130942, 131123, 131398, 131544, 131980, 132282, 132594, 132615, 132691, 132728, 132801, 132925, 132927, 132954, 133098, 133114]"
c1_random,Greedy-f1,0.1,10%,0.1,10%,1790,16113,3696,3341,355,16530,14674,0.9106932290696953,False,158,15827,"[13, 124, 342, 349, 357, 427, 507, 543, 604, 623, 661, 773, 811, 813, 898, 1366, 1400, 1451, 1482, 1516, 1582, 1898, 1958, 2167, 2168, 2211, 2240, 2241, 2330, 2417, 2487, 2535, 2588, 2630, 2641, 2702, 2743, 2796, 2855, 2965, 2968, 2969, 3003, 3047, 3073, 3102, 3201, 3232, 3241, 3377, 3421, 3532, 3543, 3553, 3584, 3591, 3781, 3824, 4006, 4024, 4074, 4075, 4159, 4282, 4284, 4291, 4301, 4311, 4320, 4390, 4419, 4459, 4531, 4532, 4788, 4790, 4892, 4903, 4984, 5050, 5273, 5335, 5516, 5523, 5541, 5558, 5668, 5674, 5710, 5745, 5868, 5904, 6000, 6083, 6393, 6529, 6532, 6548, 6593, 6597, 6655, 6831, 6845, 6976, 6996, 7009, 7026, 7033, 7205, 7206, 7264, 7462, 7480, 7482, 7593, 7706, 7761, 7836, 7980, 7991, 8053, 8143, 8398, 8506, 8554, 8979, 9208, 9220, 9292, 9320, 9334, 9356, 9386, 9389, 9418, 9442, 9617, 9941, 9992, 10000, 10017, 10172, 10191, 10428, 10490, 10564, 10679, 10719, 10726, 10729, 10873, 11038, 11080, 11176, 11275, 11381, 11477, 11478, 11519, 11866, 11963, 12039, 12050, 12069, 12073, 12164, 12187, 12203, 12249, 12448, 12704, 12737, 12758, 12927, 12997, 13045, 13046, 13070, 13084, 13112, 13121, 13219, 13257, 13652, 13709, 13743, 13894, 13945, 14063, 14101, 14528, 14614, 14726, 14783, 14887, 14911, 15016, 15029, 15122, 15124, 15150, 15153, 15161, 15215, 15483, 15765, 15943, 16123, 16219, 16250, 16305, 16312, 16329, 16340, 16360, 16442, 16468, 16525, 16536, 16773, 16783, 16842, 16851, 16901, 16931, 17001, 17045, 17243, 17266, 17380, 17440, 17447, 17515, 17549, 17584, 17603, 17642, 17689, 17863, 17866, 17979, 18079, 18092, 18176, 18250, 18252, 18339, 18354, 18400, 18481, 18553, 18642, 18667, 18685, 18694, 18781, 18876, 19113, 19204, 19206, 19575, 19695, 19772, 19776, 19779, 19981, 20214, 20218, 20297, 20418, 20464, 20656, 20665, 20685, 20695, 20715, 20762, 20842, 20857, 20866, 20890, 21149, 21192, 21333, 21368, 21458, 21471, 21512, 21542, 21551, 21566, 21728, 21768, 22035, 22071, 22241, 22418, 22531, 22560, 22851, 23122, 23257, 23258, 23296, 23317, 23384, 23631, 23741, 23749, 23752, 23819, 23849, 23890, 24002, 24107, 24139, 24377, 24593, 24596, 24702, 24833, 24847, 25061, 25063, 25066, 25108, 25177, 25208, 25346, 25351, 25385, 25509, 25523, 25538, 25588, 25697, 25934, 25995, 26172, 26205, 26299, 26301, 26303, 26324, 26349, 26359, 26477, 26780, 26797, 26849, 26897, 26899, 26915, 26976, 26994, 27233, 27281, 27309, 27327, 27408, 27444, 27470, 27478, 27579, 27653, 27686, 27710, 27728, 27811, 27943, 28027, 28129, 28190, 28235, 28287, 28293, 28334, 28529, 28706, 28797, 28822, 28890, 28918, 28968, 29001, 29083, 29091, 29128, 29186, 29274, 29285, 29302, 29366, 29430, 29468, 29738, 29798, 29802, 29842, 29890, 29959, 30129, 30199, 30222, 30630, 30703, 30735, 30736, 30738, 30828, 30878, 30920, 30951, 31076, 31077, 31103, 31290, 31336, 31362, 31501, 31638, 31644, 31876, 31898, 32046, 32051, 32109, 32158, 32269, 32317, 32325, 32368, 32370, 32372, 32404, 32410, 32486, 32528, 32564, 32595, 32663, 32666, 32672, 33351, 33364, 33509, 33636, 33658, 33659, 33692, 33709, 33851, 33883, 33886, 33932, 34110, 34200, 34270, 34387, 34459, 34478, 34608, 34864, 34868, 34869, 34880, 34922, 35363, 35375, 35377, 35381, 35449, 35637, 35656, 35777, 35930, 35955, 35961, 36026, 36089, 36372, 36455, 36572, 36688, 36758, 36907, 36973, 36975, 37088, 37097, 37141, 37519, 37526, 37540, 37747, 37858, 37943, 38343, 38351, 38685, 38810, 39172, 39218, 39244, 39258, 39378, 39385, 39436, 39460, 39522, 39746, 39794, 39856, 39951, 39955, 39978, 40108, 40270, 40425, 40440, 40495, 40607, 40618, 40750, 40768, 40781, 40797, 41170, 41199, 41304, 41357, 41419, 41434, 41478, 41611, 41668, 41676, 41875, 41919, 42068, 42149, 42201, 42224, 42228, 42300, 42402, 42453, 42487, 42501, 42639, 42685, 42719, 42754, 42809, 42843, 42920, 42923, 43009, 43031, 43098, 43130, 43449, 43451, 43652, 43731, 43891, 44021, 44087, 44091, 44237, 44340, 44434, 44501, 44612, 44631, 44678, 44948, 45034, 45055, 45208, 45272, 45531, 45554, 45595, 45653, 45694, 45982, 46081, 46109, 46119, 46146, 46160, 46229, 46342, 46360, 46415, 46449, 46451, 46532, 46556, 46559, 46600, 46963, 46964, 46985, 47029, 47098, 47271, 47331, 47442, 47504, 47679, 47722, 47731, 47772, 47865, 47882, 47911, 47999, 48014, 48198, 48227, 48255, 48350, 48436, 48442, 48444, 48466, 48498, 48542, 48793, 48878, 48956, 49019, 49034, 49197, 49486, 49740, 49939, 49991, 49997, 50122, 50183, 50247, 50399, 50448, 50449, 50815, 51027, 51066, 51090, 51124, 51236, 51257, 51265, 51363, 51377, 51494, 51517, 51554, 51699, 51709, 52068, 52100, 52177, 52252, 52314, 52321, 52482, 52786, 52949, 52978, 53034, 53084, 53214, 53280, 53530, 53531, 53588, 53594, 53710, 53795, 53911, 54003, 54012, 54018, 54029, 54102, 54183, 54262, 54424, 54450, 54541, 54582, 54771, 54860, 55040, 55058, 55200, 55384, 55494, 55495, 55519, 55644, 55850, 55852, 55960, 56058, 56187, 56221, 56237, 56310, 56608, 56614, 56669, 56774, 56829, 56840, 56945, 57006, 57368, 57463, 57644, 57953, 58014, 58060, 58157, 58170, 58191, 58217, 58278, 58365, 58458, 58484, 58646, 58707, 58920, 58935, 58950, 58955, 59053, 59112, 59189, 59217, 59367, 59432, 59444, 59465, 59489, 59506, 59594, 59672, 59716, 59802, 60056, 60116, 60164, 60219, 60220, 60309, 60337, 60390, 60425, 60612, 60676, 60692, 60699, 60808, 60979, 60980, 61195, 61290, 61343, 61359, 61384, 61395, 61472, 61750, 61805, 61807, 61859, 61898, 62002, 62049, 62179, 62201, 62299, 62398, 62419, 62610, 62650, 62700, 62850, 62859, 62873, 63015, 63057, 63072, 63172, 63173, 63176, 63375, 63401, 63505, 63709, 63715, 63814, 63924, 63946, 64068, 64079, 64081, 64136, 64156, 64173, 64353, 64357, 64374, 64460, 64592, 64627, 64680, 64694, 64743, 64837, 64838, 64946, 65114, 65164, 65213, 65253, 65461, 65497, 65595, 65751, 66033, 66100, 66200, 66205, 66245, 66514, 66525, 66602, 66633, 66683, 66727, 66733, 66767, 66769, 66880, 67127, 67158, 67585, 67671, 67692, 67791, 67862, 67988, 68446, 68455, 68673, 68724, 68739, 68748, 68752, 68758, 68880, 69047, 69057, 69109, 69111, 69228, 69258, 69303, 69407, 69412, 69428, 69433, 69512, 69525, 69595, 69601, 69604, 69643, 69697, 69844, 69877, 69970, 70074, 70112, 70163, 70290, 70336, 70413, 70457, 70479, 70618, 70652, 70669, 70830, 70950, 71240, 71245, 71301, 71440, 71482, 71552, 71650, 71711, 72049, 72157, 72231, 72370, 72650, 72738, 72747, 72795, 72815, 72889, 72941, 73064, 73081, 73205, 73216, 73248, 73319, 73441, 73553, 73617, 73904, 74016, 74064, 74065, 74066, 74095, 74279, 74303, 74570, 74572, 74707, 74834, 74934, 74939, 74989, 75037, 75049, 75132, 75280, 75626, 75665, 75794, 75852, 75911, 76328, 76427, 76531, 76618, 76624, 76643, 76784, 76862, 76929, 76961, 77035, 77179, 77245, 77252, 77283, 77322, 77370, 77415, 77425, 77460, 77757, 77822, 77830, 77915, 78008, 78476, 78575, 78590, 78627, 78672, 78779, 78810, 78900, 79035, 79052, 79108, 79156, 79171, 79337, 79379, 79412, 79463, 79570, 79656, 79747, 79756, 80011, 80095, 80119, 80186, 80374, 80394, 80400, 80433, 80440, 80534, 80600, 80602, 80692, 80804, 80872, 81198, 81353, 81357, 81418, 81455, 81491, 81496, 81530, 81567, 81925, 81970, 82168, 82195, 82243, 82286, 82475, 82485, 82559, 82561, 82623, 82643, 82749, 82947, 82985, 83089, 83091, 83161, 83488, 83518, 83663, 83696, 83797, 83799, 83993, 84014, 84039, 84135, 84150, 84156, 84259, 84456, 84459, 84507, 84513, 84629, 84640, 84662, 84815, 84933, 85040, 85079, 85090, 85107, 85108, 85113, 85193, 85296, 85363, 85399, 85607, 85744, 85832, 85836, 85973, 85993, 86037, 86096, 86314, 86316, 86368, 86514, 86614, 86656, 86697, 86788, 86951, 86963, 87066, 87079, 87264, 87294, 87376, 87419, 87422, 87427, 87500, 87506, 87524, 87591, 87637, 87685, 87944, 88017, 88074, 88076, 88155, 88224, 88320, 88361, 88379, 88481, 88485, 88496, 88583, 88847, 88917, 88950, 89020, 89092, 89162, 89194, 89427, 89483, 89549, 89603, 89652, 89745, 89746, 89838, 89857, 90113, 90127, 90128, 90152, 90186, 90269, 90275, 90416, 90453, 90536, 90625, 90805, 90850, 90853, 90902, 90919, 90981, 91153, 91169, 91287, 91312, 91318, 91459, 91668, 91685, 91686, 91796, 91812, 91923, 92007, 92012, 92016, 92075, 92128, 92132, 92150, 92152, 92447, 92452, 92472, 92477, 92480, 92513, 92538, 92555, 92559, 92790, 92876, 92933, 92960, 93033, 93112, 93119, 93157, 93174, 93275, 93310, 93312, 93364, 93404, 93426, 93505, 93520, 93532, 93561, 93608, 93801, 93819, 93824, 93889, 94140, 94144, 94260, 94397, 94517, 94530, 94531, 94680, 94751, 94864, 94866, 94926, 94967, 95564, 95569, 95611, 95690, 95765, 95822, 95824, 95855, 95937, 96164, 96242, 96430, 96431, 96436, 96463, 96500, 96506, 96778, 96831, 96890, 96921, 96963, 97026, 97163, 97201, 97434, 97444, 97478, 97494, 97595, 97602, 97608, 97658, 97683, 97726, 97872, 97904, 97922, 97930, 97953, 98023, 98024, 98085, 98150, 98216, 98340, 98456, 98463, 98512, 98541, 98571, 98712, 98759, 98776, 98926, 98983, 99104, 99107, 99193, 99239, 99242, 99332, 99432, 99449, 99452, 99466, 99468, 99477, 99500, 99570, 99718, 99883, 100021, 100138, 100143, 100182, 100254, 100267, 100354, 100358, 100412, 100424, 100425, 100461, 100715, 100734, 100794, 100795, 100813, 100821, 100962, 100990, 101066, 101167, 101228, 101229, 101308, 101323, 101324, 101326, 101346, 101370, 101371, 101424, 101437, 101457, 101461, 101523, 101556, 101611, 101671, 101682, 101798, 101942, 102117, 102118, 102345, 102364, 102525, 102617, 102725, 102855, 102877, 103029, 103179, 103208, 103213, 103326, 103429, 103437, 103461, 103558, 103571, 103629, 103674, 103749, 103750, 103796, 103824, 103853, 104000, 104040, 104047, 104107, 104312, 104322, 104365, 104391, 104682, 104803, 104842, 104897, 105017, 105035, 105196, 105318, 105444, 105467, 105496, 105651, 105680, 105688, 105798, 105827, 105840, 105912, 106164, 106353, 106355, 106400, 106414, 106637, 106710, 106870, 106949, 107032, 107037, 107124, 107161, 107162, 107324, 107633, 107636, 107646, 107656, 107658, 107701, 107702, 107770, 107773, 107807, 108126, 108211, 108248, 108406, 108409, 108537, 108545, 108653, 108754, 108769, 108780, 108874, 109009, 109056, 109103, 109153, 109162, 109192, 109204, 109270, 109378, 109515, 109546, 109600, 109748, 109781, 109830, 110006, 110249, 110259, 110341, 110358, 110363, 110370, 110423, 110455, 110481, 110487, 110577, 110620, 110634, 110635, 110650, 110679, 110682, 110711, 110715, 110740, 110756, 110773, 110796, 110797, 110940, 111407, 111563, 111600, 111617, 111630, 111655, 111884, 111932, 111968, 111970, 111984, 112075, 112091, 112097, 112158, 112343, 112363, 112423, 112491, 112509, 112529, 112609, 112613, 112632, 112634, 112635, 112717, 112850, 113245, 113253, 113308, 113401, 113446, 113483, 113774, 113903, 113905, 113916, 114125, 114128, 114134, 114377, 114379, 114380, 114433, 114471, 114535, 114537, 114622, 114715, 114751, 114762, 114789, 114814, 114819, 114850, 115020, 115124, 115142, 115221, 115421, 115501, 115510, 115552, 115556, 115961, 115966, 115980, 116004, 116128, 116135, 116146, 116180, 116194, 116216, 116478, 116514, 116519, 116666, 116742, 116784, 116881, 116893, 116894, 116915, 116957, 116978, 116980, 117019, 117097, 117297, 117422, 117473, 117690, 117831, 117832, 117953, 117971, 117994, 118079, 118143, 118146, 118170, 118326, 118425, 118494, 118743, 118940, 118950, 119032, 119047, 119083, 119097, 119146, 119164, 119180, 119181, 119197, 119198, 119216, 119217, 119364, 119416, 119421, 119518, 119523, 119569, 119591, 119683, 119739, 119757, 119779, 119792, 119847, 119958, 119973, 120021, 120029, 120034, 120051, 120055, 120156, 120177, 120199, 120254, 120321, 120437, 120689, 120748, 120798, 120805, 120947, 120961, 121031, 121118, 121205, 121571, 121611, 121630, 121768, 121864, 121916, 121948, 121959, 121968, 122032, 122041, 122105, 122191, 122308, 122431, 122497, 122518, 122596, 122712, 122741, 122753, 122805, 122899, 122958, 122961, 123034, 123145, 123347, 123477, 123487, 123541, 123633, 123757, 123790, 123800, 123911, 124094, 124126, 124277, 124306, 124323, 124638, 124653, 124689, 124924, 124934, 124956, 125044, 125089, 125190, 125267, 125269, 125318, 125462, 125524, 125609, 125664, 125745, 125774, 125789, 125793, 125913, 125928, 125944, 126043, 126100, 126159, 126164, 126199, 126291, 126294, 126298, 126488, 126716, 126758, 126760, 126986, 127016, 127035, 127096, 127112, 127141, 127225, 127291, 127456, 127606, 127664, 127688, 127746, 127816, 127969, 128012, 128035, 128183, 128214, 128250, 128262, 128297, 128312, 128313, 128403, 128806, 128839, 128893, 128895, 128937, 128957, 128974, 129001, 129044, 129140, 129147, 129359, 129553, 129807, 129819, 129883, 130006, 130091, 130134, 130153, 130234, 130288, 130328, 130416, 130510, 130834, 130836, 130919, 130933, 130942, 131123, 131209, 131217, 131279, 131342, 131371, 131398, 131471, 131544, 131589, 131594, 131647, 131651, 131713, 131835, 131850, 131980, 132282, 132312, 132525, 132594, 132615, 132617, 132691, 132706, 132728, 132766, 132783, 132801, 132804, 132871, 132925, 132927, 132954, 133023, 133066, 133098, 133114, 133117, 133202, 133257, 133276]"
c1_random,Greedy-f2,0.1,10%,0.1,10%,1790,16113,3727,3371,356,16492,14708,0.9128033265065475,False,158,15827,"[13, 124, 342, 349, 357, 427, 507, 543, 604, 623, 661, 773, 811, 813, 898, 1366, 1400, 1451, 1482, 1516, 1582, 1898, 1958, 2167, 2168, 2211, 2240, 2241, 2330, 2417, 2487, 2535, 2588, 2630, 2641, 2702, 2743, 2796, 2855, 2965, 2968, 2969, 3003, 3047, 3073, 3102, 3201, 3232, 3241, 3377, 3421, 3532, 3543, 3553, 3584, 3591, 3781, 3824, 4006, 4024, 4074, 4075, 4159, 4282, 4284, 4291, 4301, 4311, 4320, 4390, 4419, 4459, 4531, 4532, 4788, 4790, 4892, 4903, 4984, 5050, 5273, 5335, 5516, 5523, 5541, 5558, 5668, 5674, 5710, 5745, 5868, 5904, 6000, 6083, 6393, 6529, 6532, 6548, 6593, 6597, 6655, 6831, 6845, 6976, 6996, 7009, 7026, 7033, 7205, 7206, 7264, 7462, 7480, 7482, 7593, 7706, 7761, 7836, 7980, 7991, 8053, 8143, 8398, 8506, 8554, 8979, 9208, 9220, 9292, 9320, 9334, 9356, 9386, 9389, 9418, 9442, 9617, 9941, 9992, 10000, 10017, 10172, 10191, 10428, 10490, 10564, 10679, 10719, 10726, 10729, 10873, 11038, 11080, 11176, 11275, 11381, 11477, 11478, 11519, 11866, 11963, 12039, 12050, 12069, 12073, 12164, 12187, 12203, 12249, 12448, 12704, 12737, 12758, 12927, 12997, 13045, 13046, 13070, 13084, 13112, 13121, 13219, 13257, 13652, 13709, 13743, 13894, 13945, 14063, 14101, 14528, 14614, 14726, 14783, 14887, 14911, 15016, 15029, 15122, 15124, 15150, 15153, 15161, 15215, 15483, 15765, 15943, 16123, 16219, 16250, 16305, 16312, 16329, 16340, 16360, 16442, 16468, 16525, 16536, 16773, 16783, 16842, 16851, 16901, 16931, 17001, 17045, 17243, 17266, 17380, 17440, 17447, 17515, 17549, 17584, 17603, 17642, 17689, 17863, 17866, 17979, 18079, 18092, 18176, 18250, 18252, 18339, 18354, 18400, 18481, 18553, 18642, 18667, 18685, 18694, 18781, 18876, 19113, 19204, 19206, 19575, 19695, 19772, 19776, 19779, 19981, 20214, 20218, 20297, 20418, 20464, 20656, 20665, 20685, 20695, 20715, 20762, 20842, 20857, 20866, 20890, 21149, 21192, 21333, 21368, 21458, 21471, 21512, 21542, 21551, 21566, 21728, 21768, 22035, 22071, 22241, 22418, 22531, 22560, 22851, 23122, 23257, 23258, 23296, 23317, 23384, 23631, 23741, 23749, 23752, 23819, 23849, 23890, 24002, 24107, 24139, 24377, 24593, 24596, 24702, 24833, 24847, 25061, 25063, 25066, 25108, 25177, 25208, 25346, 25351, 25385, 25509, 25523, 25538, 25588, 25697, 25934, 25995, 26172, 26205, 26299, 26301, 26303, 26324, 26349, 26359, 26477, 26780, 26797, 26849, 26897, 26899, 26915, 26976, 26994, 27233, 27281, 27309, 27327, 27408, 27444, 27470, 27478, 27579, 27653, 27686, 27710, 27728, 27811, 27943, 28027, 28129, 28190, 28235, 28287, 28293, 28334, 28529, 28706, 28797, 28822, 28890, 28918, 28968, 29001, 29083, 29091, 29128, 29186, 29274, 29285, 29302, 29366, 29430, 29468, 29738, 29798, 29802, 29842, 29890, 29959, 30129, 30199, 30222, 30630, 30703, 30735, 30736, 30738, 30828, 30878, 30920, 30951, 31076, 31077, 31103, 31290, 31336, 31362, 31501, 31638, 31644, 31876, 31898, 32046, 32051, 32109, 32158, 32269, 32317, 32325, 32368, 32370, 32372, 32404, 32410, 32486, 32528, 32564, 32595, 32663, 32666, 32672, 33351, 33364, 33509, 33636, 33658, 33659, 33692, 33709, 33851, 33883, 33886, 33932, 34110, 34200, 34270, 34387, 34459, 34478, 34608, 34864, 34868, 34869, 34880, 34922, 35363, 35375, 35377, 35381, 35449, 35637, 35656, 35777, 35930, 35955, 35961, 36026, 36089, 36372, 36455, 36572, 36688, 36758, 36907, 36973, 36975, 37088, 37097, 37141, 37519, 37526, 37540, 37747, 37858, 37943, 38343, 38351, 38685, 38810, 39172, 39218, 39244, 39258, 39378, 39385, 39436, 39460, 39522, 39746, 39794, 39856, 39951, 39955, 39978, 40108, 40270, 40425, 40440, 40495, 40607, 40618, 40750, 40768, 40781, 40797, 41170, 41199, 41304, 41357, 41419, 41434, 41478, 41611, 41668, 41676, 41875, 41919, 42068, 42149, 42201, 42224, 42228, 42300, 42402, 42453, 42487, 42501, 42639, 42685, 42719, 42754, 42809, 42843, 42920, 42923, 43009, 43031, 43098, 43130, 43449, 43451, 43652, 43731, 43891, 44021, 44087, 44091, 44237, 44340, 44434, 44501, 44612, 44631, 44678, 44948, 45034, 45055, 45208, 45272, 45531, 45554, 45595, 45653, 45694, 45982, 46081, 46109, 46119, 46146, 46160, 46229, 46342, 46360, 46415, 46449, 46451, 46532, 46556, 46559, 46600, 46963, 46964, 46985, 47029, 47098, 47271, 47331, 47442, 47504, 47679, 47722, 47731, 47772, 47865, 47882, 47911, 47999, 48014, 48198, 48227, 48255, 48350, 48436, 48442, 48444, 48466, 48498, 48542, 48793, 48878, 48956, 49019, 49034, 49197, 49486, 49740, 49939, 49991, 49997, 50122, 50183, 50247, 50399, 50448, 50449, 50815, 51027, 51066, 51090, 51124, 51236, 51257, 51265, 51363, 51377, 51494, 51517, 51554, 51699, 51709, 52068, 52100, 52177, 52252, 52314, 52321, 52482, 52786, 52949, 52978, 53034, 53084, 53214, 53280, 53530, 53531, 53588, 53594, 53710, 53795, 53911, 54003, 54012, 54018, 54029, 54102, 54183, 54262, 54424, 54450, 54541, 54582, 54771, 54860, 55040, 55058, 55200, 55384, 55494, 55495, 55519, 55644, 55850, 55852, 55960, 56058, 56187, 56221, 56237, 56310, 56608, 56614, 56669, 56774, 56829, 56840, 56945, 57006, 57368, 57463, 57644, 57953, 58014, 58060, 58157, 58170, 58191, 58217, 58278, 58365, 58458, 58484, 58646, 58707, 58920, 58935, 58950, 58955, 59053, 59112, 59189, 59217, 59367, 59432, 59444, 59465, 59489, 59506, 59594, 59672, 59716, 59802, 60056, 60116, 60164, 60219, 60220, 60309, 60337, 60390, 60425, 60612, 60676, 60692, 60699, 60808, 60979, 60980, 61195, 61290, 61343, 61359, 61384, 61395, 61472, 61750, 61805, 61807, 61859, 61898, 62002, 62049, 62179, 62201, 62299, 62398, 62419, 62610, 62650, 62700, 62850, 62859, 62873, 63015, 63057, 63072, 63172, 63173, 63176, 63375, 63401, 63505, 63709, 63715, 63814, 63924, 63946, 64068, 64079, 64081, 64136, 64156, 64173, 64353, 64357, 64374, 64460, 64592, 64627, 64680, 64694, 64743, 64837, 64838, 64946, 65114, 65164, 65213, 65253, 65461, 65497, 65595, 65751, 66033, 66100, 66200, 66205, 66245, 66514, 66525, 66602, 66633, 66683, 66727, 66733, 66767, 66769, 66880, 67127, 67158, 67585, 67671, 67692, 67791, 67862, 67988, 68446, 68455, 68673, 68724, 68739, 68748, 68752, 68758, 68880, 69047, 69057, 69109, 69111, 69228, 69258, 69303, 69407, 69412, 69428, 69433, 69512, 69525, 69595, 69601, 69604, 69643, 69697, 69844, 69877, 69970, 70074, 70112, 70163, 70290, 70336, 70413, 70457, 70479, 70618, 70652, 70669, 70830, 70950, 71240, 71245, 71301, 71440, 71482, 71552, 71650, 71711, 72049, 72157, 72231, 72370, 72650, 72738, 72747, 72795, 72815, 72889, 72941, 73064, 73081, 73205, 73216, 73248, 73319, 73441, 73553, 73617, 73904, 74016, 74064, 74065, 74066, 74095, 74279, 74303, 74570, 74572, 74707, 74834, 74934, 74939, 74989, 75037, 75049, 75132, 75280, 75626, 75665, 75794, 75852, 75911, 76328, 76427, 76531, 76618, 76624, 76643, 76784, 76862, 76929, 76961, 77035, 77179, 77245, 77252, 77283, 77322, 77370, 77415, 77425, 77460, 77757, 77822, 77830, 77915, 78008, 78476, 78575, 78590, 78627, 78672, 78779, 78810, 78900, 79035, 79052, 79108, 79156, 79171, 79337, 79379, 79412, 79463, 79570, 79656, 79747, 79756, 80011, 80095, 80119, 80186, 80374, 80394, 80400, 80433, 80440, 80534, 80600, 80602, 80692, 80804, 80872, 81198, 81353, 81357, 81418, 81455, 81491, 81496, 81530, 81567, 81925, 81970, 82168, 82195, 82243, 82286, 82475, 82485, 82559, 82561, 82623, 82643, 82749, 82947, 82985, 83089, 83091, 83161, 83488, 83518, 83663, 83696, 83797, 83799, 83993, 84014, 84039, 84135, 84150, 84156, 84259, 84456, 84459, 84507, 84513, 84629, 84640, 84662, 84815, 84933, 85040, 85079, 85090, 85107, 85108, 85113, 85193, 85296, 85363, 85399, 85607, 85744, 85832, 85836, 85973, 85993, 86037, 86096, 86314, 86316, 86368, 86514, 86614, 86656, 86697, 86788, 86951, 86963, 87066, 87079, 87264, 87294, 87376, 87419, 87422, 87427, 87500, 87506, 87524, 87591, 87637, 87685, 87944, 88017, 88074, 88076, 88155, 88224, 88320, 88361, 88379, 88481, 88485, 88496, 88583, 88847, 88917, 88950, 89020, 89092, 89162, 89194, 89427, 89483, 89549, 89603, 89652, 89745, 89746, 89838, 89857, 90113, 90127, 90128, 90152, 90186, 90269, 90275, 90416, 90453, 90536, 90625, 90805, 90850, 90853, 90902, 90919, 90981, 91153, 91169, 91287, 91312, 91318, 91459, 91668, 91685, 91686, 91796, 91812, 91923, 92007, 92012, 92016, 92075, 92128, 92132, 92150, 92152, 92447, 92452, 92472, 92477, 92480, 92513, 92538, 92555, 92559, 92790, 92876, 92933, 92960, 93033, 93112, 93119, 93157, 93174, 93275, 93310, 93312, 93364, 93404, 93426, 93505, 93520, 93532, 93561, 93608, 93801, 93819, 93824, 93889, 94140, 94144, 94260, 94397, 94517, 94530, 94531, 94680, 94751, 94864, 94866, 94926, 94967, 95564, 95569, 95611, 95690, 95765, 95822, 95824, 95855, 95937, 96164, 96242, 96430, 96431, 96436, 96463, 96500, 96506, 96778, 96831, 96890, 96921, 96963, 97026, 97163, 97201, 97434, 97444, 97478, 97494, 97595, 97602, 97608, 97658, 97683, 97726, 97872, 97904, 97922, 97930, 97953, 98023, 98024, 98085, 98150, 98216, 98340, 98456, 98463, 98512, 98541, 98571, 98712, 98759, 98776, 98926, 98983, 99104, 99107, 99193, 99239, 99242, 99332, 99432, 99449, 99452, 99466, 99468, 99477, 99500, 99570, 99718, 99883, 100021, 100138, 100143, 100182, 100254, 100267, 100354, 100358, 100412, 100424, 100425, 100461, 100715, 100734, 100794, 100795, 100813, 100821, 100962, 100990, 101066, 101167, 101228, 101229, 101308, 101323, 101324, 101326, 101346, 101370, 101371, 101424, 101437, 101457, 101461, 101523, 101556, 101611, 101671, 101682, 101798, 101942, 102117, 102118, 102345, 102364, 102525, 102617, 102725, 102855, 102877, 103029, 103179, 103208, 103213, 103326, 103429, 103437, 103461, 103558, 103571, 103629, 103674, 103749, 103750, 103796, 103824, 103853, 104000, 104040, 104047, 104107, 104312, 104322, 104365, 104391, 104682, 104803, 104842, 104897, 105017, 105035, 105196, 105318, 105444, 105467, 105496, 105651, 105680, 105688, 105798, 105827, 105840, 105912, 106164, 106353, 106355, 106400, 106414, 106637, 106710, 106870, 106949, 107032, 107037, 107124, 107161, 107162, 107324, 107633, 107636, 107646, 107656, 107658, 107701, 107702, 107770, 107773, 107807, 108126, 108211, 108248, 108406, 108409, 108537, 108545, 108653, 108754, 108769, 108780, 108874, 109009, 109056, 109103, 109153, 109162, 109192, 109204, 109270, 109378, 109515, 109546, 109600, 109748, 109781, 109830, 110006, 110249, 110259, 110341, 110358, 110363, 110370, 110423, 110455, 110481, 110487, 110577, 110620, 110634, 110635, 110650, 110679, 110682, 110711, 110715, 110740, 110756, 110773, 110796, 110797, 110940, 111407, 111563, 111600, 111617, 111630, 111655, 111884, 111932, 111968, 111970, 111984, 112075, 112091, 112097, 112158, 112343, 112363, 112423, 112491, 112509, 112529, 112609, 112613, 112632, 112634, 112635, 112717, 112850, 113245, 113253, 113308, 113401, 113446, 113483, 113774, 113903, 113905, 113916, 114125, 114128, 114134, 114377, 114379, 114380, 114433, 114471, 114535, 114537, 114622, 114715, 114751, 114762, 114789, 114814, 114819, 114850, 115020, 115124, 115142, 115221, 115421, 115501, 115510, 115552, 115556, 115961, 115966, 115980, 116004, 116128, 116135, 116146, 116180, 116194, 116216, 116478, 116514, 116519, 116666, 116742, 116784, 116881, 116893, 116894, 116915, 116957, 116978, 116980, 117019, 117097, 117297, 117422, 117473, 117690, 117831, 117832, 117953, 117971, 117994, 118079, 118143, 118146, 118170, 118326, 118425, 118494, 118743, 118940, 118950, 119032, 119047, 119083, 119097, 119146, 119164, 119180, 119181, 119197, 119198, 119216, 119217, 119364, 119416, 119421, 119518, 119523, 119569, 119591, 119683, 119739, 119757, 119779, 119792, 119847, 119958, 119973, 120021, 120029, 120034, 120051, 120055, 120156, 120177, 120199, 120254, 120321, 120437, 120689, 120748, 120798, 120805, 120947, 120961, 121031, 121118, 121205, 121571, 121611, 121630, 121768, 121864, 121916, 121948, 121959, 121968, 122032, 122041, 122105, 122191, 122308, 122431, 122497, 122518, 122596, 122712, 122741, 122753, 122805, 122899, 122958, 122961, 123034, 123145, 123347, 123477, 123487, 123541, 123633, 123757, 123790, 123800, 123911, 124094, 124126, 124277, 124306, 124323, 124638, 124653, 124689, 124924, 124934, 124956, 125044, 125089, 125190, 125267, 125269, 125318, 125462, 125524, 125609, 125664, 125745, 125774, 125789, 125793, 125913, 125928, 125944, 126043, 126100, 126159, 126164, 126199, 126291, 126294, 126298, 126488, 126716, 126758, 126760, 126986, 127016, 127035, 127096, 127112, 127141, 127225, 127291, 127456, 127606, 127664, 127688, 127746, 127816, 127969, 128012, 128035, 128183, 128214, 128250, 128262, 128297, 128312, 128313, 128403, 128806, 128839, 128893, 128895, 128937, 128957, 128974, 129001, 129044, 129140, 129147, 129359, 129553, 129807, 129819, 129883, 130006, 130091, 130134, 130153, 130234, 130288, 130328, 130416, 130510, 130834, 130836, 130919, 130933, 130942, 131123, 131209, 131217, 131279, 131342, 131371, 131398, 131471, 131544, 131589, 131594, 131647, 131651, 131713, 131835, 131850, 131980, 132282, 132312, 132525, 132594, 132615, 132617, 132691, 132706, 132728, 132766, 132783, 132801, 132804, 132871, 132925, 132927, 132954, 133023, 133066, 133098, 133114, 133117, 133202, 133257, 133276]"
c1_random,Greedy-f3,0.1,10%,0.1,10%,1790,16113,3806,3441,365,17009,15094,0.9367591385837523,False,158,15827,"[13, 124, 342, 349, 357, 427, 507, 543, 604, 623, 661, 773, 811, 813, 898, 1366, 1400, 1451, 1482, 1516, 1582, 1898, 1958, 2167, 2168, 2211, 2240, 2241, 2330, 2417, 2487, 2535, 2588, 2630, 2641, 2702, 2743, 2796, 2855, 2965, 2968, 2969, 3003, 3047, 3073, 3102, 3201, 3232, 3241, 3377, 3421, 3532, 3543, 3553, 3584, 3591, 3781, 3824, 4006, 4024, 4074, 4075, 4159, 4282, 4284, 4291, 4301, 4311, 4320, 4390, 4419, 4459, 4531, 4532, 4788, 4790, 4892, 4903, 4984, 5050, 5273, 5335, 5516, 5523, 5541, 5558, 5668, 5674, 5710, 5745, 5868, 5904, 6000, 6083, 6393, 6529, 6532, 6548, 6593, 6597, 6655, 6831, 6845, 6976, 6996, 7009, 7026, 7033, 7205, 7206, 7264, 7462, 7480, 7482, 7593, 7706, 7761, 7836, 7980, 7991, 8053, 8143, 8398, 8506, 8554, 8979, 9208, 9220, 9292, 9320, 9334, 9356, 9386, 9389, 9418, 9442, 9617, 9941, 9992, 10000, 10017, 10172, 10191, 10428, 10490, 10564, 10679, 10719, 10726, 10729, 10873, 11038, 11080, 11176, 11275, 11381, 11477, 11478, 11519, 11866, 11963, 12039, 12050, 12069, 12073, 12164, 12187, 12203, 12249, 12448, 12704, 12737, 12758, 12927, 12997, 13045, 13046, 13070, 13084, 13112, 13121, 13219, 13257, 13652, 13709, 13743, 13894, 13945, 14063, 14101, 14528, 14614, 14726, 14783, 14887, 14911, 15016, 15029, 15122, 15124, 15150, 15153, 15161, 15215, 15483, 15765, 15943, 16123, 16219, 16250, 16305, 16312, 16329, 16340, 16360, 16442, 16468, 16525, 16536, 16773, 16783, 16842, 16851, 16901, 16931, 17001, 17045, 17243, 17266, 17380, 17440, 17447, 17515, 17549, 17584, 17603, 17642, 17689, 17863, 17866, 17979, 18079, 18092, 18176, 18250, 18252, 18339, 18354, 18400, 18481, 18553, 18642, 18667, 18685, 18694, 18781, 18876, 19113, 19204, 19206, 19575, 19695, 19772, 19776, 19779, 19981, 20214, 20218, 20297, 20418, 20464, 20656, 20665, 20685, 20695, 20715, 20762, 20842, 20857, 20866, 20890, 21149, 21192, 21333, 21368, 21458, 21471, 21512, 21542, 21551, 21566, 21728, 21768, 22035, 22071, 22241, 22418, 22531, 22560, 22851, 23122, 23257, 23258, 23296, 23317, 23384, 23631, 23741, 23749, 23752, 23819, 23849, 23890, 24002, 24107, 24139, 24377, 24593, 24596, 24702, 24833, 24847, 25061, 25063, 25066, 25108, 25177, 25208, 25346, 25351, 25385, 25509, 25523, 25538, 25588, 25697, 25934, 25995, 26172, 26205, 26299, 26301, 26303, 26324, 26349, 26359, 26477, 26780, 26797, 26849, 26897, 26899, 26915, 26976, 26994, 27233, 27281, 27309, 27327, 27408, 27444, 27470, 27478, 27579, 27653, 27686, 27710, 27728, 27811, 27943, 28027, 28129, 28190, 28235, 28287, 28293, 28334, 28529, 28706, 28797, 28822, 28890, 28918, 28968, 29001, 29083, 29091, 29128, 29186, 29274, 29285, 29302, 29366, 29430, 29468, 29738, 29798, 29802, 29842, 29890, 29959, 30129, 30199, 30222, 30630, 30703, 30735, 30736, 30738, 30828, 30878, 30920, 30951, 31076, 31077, 31103, 31290, 31336, 31362, 31501, 31638, 31644, 31876, 31898, 32046, 32051, 32109, 32158, 32269, 32317, 32325, 32368, 32370, 32372, 32404, 32410, 32486, 32528, 32564, 32595, 32663, 32666, 32672, 33351, 33364, 33509, 33636, 33658, 33659, 33692, 33709, 33851, 33883, 33886, 33932, 34110, 34200, 34270, 34387, 34459, 34478, 34608, 34864, 34868, 34869, 34880, 34922, 35363, 35375, 35377, 35381, 35449, 35637, 35656, 35777, 35930, 35955, 35961, 36026, 36089, 36372, 36455, 36572, 36688, 36758, 36907, 36973, 36975, 37088, 37097, 37141, 37519, 37526, 37540, 37747, 37858, 37943, 38343, 38351, 38685, 38810, 39172, 39218, 39244, 39258, 39378, 39385, 39436, 39460, 39522, 39746, 39794, 39856, 39951, 39955, 39978, 40108, 40270, 40425, 40440, 40495, 40607, 40618, 40750, 40768, 40781, 40797, 41170, 41199, 41304, 41357, 41419, 41434, 41478, 41611, 41668, 41676, 41875, 41919, 42068, 42149, 42201, 42224, 42228, 42300, 42402, 42453, 42487, 42501, 42639, 42685, 42719, 42754, 42809, 42843, 42920, 42923, 43009, 43031, 43098, 43130, 43449, 43451, 43652, 43731, 43891, 44021, 44087, 44091, 44237, 44340, 44434, 44501, 44612, 44631, 44678, 44948, 45034, 45055, 45208, 45272, 45531, 45554, 45595, 45653, 45694, 45982, 46081, 46109, 46119, 46146, 46160, 46229, 46342, 46360, 46415, 46449, 46451, 46532, 46556, 46559, 46600, 46963, 46964, 46985, 47029, 47098, 47271, 47331, 47442, 47504, 47679, 47722, 47731, 47772, 47865, 47882, 47911, 47999, 48014, 48198, 48227, 48255, 48350, 48436, 48442, 48444, 48466, 48498, 48542, 48793, 48878, 48956, 49019, 49034, 49197, 49486, 49740, 49939, 49991, 49997, 50122, 50183, 50247, 50399, 50448, 50449, 50815, 51027, 51066, 51090, 51124, 51236, 51257, 51265, 51363, 51377, 51494, 51517, 51554, 51699, 51709, 52068, 52100, 52177, 52252, 52314, 52321, 52482, 52786, 52949, 52978, 53034, 53084, 53214, 53280, 53530, 53531, 53588, 53594, 53710, 53795, 53911, 54003, 54012, 54018, 54029, 54102, 54183, 54262, 54424, 54450, 54541, 54582, 54771, 54860, 55040, 55058, 55200, 55384, 55494, 55495, 55519, 55644, 55850, 55852, 55960, 56058, 56187, 56221, 56237, 56310, 56608, 56614, 56669, 56774, 56829, 56840, 56945, 57006, 57368, 57463, 57644, 57953, 58014, 58060, 58157, 58170, 58191, 58217, 58278, 58365, 58458, 58484, 58646, 58707, 58920, 58935, 58950, 58955, 59053, 59112, 59189, 59217, 59367, 59432, 59444, 59465, 59489, 59506, 59594, 59672, 59716, 59802, 60056, 60116, 60164, 60219, 60220, 60309, 60337, 60390, 60425, 60612, 60676, 60692, 60699, 60808, 60979, 60980, 61195, 61290, 61343, 61359, 61384, 61395, 61472, 61750, 61805, 61807, 61859, 61898, 62002, 62049, 62179, 62201, 62299, 62398, 62419, 62610, 62650, 62700, 62850, 62859, 62873, 63015, 63057, 63072, 63172, 63173, 63176, 63375, 63401, 63505, 63709, 63715, 63814, 63924, 63946, 64068, 64079, 64081, 64136, 64156, 64173, 64353, 64357, 64374, 64460, 64592, 64627, 64680, 64694, 64743, 64837, 64838, 64946, 65114, 65164, 65213, 65253, 65461, 65497, 65595, 65751, 66033, 66100, 66200, 66205, 66245, 66514, 66525, 66602, 66633, 66683, 66727, 66733, 66767, 66769, 66880, 67127, 67158, 67585, 67671, 67692, 67791, 67862, 67988, 68446, 68455, 68673, 68724, 68739, 68748, 68752, 68758, 68880, 69047, 69057, 69109, 69111, 69228, 69258, 69303, 69407, 69412, 69428, 69433, 69512, 69525, 69595, 69601, 69604, 69643, 69697, 69844, 69877, 69970, 70074, 70112, 70163, 70290, 70336, 70413, 70457, 70479, 70618, 70652, 70669, 70830, 70950, 71240, 71245, 71301, 71440, 71482, 71552, 71650, 71711, 72049, 72157, 72231, 72370, 72650, 72738, 72747, 72795, 72815, 72889, 72941, 73064, 73081, 73205, 73216, 73248, 73319, 73441, 73553, 73617, 73904, 74016, 74064, 74065, 74066, 74095, 74279, 74303, 74570, 74572, 74707, 74834, 74934, 74939, 74989, 75037, 75049, 75132, 75280, 75626, 75665, 75794, 75852, 75911, 76328, 76427, 76531, 76618, 76624, 76643, 76784, 76862, 76929, 76961, 77035, 77179, 77245, 77252, 77283, 77322, 77370, 77415, 77425, 77460, 77757, 77822, 77830, 77915, 78008, 78476, 78575, 78590, 78627, 78672, 78779, 78810, 78900, 79035, 79052, 79108, 79156, 79171, 79337, 79379, 79412, 79463, 79570, 79656, 79747, 79756, 80011, 80095, 80119, 80186, 80374, 80394, 80400, 80433, 80440, 80534, 80600, 80602, 80692, 80804, 80872, 81198, 81353, 81357, 81418, 81455, 81491, 81496, 81530, 81567, 81925, 81970, 82168, 82195, 82243, 82286, 82475, 82485, 82559, 82561, 82623, 82643, 82749, 82947, 82985, 83089, 83091, 83161, 83488, 83518, 83663, 83696, 83797, 83799, 83993, 84014, 84039, 84135, 84150, 84156, 84259, 84456, 84459, 84507, 84513, 84629, 84640, 84662, 84815, 84933, 85040, 85079, 85090, 85107, 85108, 85113, 85193, 85296, 85363, 85399, 85607, 85744, 85832, 85836, 85973, 85993, 86037, 86096, 86314, 86316, 86368, 86514, 86614, 86656, 86697, 86788, 86951, 86963, 87066, 87079, 87264, 87294, 87376, 87419, 87422, 87427, 87500, 87506, 87524, 87591, 87637, 87685, 87944, 88017, 88074, 88076, 88155, 88224, 88320, 88361, 88379, 88481, 88485, 88496, 88583, 88847, 88917, 88950, 89020, 89092, 89162, 89194, 89427, 89483, 89549, 89603, 89652, 89745, 89746, 89838, 89857, 90113, 90127, 90128, 90152, 90186, 90269, 90275, 90416, 90453, 90536, 90625, 90805, 90850, 90853, 90902, 90919, 90981, 91153, 91169, 91287, 91312, 91318, 91459, 91668, 91685, 91686, 91796, 91812, 91923, 92007, 92012, 92016, 92075, 92128, 92132, 92150, 92152, 92447, 92452, 92472, 92477, 92480, 92513, 92538, 92555, 92559, 92790, 92876, 92933, 92960, 93033, 93112, 93119, 93157, 93174, 93275, 93310, 93312, 93364, 93404, 93426, 93505, 93520, 93532, 93561, 93608, 93801, 93819, 93824, 93889, 94140, 94144, 94260, 94397, 94517, 94530, 94531, 94680, 94751, 94864, 94866, 94926, 94967, 95564, 95569, 95611, 95690, 95765, 95822, 95824, 95855, 95937, 96164, 96242, 96430, 96431, 96436, 96463, 96500, 96506, 96778, 96831, 96890, 96921, 96963, 97026, 97163, 97201, 97434, 97444, 97478, 97494, 97595, 97602, 97608, 97658, 97683, 97726, 97872, 97904, 97922, 97930, 97953, 98023, 98024, 98085, 98150, 98216, 98340, 98456, 98463, 98512, 98541, 98571, 98712, 98759, 98776, 98926, 98983, 99104, 99107, 99193, 99239, 99242, 99332, 99432, 99449, 99452, 99466, 99468, 99477, 99500, 99570, 99718, 99883, 100021, 100138, 100143, 100182, 100254, 100267, 100354, 100358, 100412, 100424, 100425, 100461, 100715, 100734, 100794, 100795, 100813, 100821, 100962, 100990, 101066, 101167, 101228, 101229, 101308, 101323, 101324, 101326, 101346, 101370, 101371, 101424, 101437, 101457, 101461, 101523, 101556, 101611, 101671, 101682, 101798, 101942, 102117, 102118, 102345, 102364, 102525, 102617, 102725, 102855, 102877, 103029, 103179, 103208, 103213, 103326, 103429, 103437, 103461, 103558, 103571, 103629, 103674, 103749, 103750, 103796, 103824, 103853, 104000, 104040, 104047, 104107, 104312, 104322, 104365, 104391, 104682, 104803, 104842, 104897, 105017, 105035, 105196, 105318, 105444, 105467, 105496, 105651, 105680, 105688, 105798, 105827, 105840, 105912, 106164, 106353, 106355, 106400, 106414, 106637, 106710, 106870, 106949, 107032, 107037, 107124, 107161, 107162, 107324, 107633, 107636, 107646, 107656, 107658, 107701, 107702, 107770, 107773, 107807, 108126, 108211, 108248, 108406, 108409, 108537, 108545, 108653, 108754, 108769, 108780, 108874, 109009, 109056, 109103, 109153, 109162, 109192, 109204, 109270, 109378, 109515, 109546, 109600, 109748, 109781, 109830, 110006, 110249, 110259, 110341, 110358, 110363, 110370, 110423, 110455, 110481, 110487, 110577, 110620, 110634, 110635, 110650, 110679, 110682, 110711, 110715, 110740, 110756, 110773, 110796, 110797, 110940, 111407, 111563, 111600, 111617, 111630, 111655, 111884, 111932, 111968, 111970, 111984, 112075, 112091, 112097, 112158, 112343, 112363, 112423, 112491, 112509, 112529, 112609, 112613, 112632, 112634, 112635, 112717, 112850, 113245, 113253, 113308, 113401, 113446, 113483, 113774, 113903, 113905, 113916, 114125, 114128, 114134, 114377, 114379, 114380, 114433, 114471, 114535, 114537, 114622, 114715, 114751, 114762, 114789, 114814, 114819, 114850, 115020, 115124, 115142, 115221, 115421, 115501, 115510, 115552, 115556, 115961, 115966, 115980, 116004, 116128, 116135, 116146, 116180, 116194, 116216, 116478, 116514, 116519, 116666, 116742, 116784, 116881, 116893, 116894, 116915, 116957, 116978, 116980, 117019, 117097, 117297, 117422, 117473, 117690, 117831, 117832, 117953, 117971, 117994, 118079, 118143, 118146, 118170, 118326, 118425, 118494, 118743, 118940, 118950, 119032, 119047, 119083, 119097, 119146, 119164, 119180, 119181, 119197, 119198, 119216, 119217, 119364, 119416, 119421, 119518, 119523, 119569, 119591, 119683, 119739, 119757, 119779, 119792, 119847, 119958, 119973, 120021, 120029, 120034, 120051, 120055, 120156, 120177, 120199, 120254, 120321, 120437, 120689, 120748, 120798, 120805, 120947, 120961, 121031, 121118, 121205, 121571, 121611, 121630, 121768, 121864, 121916, 121948, 121959, 121968, 122032, 122041, 122105, 122191, 122308, 122431, 122497, 122518, 122596, 122712, 122741, 122753, 122805, 122899, 122958, 122961, 123034, 123145, 123347, 123477, 123487, 123541, 123633, 123757, 123790, 123800, 123911, 124094, 124126, 124277, 124306, 124323, 124638, 124653, 124689, 124924, 124934, 124956, 125044, 125089, 125190, 125267, 125269, 125318, 125462, 125524, 125609, 125664, 125745, 125774, 125789, 125793, 125913, 125928, 125944, 126043, 126100, 126159, 126164, 126199, 126291, 126294, 126298, 126488, 126716, 126758, 126760, 126986, 127016, 127035, 127096, 127112, 127141, 127225, 127291, 127456, 127606, 127664, 127688, 127746, 127816, 127969, 128012, 128035, 128183, 128214, 128250, 128262, 128297, 128312, 128313, 128403, 128806, 128839, 128893, 128895, 128937, 128957, 128974, 129001, 129044, 129140, 129147, 129359, 129553, 129807, 129819, 129883, 130006, 130091, 130134, 130153, 130234, 130288, 130328, 130416, 130510, 130834, 130836, 130919, 130933, 130942, 131123, 131209, 131217, 131279, 131342, 131371, 131398, 131471, 131544, 131589, 131594, 131647, 131651, 131713, 131835, 131850, 131980, 132282, 132312, 132525, 132594, 132615, 132617, 132691, 132706, 132728, 132766, 132783, 132801, 132804, 132871, 132925, 132927, 132954, 133023, 133066, 133098, 133114, 133117, 133202, 133257, 133276]"
c1_random,WTSS,0.1,10%,0.1,10%,1790,16113,3264,2927,337,17903,15827,0.9822503568547136,False,158,15827,"[13, 124, 342, 349, 357, 427, 507, 543, 604, 623, 661, 773, 811, 813, 898, 1366, 1400, 1451, 1482, 1516, 1582, 1898, 1958, 2167, 2168, 2211, 2240, 2241, 2330, 2417, 2487, 2535, 2588, 2630, 2641, 2702, 2743, 2796, 2855, 2965, 2968, 2969, 3003, 3047, 3073, 3102, 3201, 3232, 3241, 3377, 3421, 3532, 3543, 3553, 3584, 3591, 3781, 3824, 4006, 4024, 4074, 4075, 4159, 4282, 4284, 4291, 4301, 4311, 4320, 4390, 4419, 4459, 4531, 4532, 4788, 4790, 4892, 4903, 4984, 5050, 5273, 5335, 5516, 5523, 5541, 5558, 5668, 5674, 5710, 5745, 5868, 5904, 6000, 6083, 6393, 6529, 6532, 6548, 6593, 6597, 6655, 6831, 6845, 6976, 6996, 7009, 7026, 7033, 7205, 7206, 7264, 7462, 7480, 7482, 7593, 7706, 7761, 7836, 7980, 7991, 8053, 8143, 8398, 8506, 8554, 8979, 9208, 9220, 9292, 9320, 9334, 9356, 9386, 9389, 9418, 9442, 9617, 9941, 9992, 10000, 10017, 10172, 10191, 10428, 10490, 10564, 10679, 10719, 10726, 10729, 10873, 11038, 11080, 11176, 11275, 11381, 11477, 11478, 11519, 11866, 11963, 12039, 12050, 12069, 12073, 12164, 12187, 12203, 12249, 12448, 12704, 12737, 12758, 12927, 12997, 13045, 13046, 13070, 13084, 13112, 13121, 13219, 13257, 13652, 13709, 13743, 13894, 13945, 14063, 14101, 14528, 14614, 14726, 14783, 14887, 14911, 15016, 15029, 15122, 15124, 15150, 15153, 15161, 15215, 15483, 15765, 15943, 16123, 16219, 16250, 16305, 16312, 16329, 16340, 16360, 16442, 16468, 16525, 16536, 16773, 16783, 16842, 16851, 16901, 16931, 17001, 17045, 17243, 17266, 17380, 17440, 17447, 17515, 17549, 17584, 17603, 17642, 17689, 17863, 17866, 17979, 18079, 18092, 18176, 18250, 18252, 18339, 18354, 18400, 18481, 18553, 18642, 18667, 18685, 18694, 18781, 18876, 19113, 19204, 19206, 19575, 19695, 19772, 19776, 19779, 19981, 20214, 20218, 20297, 20418, 20464, 20656, 20665, 20685, 20695, 20715, 20762, 20842, 20857, 20866, 20890, 21149, 21192, 21333, 21368, 21458, 21471, 21512, 21542, 21551, 21566, 21728, 21768, 22035, 22071, 22241, 22418, 22531, 22560, 22851, 23122, 23257, 23258, 23296, 23317, 23384, 23631, 23741, 23749, 23752, 23819, 23849, 23890, 24002, 24107, 24139, 24377, 24593, 24596, 24702, 24833, 24847, 25061, 25063, 25066, 25108, 25177, 25208, 25346, 25351, 25385, 25509, 25523, 25538, 25588, 25697, 25934, 25995, 26172, 26205, 26299, 26301, 26303, 26324, 26349, 26359, 26477, 26780, 26797, 26849, 26897, 26899, 26915, 26976, 26994, 27233, 27281, 27309, 27327, 27408, 27444, 27470, 27478, 27579, 27653, 27686, 27710, 27728, 27811, 27943, 28027, 28129, 28190, 28235, 28287, 28293, 28334, 28529, 28706, 28797, 28822, 28890, 28918, 28968, 29001, 29083, 29091, 29128, 29186, 29274, 29285, 29302, 29366, 29430, 29468, 29738, 29798, 29802, 29842, 29890, 29959, 30129, 30199, 30222, 30630, 30703, 30735, 30736, 30738, 30828, 30878, 30920, 30951, 31076, 31077, 31103, 31290, 31336, 31362, 31501, 31638, 31644, 31876, 31898, 32046, 32051, 32109, 32158, 32269, 32317, 32325, 32368, 32370, 32372, 32404, 32410, 32486, 32528, 32564, 32595, 32663, 32666, 32672, 33351, 33364, 33509, 33636, 33658, 33659, 33692, 33709, 33851, 33883, 33886, 33932, 34110, 34200, 34270, 34387, 34459, 34478, 34608, 34864, 34868, 34869, 34880, 34922, 35363, 35375, 35377, 35381, 35449, 35637, 35656, 35777, 35930, 35955, 35961, 36026, 36089, 36372, 36455, 36572, 36688, 36758, 36907, 36973, 36975, 37088, 37097, 37141, 37519, 37526, 37540, 37747, 37858, 37943, 38343, 38351, 38685, 38810, 39172, 39218, 39244, 39258, 39378, 39385, 39436, 39460, 39522, 39746, 39794, 39856, 39951, 39955, 39978, 40108, 40270, 40425, 40440, 40495, 40607, 40618, 40750, 40768, 40781, 40797, 41170, 41199, 41304, 41357, 41419, 41434, 41478, 41611, 41668, 41676, 41875, 41919, 42068, 42149, 42201, 42224, 42228, 42300, 42402, 42453, 42487, 42501, 42639, 42685, 42719, 42754, 42809, 42843, 42920, 42923, 43009, 43031, 43098, 43130, 43449, 43451, 43652, 43731, 43891, 44021, 44087, 44091, 44237, 44340, 44434, 44501, 44612, 44631, 44678, 44948, 45034, 45055, 45208, 45272, 45531, 45554, 45595, 45653, 45694, 45982, 46081, 46109, 46119, 46146, 46160, 46229, 46342, 46360, 46415, 46449, 46451, 46532, 46556, 46559, 46600, 46963, 46964, 46985, 47029, 47098, 47271, 47331, 47442, 47504, 47679, 47722, 47731, 47772, 47865, 47882, 47911, 47999, 48014, 48198, 48227, 48255, 48350, 48436, 48442, 48444, 48466, 48498, 48542, 48793, 48878, 48956, 49019, 49034, 49197, 49486, 49740, 49939, 49991, 49997, 50122, 50183, 50247, 50399, 50448, 50449, 50815, 51027, 51066, 51090, 51124, 51236, 51257, 51265, 51363, 51377, 51494, 51517, 51554, 51699, 51709, 52068, 52100, 52177, 52252, 52314, 52321, 52482, 52786, 52949, 52978, 53034, 53084, 53214, 53280, 53530, 53531, 53588, 53594, 53710, 53795, 53911, 54003, 54012, 54018, 54029, 54102, 54183, 54262, 54424, 54450, 54541, 54582, 54771, 54860, 55040, 55058, 55200, 55384, 55494, 55495, 55519, 55644, 55850, 55852, 55960, 56058, 56187, 56221, 56237, 56310, 56608, 56614, 56669, 56774, 56829, 56840, 56945, 57006, 57368, 57463, 57644, 57953, 58014, 58060, 58157, 58170, 58191, 58217, 58278, 58365, 58458, 58484, 58646, 58707, 58920, 58935, 58950, 58955, 59053, 59112, 59189, 59217, 59367, 59432, 59444, 59465, 59489, 59506, 59594, 59672, 59716, 59802, 60056, 60116, 60164, 60219, 60220, 60309, 60337, 60390, 60425, 60612, 60676, 60692, 60699, 60808, 60979, 60980, 61195, 61290, 61343, 61359, 61384, 61395, 61472, 61750, 61805, 61807, 61859, 61898, 62002, 62049, 62179, 62201, 62299, 62398, 62419, 62610, 62650, 62700, 62850, 62859, 62873, 63015, 63057, 63072, 63172, 63173, 63176, 63375, 63401, 63505, 63709, 63715, 63814, 63924, 63946, 64068, 64079, 64081, 64136, 64156, 64173, 64353, 64357, 64374, 64460, 64592, 64627, 64680, 64694, 64743, 64837, 64838, 64946, 65114, 65164, 65213, 65253, 65461, 65497, 65595, 65751, 66033, 66100, 66200, 66205, 66245, 66514, 66525, 66602, 66633, 66683, 66727, 66733, 66767, 66769, 66880, 67127, 67158, 67585, 67671, 67692, 67791, 67862, 67988, 68446, 68455, 68673, 68724, 68739, 68748, 68752, 68758, 68880, 69047, 69057, 69109, 69111, 69228, 69258, 69303, 69407, 69412, 69428, 69433, 69512, 69525, 69595, 69601, 69604, 69643, 69697, 69844, 69877, 69970, 70074, 70112, 70163, 70290, 70336, 70413, 70457, 70479, 70618, 70652, 70669, 70830, 70950, 71240, 71245, 71301, 71440, 71482, 71552, 71650, 71711, 72049, 72157, 72231, 72370, 72650, 72738, 72747, 72795, 72815, 72889, 72941, 73064, 73081, 73205, 73216, 73248, 73319, 73441, 73553, 73617, 73904, 74016, 74064, 74065, 74066, 74095, 74279, 74303, 74570, 74572, 74707, 74834, 74934, 74939, 74989, 75037, 75049, 75132, 75280, 75626, 75665, 75794, 75852, 75911, 76328, 76427, 76531, 76618, 76624, 76643, 76784, 76862, 76929, 76961, 77035, 77179, 77245, 77252, 77283, 77322, 77370, 77415, 77425, 77460, 77757, 77822, 77830, 77915, 78008, 78476, 78575, 78590, 78627, 78672, 78779, 78810, 78900, 79035, 79052, 79108, 79156, 79171, 79337, 79379, 79412, 79463, 79570, 79656, 79747, 79756, 80011, 80095, 80119, 80186, 80374, 80394, 80400, 80433, 80440, 80534, 80600, 80602, 80692, 80804, 80872, 81198, 81353, 81357, 81418, 81455, 81491, 81496, 81530, 81567, 81925, 81970, 82168, 82195, 82243, 82286, 82475, 82485, 82559, 82561, 82623, 82643, 82749, 82947, 82985, 83089, 83091, 83161, 83488, 83518, 83663, 83696, 83797, 83799, 83993, 84014, 84039, 84135, 84150, 84156, 84259, 84456, 84459, 84507, 84513, 84629, 84640, 84662, 84815, 84933, 85040, 85079, 85090, 85107, 85108, 85113, 85193, 85296, 85363, 85399, 85607, 85744, 85832, 85836, 85973, 85993, 86037, 86096, 86314, 86316, 86368, 86514, 86614, 86656, 86697, 86788, 86951, 86963, 87066, 87079, 87264, 87294, 87376, 87419, 87422, 87427, 87500, 87506, 87524, 87591, 87637, 87685, 87944, 88017, 88074, 88076, 88155, 88224, 88320, 88361, 88379, 88481, 88485, 88496, 88583, 88847, 88917, 88950, 89020, 89092, 89162, 89194, 89427, 89483, 89549, 89603, 89652, 89745, 89746, 89838, 89857, 90113, 90127, 90128, 90152, 90186, 90269, 90275, 90416, 90453, 90536, 90625, 90805, 90850, 90853, 90902, 90919, 90981, 91153, 91169, 91287, 91312, 91318, 91459, 91668, 91685, 91686, 91796, 91812, 91923, 92007, 92012, 92016, 92075, 92128, 92132, 92150, 92152, 92447, 92452, 92472, 92477, 92480, 92513, 92538, 92555, 92559, 92790, 92876, 92933, 92960, 93033, 93112, 93119, 93157, 93174, 93275, 93310, 93312, 93364, 93404, 93426, 93505, 93520, 93532, 93561, 93608, 93801, 93819, 93824, 93889, 94140, 94144, 94260, 94397, 94517, 94530, 94531, 94680, 94751, 94864, 94866, 94926, 94967, 95564, 95569, 95611, 95690, 95765, 95822, 95824, 95855, 95937, 96164, 96242, 96430, 96431, 96436, 96463, 96500, 96506, 96778, 96831, 96890, 96921, 96963, 97026, 97163, 97201, 97434, 97444, 97478, 97494, 97595, 97602, 97608, 97658, 97683, 97726, 97872, 97904, 97922, 97930, 97953, 98023, 98024, 98085, 98150, 98216, 98340, 98456, 98463, 98512, 98541, 98571, 98712, 98759, 98776, 98926, 98983, 99104, 99107, 99193, 99239, 99242, 99332, 99432, 99449, 99452, 99466, 99468, 99477, 99500, 99570, 99718, 99883, 100021, 100138, 100143, 100182, 100254, 100267, 100354, 100358, 100412, 100424, 100425, 100461, 100715, 100734, 100794, 100795, 100813, 100821, 100962, 100990, 101066, 101167, 101228, 101229, 101308, 101323, 101324, 101326, 101346, 101370, 101371, 101424, 101437, 101457, 101461, 101523, 101556, 101611, 101671, 101682, 101798, 101942, 102117, 102118, 102345, 102364, 102525, 102617, 102725, 102855, 102877, 103029, 103179, 103208, 103213, 103326, 103429, 103437, 103461, 103558, 103571, 103629, 103674, 103749, 103750, 103796, 103824, 103853, 104000, 104040, 104047, 104107, 104312, 104322, 104365, 104391, 104682, 104803, 104842, 104897, 105017, 105035, 105196, 105318, 105444, 105467, 105496, 105651, 105680, 105688, 105798, 105827, 105840, 105912, 106164, 106353, 106355, 106400, 106414, 106637, 106710, 106870, 106949, 107032, 107037, 107124, 107161, 107162, 107324, 107633, 107636, 107646, 107656, 107658, 107701, 107702, 107770, 107773, 107807, 108126, 108211, 108248, 108406, 108409, 108537, 108545, 108653, 108754, 108769, 108780, 108874, 109009, 109056, 109103, 109153, 109162, 109192, 109204, 109270, 109378, 109515, 109546, 109600, 109748, 109781, 109830, 110006, 110249, 110259, 110341, 110358, 110363, 110370, 110423, 110455, 110481, 110487, 110577, 110620, 110634, 110635, 110650, 110679, 110682, 110711, 110715, 110740, 110756, 110773, 110796, 110797, 110940, 111407, 111563, 111600, 111617, 111630, 111655, 111884, 111932, 111968, 111970, 111984, 112075, 112091, 112097, 112158, 112343, 112363, 112423, 112491, 112509, 112529, 112609, 112613, 112632, 112634, 112635, 112717, 112850, 113245, 113253, 113308, 113401, 113446, 113483, 113774, 113903, 113905, 113916, 114125, 114128, 114134, 114377, 114379, 114380, 114433, 114471, 114535, 114537, 114622, 114715, 114751, 114762, 114789, 114814, 114819, 114850, 115020, 115124, 115142, 115221, 115421, 115501, 115510, 115552, 115556, 115961, 115966, 115980, 116004, 116128, 116135, 116146, 116180, 116194, 116216, 116478, 116514, 116519, 116666, 116742, 116784, 116881, 116893, 116894, 116915, 116957, 116978, 116980, 117019, 117097, 117297, 117422, 117473, 117690, 117831, 117832, 117953, 117971, 117994, 118079, 118143, 118146, 118170, 118326, 118425, 118494, 118743, 118940, 118950, 119032, 119047, 119083, 119097, 119146, 119164, 119180, 119181, 119197, 119198, 119216, 119217, 119364, 119416, 119421, 119518, 119523, 119569, 119591, 119683, 119739, 119757, 119779, 119792, 119847, 119958, 119973, 120021, 120029, 120034, 120051, 120055, 120156, 120177, 120199, 120254, 120321, 120437, 120689, 120748, 120798, 120805, 120947, 120961, 121031, 121118, 121205, 121571, 121611, 121630, 121768, 121864, 121916, 121948, 121959, 121968, 122032, 122041, 122105, 122191, 122308, 122431, 122497, 122518, 122596, 122712, 122741, 122753, 122805, 122899, 122958, 122961, 123034, 123145, 123347, 123477, 123487, 123541, 123633, 123757, 123790, 123800, 123911, 124094, 124126, 124277, 124306, 124323, 124638, 124653, 124689, 124924, 124934, 124956, 125044, 125089, 125190, 125267, 125269, 125318, 125462, 125524, 125609, 125664, 125745, 125774, 125789, 125793, 125913, 125928, 125944, 126043, 126100, 126159, 126164, 126199, 126291, 126294, 126298, 126488, 126716, 126758, 126760, 126986, 127016, 127035, 127096, 127112, 127141, 127225, 127291, 127456, 127606, 127664, 127688, 127746, 127816, 127969, 128012, 128035, 128183, 128214, 128250, 128262, 128297, 128312, 128313, 128403, 128806, 128839, 128893, 128895, 128937, 128957, 128974, 129001, 129044, 129140, 129147, 129359, 129553, 129807, 129819, 129883, 130006, 130091, 130134, 130153, 130234, 130288, 130328, 130416, 130510, 130834, 130836, 130919, 130933, 130942, 131123, 131209, 131217, 131279, 131342, 131371, 131398, 131471, 131544, 131589, 131594, 131647, 131651, 131713, 131835, 131850, 131980, 132282, 132312, 132525, 132594, 132615, 132617, 132691, 132706, 132728, 132766, 132783, 132801, 132804, 132871, 132925, 132927, 132954, 133023, 133066, 133098, 133114, 133117, 133202, 133257, 133276]"
c1_random,My-Seeds,0.1,10%,0.1,10%,1790,16113,4200,3778,422,16796,14925,0.9262707130888103,False,158,15827,"[13, 124, 342, 349, 357, 427, 507, 543, 604, 623, 661, 773, 811, 813, 898, 1366, 1400, 1451, 1482, 1516, 1582, 1898, 1958, 2167, 2168, 2211, 2240, 2241, 2330, 2417, 2487, 2535, 2588, 2630, 2641, 2702, 2743, 2796, 2855, 2965, 2968, 2969, 3003, 3047, 3073, 3102, 3201, 3232, 3241, 3377, 3421, 3532, 3543, 3553, 3584, 3591, 3781, 3824, 4006, 4024, 4074, 4075, 4159, 4282, 4284, 4291, 4301, 4311, 4320, 4390, 4419, 4459, 4531, 4532, 4788, 4790, 4892, 4903, 4984, 5050, 5273, 5335, 5516, 5523, 5541, 5558, 5668, 5674, 5710, 5745, 5868, 5904, 6000, 6083, 6393, 6529, 6532, 6548, 6593, 6597, 6655, 6831, 6845, 6976, 6996, 7009, 7026, 7033, 7205, 7206, 7264, 7462, 7480, 7482, 7593, 7706, 7761, 7836, 7980, 7991, 8053, 8143, 8398, 8506, 8554, 8979, 9208, 9220, 9292, 9320, 9334, 9356, 9386, 9389, 9418, 9442, 9617, 9941, 9992, 10000, 10017, 10172, 10191, 10428, 10490, 10564, 10679, 10719, 10726, 10729, 10873, 11038, 11080, 11176, 11275, 11381, 11477, 11478, 11519, 11866, 11963, 12039, 12050, 12069, 12073, 12164, 12187, 12203, 12249, 12448, 12704, 12737, 12758, 12927, 12997, 13045, 13046, 13070, 13084, 13112, 13121, 13219, 13257, 13652, 13709, 13743, 13894, 13945, 14063, 14101, 14528, 14614, 14726, 14783, 14887, 14911, 15016, 15029, 15122, 15124, 15150, 15153, 15161, 15215, 15483, 15765, 15943, 16123, 16219, 16250, 16305, 16312, 16329, 16340, 16360, 16442, 16468, 16525, 16536, 16773, 16783, 16842, 16851, 16901, 16931, 17001, 17045, 17243, 17266, 17380, 17440, 17447, 17515, 17549, 17584, 17603, 17642, 17689, 17863, 17866, 17979, 18079, 18092, 18176, 18250, 18252, 18339, 18354, 18400, 18481, 18553, 18642, 18667, 18685, 18694, 18781, 18876, 19113, 19204, 19206, 19575, 19695, 19772, 19776, 19779, 19981, 20214, 20218, 20297, 20418, 20464, 20656, 20665, 20685, 20695, 20715, 20762, 20842, 20857, 20866, 20890, 21149, 21192, 21333, 21368, 21458, 21471, 21512, 21542, 21551, 21566, 21728, 21768, 22035, 22071, 22241, 22418, 22531, 22560, 22851, 23122, 23257, 23258, 23296, 23317, 23384, 23631, 23741, 23749, 23752, 23819, 23849, 23890, 24002, 24107, 24139, 24377, 24593, 24596, 24702, 24833, 24847, 25061, 25063, 25066, 25108, 25177, 25208, 25346, 25351, 25385, 25509, 25523, 25538, 25588, 25697, 25934, 25995, 26172, 26205, 26299, 26301, 26303, 26324, 26349, 26359, 26477, 26780, 26797, 26849, 26897, 26899, 26915, 26976, 26994, 27233, 27281, 27309, 27327, 27408, 27444, 27470, 27478, 27579, 27653, 27686, 27710, 27728, 27811, 27943, 28027, 28129, 28190, 28235, 28287, 28293, 28334, 28529, 28706, 28797, 28822, 28890, 28918, 28968, 29001, 29083, 29091, 29128, 29186, 29274, 29285, 29302, 29366, 29430, 29468, 29738, 29798, 29802, 29842, 29890, 29959, 30129, 30199, 30222, 30630, 30703, 30735, 30736, 30738, 30828, 30878, 30920, 30951, 31076, 31077, 31103, 31290, 31336, 31362, 31501, 31638, 31644, 31876, 31898, 32046, 32051, 32109, 32158, 32269, 32317, 32325, 32368, 32370, 32372, 32404, 32410, 32486, 32528, 32564, 32595, 32663, 32666, 32672, 33351, 33364, 33509, 33636, 33658, 33659, 33692, 33709, 33851, 33883, 33886, 33932, 34110, 34200, 34270, 34387, 34459, 34478, 34608, 34864, 34868, 34869, 34880, 34922, 35363, 35375, 35377, 35381, 35449, 35637, 35656, 35777, 35930, 35955, 35961, 36026, 36089, 36372, 36455, 36572, 36688, 36758, 36907, 36973, 36975, 37088, 37097, 37141, 37519, 37526, 37540, 37747, 37858, 37943, 38343, 38351, 38685, 38810, 39172, 39218, 39244, 39258, 39378, 39385, 39436, 39460, 39522, 39746, 39794, 39856, 39951, 39955, 39978, 40108, 40270, 40425, 40440, 40495, 40607, 40618, 40750, 40768, 40781, 40797, 41170, 41199, 41304, 41357, 41419, 41434, 41478, 41611, 41668, 41676, 41875, 41919, 42068, 42149, 42201, 42224, 42228, 42300, 42402, 42453, 42487, 42501, 42639, 42685, 42719, 42754, 42809, 42843, 42920, 42923, 43009, 43031, 43098, 43130, 43449, 43451, 43652, 43731, 43891, 44021, 44087, 44091, 44237, 44340, 44434, 44501, 44612, 44631, 44678, 44948, 45034, 45055, 45208, 45272, 45531, 45554, 45595, 45653, 45694, 45982, 46081, 46109, 46119, 46146, 46160, 46229, 46342, 46360, 46415, 46449, 46451, 46532, 46556, 46559, 46600, 46963, 46964, 46985, 47029, 47098, 47271, 47331, 47442, 47504, 47679, 47722, 47731, 47772, 47865, 47882, 47911, 47999, 48014, 48198, 48227, 48255, 48350, 48436, 48442, 48444, 48466, 48498, 48542, 48793, 48878, 48956, 49019, 49034, 49197, 49486, 49740, 49939, 49991, 49997, 50122, 50183, 50247, 50399, 50448, 50449, 50815, 51027, 51066, 51090, 51124, 51236, 51257, 51265, 51363, 51377, 51494, 51517, 51554, 51699, 51709, 52068, 52100, 52177, 52252, 52314, 52321, 52482, 52786, 52949, 52978, 53034, 53084, 53214, 53280, 53530, 53531, 53588, 53594, 53710, 53795, 53911, 54003, 54012, 54018, 54029, 54102, 54183, 54262, 54424, 54450, 54541, 54582, 54771, 54860, 55040, 55058, 55200, 55384, 55494, 55495, 55519, 55644, 55850, 55852, 55960, 56058, 56187, 56221, 56237, 56310, 56608, 56614, 56669, 56774, 56829, 56840, 56945, 57006, 57368, 57463, 57644, 57953, 58014, 58060, 58157, 58170, 58191, 58217, 58278, 58365, 58458, 58484, 58646, 58707, 58920, 58935, 58950, 58955, 59053, 59112, 59189, 59217, 59367, 59432, 59444, 59465, 59489, 59506, 59594, 59672, 59716, 59802, 60056, 60116, 60164, 60219, 60220, 60309, 60337, 60390, 60425, 60612, 60676, 60692, 60699, 60808, 60979, 60980, 61195, 61290, 61343, 61359, 61384, 61395, 61472, 61750, 61805, 61807, 61859, 61898, 62002, 62049, 62179, 62201, 62299, 62398, 62419, 62610, 62650, 62700, 62850, 62859, 62873, 63015, 63057, 63072, 63172, 63173, 63176, 63375, 63401, 63505, 63709, 63715, 63814, 63924, 63946, 64068, 64079, 64081, 64136, 64156, 64173, 64353, 64357, 64374, 64460, 64592, 64627, 64680, 64694, 64743, 64837, 64838, 64946, 65114, 65164, 65213, 65253, 65461, 65497, 65595, 65751, 66033, 66100, 66200, 66205, 66245, 66514, 66525, 66602, 66633, 66683, 66727, 66733, 66767, 66769, 66880, 67127, 67158, 67585, 67671, 67692, 67791, 67862, 67988, 68446, 68455, 68673, 68724, 68739, 68748, 68752, 68758, 68880, 69047, 69057, 69109, 69111, 69228, 69258, 69303, 69407, 69412, 69428, 69433, 69512, 69525, 69595, 69601, 69604, 69643, 69697, 69844, 69877, 69970, 70074, 70112, 70163, 70290, 70336, 70413, 70457, 70479, 70618, 70652, 70669, 70830, 70950, 71240, 71245, 71301, 71440, 71482, 71552, 71650, 71711, 72049, 72157, 72231, 72370, 72650, 72738, 72747, 72795, 72815, 72889, 72941, 73064, 73081, 73205, 73216, 73248, 73319, 73441, 73553, 73617, 73904, 74016, 74064, 74065, 74066, 74095, 74279, 74303, 74570, 74572, 74707, 74834, 74934, 74939, 74989, 75037, 75049, 75132, 75280, 75626, 75665, 75794, 75852, 75911, 76328, 76427, 76531, 76618, 76624, 76643, 76784, 76862, 76929, 76961, 77035, 77179, 77245, 77252, 77283, 77322, 77370, 77415, 77425, 77460, 77757, 77822, 77830, 77915, 78008, 78476, 78575, 78590, 78627, 78672, 78779, 78810, 78900, 79035, 79052, 79108, 79156, 79171, 79337, 79379, 79412, 79463, 79570, 79656, 79747, 79756, 80011, 80095, 80119, 80186, 80374, 80394, 80400, 80433, 80440, 80534, 80600, 80602, 80692, 80804, 80872, 81198, 81353, 81357, 81418, 81455, 81491, 81496, 81530, 81567, 81925, 81970, 82168, 82195, 82243, 82286, 82475, 82485, 82559, 82561, 82623, 82643, 82749, 82947, 82985, 83089, 83091, 83161, 83488, 83518, 83663, 83696, 83797, 83799, 83993, 84014, 84039, 84135, 84150, 84156, 84259, 84456, 84459, 84507, 84513, 84629, 84640, 84662, 84815, 84933, 85040, 85079, 85090, 85107, 85108, 85113, 85193, 85296, 85363, 85399, 85607, 85744, 85832, 85836, 85973, 85993, 86037, 86096, 86314, 86316, 86368, 86514, 86614, 86656, 86697, 86788, 86951, 86963, 87066, 87079, 87264, 87294, 87376, 87419, 87422, 87427, 87500, 87506, 87524, 87591, 87637, 87685, 87944, 88017, 88074, 88076, 88155, 88224, 88320, 88361, 88379, 88481, 88485, 88496, 88583, 88847, 88917, 88950, 89020, 89092, 89162, 89194, 89427, 89483, 89549, 89603, 89652, 89745, 89746, 89838, 89857, 90113, 90127, 90128, 90152, 90186, 90269, 90275, 90416, 90453, 90536, 90625, 90805, 90850, 90853, 90902, 90919, 90981, 91153, 91169, 91287, 91312, 91318, 91459, 91668, 91685, 91686, 91796, 91812, 91923, 92007, 92012, 92016, 92075, 92128, 92132, 92150, 92152, 92447, 92452, 92472, 92477, 92480, 92513, 92538, 92555, 92559, 92790, 92876, 92933, 92960, 93033, 93112, 93119, 93157, 93174, 93275, 93310, 93312, 93364, 93404, 93426, 93505, 93520, 93532, 93561, 93608, 93801, 93819, 93824, 93889, 94140, 94144, 94260, 94397, 94517, 94530, 94531, 94680, 94751, 94864, 94866, 94926, 94967, 95564, 95569, 95611, 95690, 95765, 95822, 95824, 95855, 95937, 96164, 96242, 96430, 96431, 96436, 96463, 96500, 96506, 96778, 96831, 96890, 96921, 96963, 97026, 97163, 97201, 97434, 97444, 97478, 97494, 97595, 97602, 97608, 97658, 97683, 97726, 97872, 97904, 97922, 97930, 97953, 98023, 98024, 98085, 98150, 98216, 98340, 98456, 98463, 98512, 98541, 98571, 98712, 98759, 98776, 98926, 98983, 99104, 99107, 99193, 99239, 99242, 99332, 99432, 99449, 99452, 99466, 99468, 99477, 99500, 99570, 99718, 99883, 100021, 100138, 100143, 100182, 100254, 100267, 100354, 100358, 100412, 100424, 100425, 100461, 100715, 100734, 100794, 100795, 100813, 100821, 100962, 100990, 101066, 101167, 101228, 101229, 101308, 101323, 101324, 101326, 101346, 101370, 101371, 101424, 101437, 101457, 101461, 101523, 101556, 101611, 101671, 101682, 101798, 101942, 102117, 102118, 102345, 102364, 102525, 102617, 102725, 102855, 102877, 103029, 103179, 103208, 103213, 103326, 103429, 103437, 103461, 103558, 103571, 103629, 103674, 103749, 103750, 103796, 103824, 103853, 104000, 104040, 104047, 104107, 104312, 104322, 104365, 104391, 104682, 104803, 104842, 104897, 105017, 105035, 105196, 105318, 105444, 105467, 105496, 105651, 105680, 105688, 105798, 105827, 105840, 105912, 106164, 106353, 106355, 106400, 106414, 106637, 106710, 106870, 106949, 107032, 107037, 107124, 107161, 107162, 107324, 107633, 107636, 107646, 107656, 107658, 107701, 107702, 107770, 107773, 107807, 108126, 108211, 108248, 108406, 108409, 108537, 108545, 108653, 108754, 108769, 108780, 108874, 109009, 109056, 109103, 109153, 109162, 109192, 109204, 109270, 109378, 109515, 109546, 109600, 109748, 109781, 109830, 110006, 110249, 110259, 110341, 110358, 110363, 110370, 110423, 110455, 110481, 110487, 110577, 110620, 110634, 110635, 110650, 110679, 110682, 110711, 110715, 110740, 110756, 110773, 110796, 110797, 110940, 111407, 111563, 111600, 111617, 111630, 111655, 111884, 111932, 111968, 111970, 111984, 112075, 112091, 112097, 112158, 112343, 112363, 112423, 112491, 112509, 112529, 112609, 112613, 112632, 112634, 112635, 112717, 112850, 113245, 113253, 113308, 113401, 113446, 113483, 113774, 113903, 113905, 113916, 114125, 114128, 114134, 114377, 114379, 114380, 114433, 114471, 114535, 114537, 114622, 114715, 114751, 114762, 114789, 114814, 114819, 114850, 115020, 115124, 115142, 115221, 115421, 115501, 115510, 115552, 115556, 115961, 115966, 115980, 116004, 116128, 116135, 116146, 116180, 116194, 116216, 116478, 116514, 116519, 116666, 116742, 116784, 116881, 116893, 116894, 116915, 116957, 116978, 116980, 117019, 117097, 117297, 117422, 117473, 117690, 117831, 117832, 117953, 117971, 117994, 118079, 118143, 118146, 118170, 118326, 118425, 118494, 118743, 118940, 118950, 119032, 119047, 119083, 119097, 119146, 119164, 119180, 119181, 119197, 119198, 119216, 119217, 119364, 119416, 119421, 119518, 119523, 119569, 119591, 119683, 119739, 119757, 119779, 119792, 119847, 119958, 119973, 120021, 120029, 120034, 120051, 120055, 120156, 120177, 120199, 120254, 120321, 120437, 120689, 120748, 120798, 120805, 120947, 120961, 121031, 121118, 121205, 121571, 121611, 121630, 121768, 121864, 121916, 121948, 121959, 121968, 122032, 122041, 122105, 122191, 122308, 122431, 122497, 122518, 122596, 122712, 122741, 122753, 122805, 122899, 122958, 122961, 123034, 123145, 123347, 123477, 123487, 123541, 123633, 123757, 123790, 123800, 123911, 124094, 124126, 124277, 124306, 124323, 124638, 124653, 124689, 124924, 124934, 124956, 125044, 125089, 125190, 125267, 125269, 125318, 125462, 125524, 125609, 125664, 125745, 125774, 125789, 125793, 125913, 125928, 125944, 126043, 126100, 126159, 126164, 126199, 126291, 126294, 126298, 126488, 126716, 126758, 126760, 126986, 127016, 127035, 127096, 127112, 127141, 127225, 127291, 127456, 127606, 127664, 127688, 127746, 127816, 127969, 128012, 128035, 128183, 128214, 128250, 128262, 128297, 128312, 128313, 128403, 128806, 128839, 128893, 128895, 128937, 128957, 128974, 129001, 129044, 129140, 129147, 129359, 129553, 129807, 129819, 129883, 130006, 130091, 130134, 130153, 130234, 130288, 130328, 130416, 130510, 130834, 130836, 130919, 130933, 130942, 131123, 131209, 131217, 131279, 131342, 131371, 131398, 131471, 131544, 131589, 131594, 131647, 131651, 131713, 131835, 131850, 131980, 132282, 132312, 132525, 132594, 132615, 132617, 132691, 132706, 132728, 132766, 132783, 132801, 132804, 132871, 132925, 132927, 132954, 133023, 133066, 133098, 133114, 133117, 133202, 133257, 133276]"
c2_degree,Greedy-f1,0.1,10%,0.1,10%,1790,16113,1807,1623,184,2445,2213,0.13734251846335258,False,158,15827,"[13, 124, 342, 349, 357, 427, 507, 543, 604, 623, 661, 773, 811, 813, 898, 1366, 1400, 1451, 1482, 1516, 1582, 1898, 1958, 2167, 2168, 2211, 2240, 2241, 2330, 2417, 2487, 2535, 2588, 2630, 2641, 2702, 2743, 2796, 2855, 2965, 2968, 2969, 3003, 3047, 3073, 3102, 3201, 3232, 3241, 3377, 3421, 3532, 3543, 3553, 3584, 3591, 3781, 3824, 4006, 4024, 4074, 4075, 4159, 4282, 4284, 4291, 4301, 4311, 4320, 4390, 4419, 4459, 4531, 4532, 4788, 4790, 4892, 4903, 4984, 5050, 5273, 5335, 5516, 5523, 5541, 5558, 5668, 5674, 5710, 5745, 5868, 5904, 6000, 6083, 6393, 6529, 6532, 6548, 6593, 6597, 6655, 6831, 6845, 6976, 6996, 7009, 7026, 7033, 7205, 7206, 7264, 7462, 7480, 7482, 7593, 7706, 7761, 7836, 7980, 7991, 8053, 8143, 8398, 8506, 8554, 8979, 9208, 9220, 9292, 9320, 9334, 9356, 9386, 9389, 9418, 9442, 9617, 9941, 9992, 10000, 10017, 10172, 10191, 10428, 10490, 10564, 10679, 10719, 10726, 10729, 10873, 11038, 11080, 11176, 11275, 11381, 11477, 11478, 11519, 11866, 11963, 12039, 12050, 12069, 12073, 12164, 12187, 12203, 12249, 12448, 12704, 12737, 12758, 12927, 12997, 13045, 13046, 13070, 13084, 13112, 13121, 13219, 13257, 13652, 13709, 13743, 13894, 13945, 14063, 14101, 14528, 14614, 14726, 14783, 14887, 14911, 15016, 15029, 15122, 15124, 15150, 15153, 15161, 15215, 15483, 15765, 15943, 16123, 16219, 16250, 16305, 16312, 16329, 16340, 16360, 16442, 16468, 16525, 16536, 16773, 16783, 16842, 16851, 16901, 16931, 17001, 17045, 17243, 17266, 17380, 17440, 17447, 17515, 17549, 17584, 17603, 17642, 17689, 17863, 17866, 17979, 18079, 18092, 18176, 18250, 18252, 18339, 18354, 18400, 18481, 18553, 18642, 18667, 18685, 18694, 18781, 18876, 19113, 19204, 19206, 19575, 19695, 19772, 19776, 19779, 19981, 20214, 20218, 20297, 20418, 20464, 20656, 20665, 20685, 20695, 20715, 20762, 20842, 20857, 20866, 20890, 21149, 21192, 21333, 21368, 21458, 21471, 21512, 21542, 21551, 21566, 21728, 21768, 22035, 22071, 22241, 22418, 22531, 22560, 22851, 23122, 23257, 23258, 23296, 23317, 23384, 23631, 23741, 23749, 23752, 23819, 23849, 23890, 24002, 24107, 24139, 24377, 24593, 24596, 24702, 24833, 24847, 25061, 25063, 25066, 25108, 25177, 25208, 25346, 25351, 25385, 25509, 25523, 25538, 25588, 25697, 25934, 25995, 26172, 26205, 26299, 26301, 26303, 26324, 26349, 26359, 26477, 26780, 26797, 26849, 26897, 26899, 26915, 26976, 26994, 27233, 27281, 27309, 27327, 27408, 27444, 27470, 27478, 27579, 27653, 27686, 27710, 27728, 27811, 27943, 28027, 28129, 28190, 28235, 28287, 28293, 28334, 28529, 28706, 28797, 28822, 28890, 28918, 28968, 29001, 29083, 29091, 29128, 29186, 29274, 29285, 29302, 29366, 29430, 29468, 29738, 29798, 29802, 29842, 29890, 29959, 30129, 30199, 30222, 30630, 30703, 30735, 30736, 30738, 30828, 30878, 30920, 30951, 31076, 31077, 31103, 31290, 31336, 31362, 31501, 31638, 31644, 31876, 31898, 32046, 32051, 32109, 32158, 32269, 32317, 32325, 32368, 32370, 32372, 32404, 32410, 32486, 32528, 32564, 32595, 32663, 32666, 32672, 33351, 33364, 33509, 33636, 33658, 33659, 33692, 33709, 33851, 33883, 33886, 33932, 34110, 34200, 34270, 34387, 34459, 34478, 34608, 34864, 34868, 34869, 34880, 34922, 35363, 35375, 35377, 35381, 35449, 35637, 35656, 35777, 35930, 35955, 35961, 36026, 36089, 36372, 36455, 36572, 36688, 36758, 36907, 36973, 36975, 37088, 37097, 37141, 37519, 37526, 37540, 37747, 37858, 37943, 38343, 38351, 38685, 38810, 39172, 39218, 39244, 39258, 39378, 39385, 39436, 39460, 39522, 39746, 39794, 39856, 39951, 39955, 39978, 40108, 40270, 40425, 40440, 40495, 40607, 40618, 40750, 40768, 40781, 40797, 41170, 41199, 41304, 41357, 41419, 41434, 41478, 41611, 41668, 41676, 41875, 41919, 42068, 42149, 42201, 42224, 42228, 42300, 42402, 42453, 42487, 42501, 42639, 42685, 42719, 42754, 42809, 42843, 42920, 42923, 43009, 43031, 43098, 43130, 43449, 43451, 43652, 43731, 43891, 44021, 44087, 44091, 44237, 44340, 44434, 44501, 44612, 44631, 44678, 44948, 45034, 45055, 45208, 45272, 45531, 45554, 45595, 45653, 45694, 45982, 46081, 46109, 46119, 46146, 46160, 46229, 46342, 46360, 46415, 46449, 46451, 46532, 46556, 46559, 46600, 46963, 46964, 46985, 47029, 47098, 47271, 47331, 47442, 47504, 47679, 47722, 47731, 47772, 47865, 47882, 47911, 47999, 48014, 48198, 48227, 48255, 48350, 48436, 48442, 48444, 48466, 48498, 48542, 48793, 48878, 48956, 49019, 49034, 49197, 49486, 49740, 49939, 49991, 49997, 50122, 50183, 50247, 50399, 50448, 50449, 50815, 51027, 51066, 51090, 51124, 51236, 51257, 51265, 51363, 51377, 51494, 51517, 51554, 51699, 51709, 52068, 52100, 52177, 52252, 52314, 52321, 52482, 52786, 52949, 52978, 53034, 53084, 53214, 53280, 53530, 53531, 53588, 53594, 53710, 53795, 53911, 54003, 54012, 54018, 54029, 54102, 54183, 54262, 54424, 54450, 54541, 54582, 54771, 54860, 55040, 55058, 55200, 55384, 55494, 55495, 55519, 55644, 55850, 55852, 55960, 56058, 56187, 56221, 56237, 56310, 56608, 56614, 56669, 56774, 56829, 56840, 56945, 57006, 57368, 57463, 57644, 57953, 58014, 58060, 58157, 58170, 58191, 58217, 58278, 58365, 58458, 58484, 58646, 58707, 58920, 58935, 58950, 58955, 59053, 59112, 59189, 59217, 59367, 59432, 59444, 59465, 59489, 59506, 59594, 59672, 59716, 59802, 60056, 60116, 60164, 60219, 60220, 60309, 60337, 60390, 60425, 60612, 60676, 60692, 60699, 60808, 60979, 60980, 61195, 61290, 61343, 61359, 61384, 61395, 61472, 61750, 61805, 61807, 61859, 61898, 62002, 62049, 62179, 62201, 62299, 62398, 62419, 62610, 62650, 62700, 62850, 62859, 62873, 63015, 63057, 63072, 63172, 63173, 63176, 63375, 63401, 63505, 63709, 63715, 63814, 63924, 63946, 64068, 64079, 64081, 64136, 64156, 64173, 64353, 64357, 64374, 64460, 64592, 64627, 64680, 64694, 64743, 64837, 64838, 64946, 65114, 65164, 65213, 65253, 65461, 65497, 65595, 65751, 66033, 66100, 66200, 66205, 66245, 66514, 66525, 66602, 66633, 66683, 66727, 66733, 66767, 66769, 66880, 67127, 67158, 67585, 67671, 67692, 67791, 67862, 67988, 68446, 68455, 68673, 68724, 68739, 68748, 68752, 68758, 68880, 69047, 69057, 69109, 69111, 69228, 69258, 69303, 69407, 69412, 69428, 69433, 69512, 69525, 69595, 69601, 69604, 69643, 69697, 69844, 69877, 69970, 70074, 70112, 70163, 70290, 70336, 70413, 70457, 70479, 70618, 70652, 70669, 70830, 70950, 71240, 71245, 71301, 71440, 71482, 71552, 71650, 71711, 72049, 72157, 72231, 72370, 72650, 72738, 72747, 72795, 72815, 72889, 72941, 73064, 73081, 73205, 73216, 73248, 73319, 73441, 73553, 73617, 73904, 74016, 74064, 74065, 74066, 74095, 74279, 74303, 74570, 74572, 74707, 74834, 74934, 74939, 74989, 75037, 75049, 75132, 75280, 75626, 75665, 75794, 75852, 75911, 76328, 76427, 76531, 76618, 76624, 76643, 76784, 76862, 76929, 76961, 77035, 77179, 77245, 77252, 77283, 77322, 77370, 77415, 77425, 77460, 77757, 77822, 77830, 77915, 78008, 78476, 78575, 78590, 78627, 78672, 78779, 78810, 78900, 79035, 79052, 79108, 79156, 79171, 79337, 79379, 79412, 79463, 79570, 79656, 79747, 79756, 80011, 80095, 80119, 80186, 80374, 80394, 80400, 80433, 80440, 80534, 80600, 80602, 80692, 80804, 80872, 81198, 81353, 81357, 81418, 81455, 81491, 81496, 81530, 81567, 81925, 81970, 82168, 82195, 82243, 82286, 82475, 82485, 82559, 82561, 82623, 82643, 82749, 82947, 82985, 83089, 83091, 83161, 83488, 83518, 83663, 83696, 83797, 83799, 83993, 84014, 84039, 84135, 84150, 84156, 84259, 84456, 84459, 84507, 84513, 84629, 84640, 84662, 84815, 84933, 85040, 85079, 85090, 85107, 85108, 85113, 85193, 85296, 85363, 85399, 85607, 85744, 85832, 85836, 85973, 85993, 86037, 86096, 86314, 86316, 86368, 86514, 86614, 86656, 86697, 86788, 86951, 86963, 87066, 87079, 87264, 87294, 87376, 87419, 87422, 87427, 87500, 87506, 87524, 87591, 87637, 87685, 87944, 88017, 88074, 88076, 88155, 88224, 88320, 88361, 88379, 88481, 88485, 88496, 88583, 88847, 88917, 88950, 89020, 89092, 89162, 89194, 89427, 89483, 89549, 89603, 89652, 89745, 89746, 89838, 89857, 90113, 90127, 90128, 90152, 90186, 90269, 90275, 90416, 90453, 90536, 90625, 90805, 90850, 90853, 90902, 90919, 90981, 91153, 91169, 91287, 91312, 91318, 91459, 91668, 91685, 91686, 91796, 91812, 91923, 92007, 92012, 92016, 92075, 92128, 92132, 92150, 92152, 92447, 92452, 92472, 92477, 92480, 92513, 92538, 92555, 92559, 92790, 92876, 92933, 92960, 93033, 93112, 93119, 93157, 93174, 93275, 93310, 93312, 93364, 93404, 93426, 93505, 93520, 93532, 93561, 93608, 93801, 93819, 93824, 93889, 94140, 94144, 94260, 94397, 94517, 94530, 94531, 94680, 94751, 94864, 94866, 94926, 94967, 95564, 95569, 95611, 95690, 95765, 95822, 95824, 95855, 95937, 96164, 96242, 96430, 96431, 96436, 96463, 96500, 96506, 96778, 96831, 96890, 96921, 96963, 97026, 97163, 97201, 97434, 97444, 97478, 97494, 97595, 97602, 97608, 97658, 97683, 97726, 97872, 97904, 97922, 97930, 97953, 98023, 98024, 98085, 98150, 98216, 98340, 98456, 98463, 98512, 98541, 98571, 98712, 98759, 98776, 98926, 98983, 99104, 99107, 99193, 99239, 99242, 99332, 99432, 99449, 99452, 99466, 99468, 99477, 99500, 99570, 99718, 99883, 100021, 100138, 100143, 100182, 100254, 100267, 100354, 100358, 100412, 100424, 100425, 100461, 100715, 100734, 100794, 100795, 100813, 100821, 100962, 100990, 101066, 101167, 101228, 101229, 101308, 101323, 101324, 101326, 101346, 101370, 101371, 101424, 101437, 101457, 101461, 101523, 101556, 101611, 101671, 101682, 101798, 101942, 102117, 102118, 102345, 102364, 102525, 102617, 102725, 102855, 102877, 103029, 103179, 103208, 103213, 103326, 103429, 103437, 103461, 103558, 103571, 103629, 103674, 103749, 103750, 103796, 103824, 103853, 104000, 104040, 104047, 104107, 104312, 104322, 104365, 104391, 104682, 104803, 104842, 104897, 105017, 105035, 105196, 105318, 105444, 105467, 105496, 105651, 105680, 105688, 105798, 105827, 105840, 105912, 106164, 106353, 106355, 106400, 106414, 106637, 106710, 106870, 106949, 107032, 107037, 107124, 107161, 107162, 107324, 107633, 107636, 107646, 107656, 107658, 107701, 107702, 107770, 107773, 107807, 108126, 108211, 108248, 108406, 108409, 108537, 108545, 108653, 108754, 108769, 108780, 108874, 109009, 109056, 109103, 109153, 109162, 109192, 109204, 109270, 109378, 109515, 109546, 109600, 109748, 109781, 109830, 110006, 110249, 110259, 110341, 110358, 110363, 110370, 110423, 110455, 110481, 110487, 110577, 110620, 110634, 110635, 110650, 110679, 110682, 110711, 110715, 110740, 110756, 110773, 110796, 110797, 110940, 111407, 111563, 111600, 111617, 111630, 111655, 111884, 111932, 111968, 111970, 111984, 112075, 112091, 112097, 112158, 112343, 112363, 112423, 112491, 112509, 112529, 112609, 112613, 112632, 112634, 112635, 112717, 112850, 113245, 113253, 113308, 113401, 113446, 113483, 113774, 113903, 113905, 113916, 114125, 114128, 114134, 114377, 114379, 114380, 114433, 114471, 114535, 114537, 114622, 114715, 114751, 114762, 114789, 114814, 114819, 114850, 115020, 115124, 115142, 115221, 115421, 115501, 115510, 115552, 115556, 115961, 115966, 115980, 116004, 116128, 116135, 116146, 116180, 116194, 116216, 116478, 116514, 116519, 116666, 116742, 116784, 116881, 116893, 116894, 116915, 116957, 116978, 116980, 117019, 117097, 117297, 117422, 117473, 117690, 117831, 117832, 117953, 117971, 117994, 118079, 118143, 118146, 118170, 118326, 118425, 118494, 118743, 118940, 118950, 119032, 119047, 119083, 119097, 119146, 119164, 119180, 119181, 119197, 119198, 119216, 119217, 119364, 119416, 119421, 119518, 119523, 119569, 119591, 119683, 119739, 119757, 119779, 119792, 119847, 119958, 119973, 120021, 120029, 120034, 120051, 120055, 120156, 120177, 120199, 120254, 120321, 120437, 120689, 120748, 120798, 120805, 120947, 120961, 121031, 121118, 121205, 121571, 121611, 121630, 121768, 121864, 121916, 121948, 121959, 121968, 122032, 122041, 122105, 122191, 122308, 122431, 122497, 122518, 122596, 122712, 122741, 122753, 122805, 122899, 122958, 122961, 123034, 123145, 123347, 123477, 123487, 123541, 123633, 123757, 123790, 123800, 123911, 124094, 124126, 124277, 124306, 124323, 124638, 124653, 124689, 124924, 124934, 124956, 125044, 125089, 125190, 125267, 125269, 125318, 125462, 125524, 125609, 125664, 125745, 125774, 125789, 125793, 125913, 125928, 125944, 126043, 126100, 126159, 126164, 126199, 126291, 126294, 126298, 126488, 126716, 126758, 126760, 126986, 127016, 127035, 127096, 127112, 127141, 127225, 127291, 127456, 127606, 127664, 127688, 127746, 127816, 127969, 128012, 128035, 128183, 128214, 128250, 128262, 128297, 128312, 128313, 128403, 128806, 128839, 128893, 128895, 128937, 128957, 128974, 129001, 129044, 129140, 129147, 129359, 129553, 129807, 129819, 129883, 130006, 130091, 130134, 130153, 130234, 130288, 130328, 130416, 130510, 130834, 130836, 130919, 130933, 130942, 131123, 131209, 131217, 131279, 131342, 131371, 131398, 131471, 131544, 131589, 131594, 131647, 131651, 131713, 131835, 131850, 131980, 132282, 132312, 132525, 132594, 132615, 132617, 132691, 132706, 132728, 132766, 132783, 132801, 132804, 132871, 132925, 132927, 132954, 133023, 133066, 133098, 133114, 133117, 133202, 133257, 133276]"
c2_degree,Greedy-f2,0.1,10%,0.1,10%,1790,16113,1327,1188,139,1386,1248,0.07745298827034072,False,158,15827,"[13, 124, 342, 349, 357, 427, 507, 543, 604, 623, 661, 773, 811, 813, 898, 1366, 1400, 1451, 1482, 1516, 1582, 1898, 1958, 2167, 2168, 2211, 2240, 2241, 2330, 2417, 2487, 2535, 2588, 2630, 2641, 2702, 2743, 2796, 2855, 2965, 2968, 2969, 3003, 3047, 3073, 3102, 3201, 3232, 3241, 3377, 3421, 3532, 3543, 3553, 3584, 3591, 3781, 3824, 4006, 4024, 4074, 4075, 4159, 4282, 4284, 4291, 4301, 4311, 4320, 4390, 4419, 4459, 4531, 4532, 4788, 4790, 4892, 4903, 4984, 5050, 5273, 5335, 5516, 5523, 5541, 5558, 5668, 5674, 5710, 5745, 5868, 5904, 6000, 6083, 6393, 6529, 6532, 6548, 6593, 6597, 6655, 6831, 6845, 6976, 6996, 7009, 7026, 7033, 7205, 7206, 7264, 7462, 7480, 7482, 7593, 7706, 7761, 7836, 7980, 7991, 8053, 8143, 8398, 8506, 8554, 8979, 9208, 9220, 9292, 9320, 9334, 9356, 9386, 9389, 9418, 9442, 9617, 9941, 9992, 10000, 10017, 10172, 10191, 10428, 10490, 10564, 10679, 10719, 10726, 10729, 10873, 11038, 11080, 11176, 11275, 11381, 11477, 11478, 11519, 11866, 11963, 12039, 12050, 12069, 12073, 12164, 12187, 12203, 12249, 12448, 12704, 12737, 12758, 12927, 12997, 13045, 13046, 13070, 13084, 13112, 13121, 13219, 13257, 13652, 13709, 13743, 13894, 13945, 14063, 14101, 14528, 14614, 14726, 14783, 14887, 14911, 15016, 15029, 15122, 15124, 15150, 15153, 15161, 15215, 15483, 15765, 15943, 16123, 16219, 16250, 16305, 16312, 16329, 16340, 16360, 16442, 16468, 16525, 16536, 16773, 16783, 16842, 16851, 16901, 16931, 17001, 17045, 17243, 17266, 17380, 17440, 17447, 17515, 17549, 17584, 17603, 17642, 17689, 17863, 17866, 17979, 18079, 18092, 18176, 18250, 18252, 18339, 18354, 18400, 18481, 18553, 18642, 18667, 18685, 18694, 18781, 18876, 19113, 19204, 19206, 19575, 19695, 19772, 19776, 19779, 19981, 20214, 20218, 20297, 20418, 20464, 20656, 20665, 20685, 20695, 20715, 20762, 20842, 20857, 20866, 20890, 21149, 21192, 21333, 21368, 21458, 21471, 21512, 21542, 21551, 21566, 21728, 21768, 22035, 22071, 22241, 22418, 22531, 22560, 22851, 23122, 23257, 23258, 23296, 23317, 23384, 23631, 23741, 23749, 23752, 23819, 23849, 23890, 24002, 24107, 24139, 24377, 24593, 24596, 24702, 24833, 24847, 25061, 25063, 25066, 25108, 25177, 25208, 25346, 25351, 25385, 25509, 25523, 25538, 25588, 25697, 25934, 25995, 26172, 26205, 26299, 26301, 26303, 26324, 26349, 26359, 26477, 26780, 26797, 26849, 26897, 26899, 26915, 26976, 26994, 27233, 27281, 27309, 27327, 27408, 27444, 27470, 27478, 27579, 27653, 27686, 27710, 27728, 27811, 27943, 28027, 28129, 28190, 28235, 28287, 28293, 28334, 28529, 28706, 28797, 28822, 28890, 28918, 28968, 29001, 29083, 29091, 29128, 29186, 29274, 29285, 29302, 29366, 29430, 29468, 29738, 29798, 29802, 29842, 29890, 29959, 30129, 30199, 30222, 30630, 30703, 30735, 30736, 30738, 30828, 30878, 30920, 30951, 31076, 31077, 31103, 31290, 31336, 31362, 31501, 31638, 31644, 31876, 31898, 32046, 32051, 32109, 32158, 32269, 32317, 32325, 32368, 32370, 32372, 32404, 32410, 32486, 32528, 32564, 32595, 32663, 32666, 32672, 33351, 33364, 33509, 33636, 33658, 33659, 33692, 33709, 33851, 33883, 33886, 33932, 34110, 34200, 34270, 34387, 34459, 34478, 34608, 34864, 34868, 34869, 34880, 34922, 35363, 35375, 35377, 35381, 35449, 35637, 35656, 35777, 35930, 35955, 35961, 36026, 36089, 36372, 36455, 36572, 36688, 36758, 36907, 36973, 36975, 37088, 37097, 37141, 37519, 37526, 37540, 37747, 37858, 37943, 38343, 38351, 38685, 38810, 39172, 39218, 39244, 39258, 39378, 39385, 39436, 39460, 39522, 39746, 39794, 39856, 39951, 39955, 39978, 40108, 40270, 40425, 40440, 40495, 40607, 40618, 40750, 40768, 40781, 40797, 41170, 41199, 41304, 41357, 41419, 41434, 41478, 41611, 41668, 41676, 41875, 41919, 42068, 42149, 42201, 42224, 42228, 42300, 42402, 42453, 42487, 42501, 42639, 42685, 42719, 42754, 42809, 42843, 42920, 42923, 43009, 43031, 43098, 43130, 43449, 43451, 43652, 43731, 43891, 44021, 44087, 44091, 44237, 44340, 44434, 44501, 44612, 44631, 44678, 44948, 45034, 45055, 45208, 45272, 45531, 45554, 45595, 45653, 45694, 45982, 46081, 46109, 46119, 46146, 46160, 46229, 46342, 46360, 46415, 46449, 46451, 46532, 46556, 46559, 46600, 46963, 46964, 46985, 47029, 47098, 47271, 47331, 47442, 47504, 47679, 47722, 47731, 47772, 47865, 47882, 47911, 47999, 48014, 48198, 48227, 48255, 48350, 48436, 48442, 48444, 48466, 48498, 48542, 48793, 48878, 48956, 49019, 49034, 49197, 49486, 49740, 49939, 49991, 49997, 50122, 50183, 50247, 50399, 50448, 50449, 50815, 51027, 51066, 51090, 51124, 51236, 51257, 51265, 51363, 51377, 51494, 51517, 51554, 51699, 51709, 52068, 52100, 52177, 52252, 52314, 52321, 52482, 52786, 52949, 52978, 53034, 53084, 53214, 53280, 53530, 53531, 53588, 53594, 53710, 53795, 53911, 54003, 54012, 54018, 54029, 54102, 54183, 54262, 54424, 54450, 54541, 54582, 54771, 54860, 55040, 55058, 55200, 55384, 55494, 55495, 55519, 55644, 55850, 55852, 55960, 56058, 56187, 56221, 56237, 56310, 56608, 56614, 56669, 56774, 56829, 56840, 56945, 57006, 57368, 57463, 57644, 57953, 58014, 58060, 58157, 58170, 58191, 58217, 58278, 58365, 58458, 58484, 58646, 58707, 58920, 58935, 58950, 58955, 59053, 59112, 59189, 59217, 59367, 59432, 59444, 59465, 59489, 59506, 59594, 59672, 59716, 59802, 60056, 60116, 60164, 60219, 60220, 60309, 60337, 60390, 60425, 60612, 60676, 60692, 60699, 60808, 60979, 60980, 61195, 61290, 61343, 61359, 61384, 61395, 61472, 61750, 61805, 61807, 61859, 61898, 62002, 62049, 62179, 62201, 62299, 62398, 62419, 62610, 62650, 62700, 62850, 62859, 62873, 63015, 63057, 63072, 63172, 63173, 63176, 63375, 63401, 63505, 63709, 63715, 63814, 63924, 63946, 64068, 64079, 64081, 64136, 64156, 64173, 64353, 64357, 64374, 64460, 64592, 64627, 64680, 64694, 64743, 64837, 64838, 64946, 65114, 65164, 65213, 65253, 65461, 65497, 65595, 65751, 66033, 66100, 66200, 66205, 66245, 66514, 66525, 66602, 66633, 66683, 66727, 66733, 66767, 66769, 66880, 67127, 67158, 67585, 67671, 67692, 67791, 67862, 67988, 68446, 68455, 68673, 68724, 68739, 68748, 68752, 68758, 68880, 69047, 69057, 69109, 69111, 69228, 69258, 69303, 69407, 69412, 69428, 69433, 69512, 69525, 69595, 69601, 69604, 69643, 69697, 69844, 69877, 69970, 70074, 70112, 70163, 70290, 70336, 70413, 70457, 70479, 70618, 70652, 70669, 70830, 70950, 71240, 71245, 71301, 71440, 71482, 71552, 71650, 71711, 72049, 72157, 72231, 72370, 72650, 72738, 72747, 72795, 72815, 72889, 72941, 73064, 73081, 73205, 73216, 73248, 73319, 73441, 73553, 73617, 73904, 74016, 74064, 74065, 74066, 74095, 74279, 74303, 74570, 74572, 74707, 74834, 74934, 74939, 74989, 75037, 75049, 75132, 75280, 75626, 75665, 75794, 75852, 75911, 76328, 76427, 76531, 76618, 76624, 76643, 76784, 76862, 76929, 76961, 77035, 77179, 77245, 77252, 77283, 77322, 77370, 77415, 77425, 77460, 77757, 77822, 77830, 77915, 78008, 78476, 78575, 78590, 78627, 78672, 78779, 78810, 78900, 79035, 79052, 79108, 79156, 79171, 79337, 79379, 79412, 79463, 79570, 79656, 79747, 79756, 80011, 80095, 80119, 80186, 80374, 80394, 80400, 80433, 80440, 80534, 80600, 80602, 80692, 80804, 80872, 81198, 81353, 81357, 81418, 81455, 81491, 81496, 81530, 81567, 81925, 81970, 82168, 82195, 82243, 82286, 82475, 82485, 82559, 82561, 82623, 82643, 82749, 82947, 82985, 83089, 83091, 83161, 83488, 83518, 83663, 83696, 83797, 83799, 83993, 84014, 84039, 84135, 84150, 84156, 84259, 84456, 84459, 84507, 84513, 84629, 84640, 84662, 84815, 84933, 85040, 85079, 85090, 85107, 85108, 85113, 85193, 85296, 85363, 85399, 85607, 85744, 85832, 85836, 85973, 85993, 86037, 86096, 86314, 86316, 86368, 86514, 86614, 86656, 86697, 86788, 86951, 86963, 87066, 87079, 87264, 87294, 87376, 87419, 87422, 87427, 87500, 87506, 87524, 87591, 87637, 87685, 87944, 88017, 88074, 88076, 88155, 88224, 88320, 88361, 88379, 88481, 88485, 88496, 88583, 88847, 88917, 88950, 89020, 89092, 89162, 89194, 89427, 89483, 89549, 89603, 89652, 89745, 89746, 89838, 89857, 90113, 90127, 90128, 90152, 90186, 90269, 90275, 90416, 90453, 90536, 90625, 90805, 90850, 90853, 90902, 90919, 90981, 91153, 91169, 91287, 91312, 91318, 91459, 91668, 91685, 91686, 91796, 91812, 91923, 92007, 92012, 92016, 92075, 92128, 92132, 92150, 92152, 92447, 92452, 92472, 92477, 92480, 92513, 92538, 92555, 92559, 92790, 92876, 92933, 92960, 93033, 93112, 93119, 93157, 93174, 93275, 93310, 93312, 93364, 93404, 93426, 93505, 93520, 93532, 93561, 93608, 93801, 93819, 93824, 93889, 94140, 94144, 94260, 94397, 94517, 94530, 94531, 94680, 94751, 94864, 94866, 94926, 94967, 95564, 95569, 95611, 95690, 95765, 95822, 95824, 95855, 95937, 96164, 96242, 96430, 96431, 96436, 96463, 96500, 96506, 96778, 96831, 96890, 96921, 96963, 97026, 97163, 97201, 97434, 97444, 97478, 97494, 97595, 97602, 97608, 97658, 97683, 97726, 97872, 97904, 97922, 97930, 97953, 98023, 98024, 98085, 98150, 98216, 98340, 98456, 98463, 98512, 98541, 98571, 98712, 98759, 98776, 98926, 98983, 99104, 99107, 99193, 99239, 99242, 99332, 99432, 99449, 99452, 99466, 99468, 99477, 99500, 99570, 99718, 99883, 100021, 100138, 100143, 100182, 100254, 100267, 100354, 100358, 100412, 100424, 100425, 100461, 100715, 100734, 100794, 100795, 100813, 100821, 100962, 100990, 101066, 101167, 101228, 101229, 101308, 101323, 101324, 101326, 101346, 101370, 101371, 101424, 101437, 101457, 101461, 101523, 101556, 101611, 101671, 101682, 101798, 101942, 102117, 102118, 102345, 102364, 102525, 102617, 102725, 102855, 102877, 103029, 103179, 103208, 103213, 103326, 103429, 103437, 103461, 103558, 103571, 103629, 103674, 103749, 103750, 103796, 103824, 103853, 104000, 104040, 104047, 104107, 104312, 104322, 104365, 104391, 104682, 104803, 104842, 104897, 105017, 105035, 105196, 105318, 105444, 105467, 105496, 105651, 105680, 105688, 105798, 105827, 105840, 105912, 106164, 106353, 106355, 106400, 106414, 106637, 106710, 106870, 106949, 107032, 107037, 107124, 107161, 107162, 107324, 107633, 107636, 107646, 107656, 107658, 107701, 107702, 107770, 107773, 107807, 108126, 108211, 108248, 108406, 108409, 108537, 108545, 108653, 108754, 108769, 108780, 108874, 109009, 109056, 109103, 109153, 109162, 109192, 109204, 109270, 109378, 109515, 109546, 109600, 109748, 109781, 109830, 110006, 110249, 110259, 110341, 110358, 110363, 110370, 110423, 110455, 110481, 110487, 110577, 110620, 110634, 110635, 110650, 110679, 110682, 110711, 110715, 110740, 110756, 110773, 110796, 110797, 110940, 111407, 111563, 111600, 111617, 111630, 111655, 111884, 111932, 111968, 111970, 111984, 112075, 112091, 112097, 112158, 112343, 112363, 112423, 112491, 112509, 112529, 112609, 112613, 112632, 112634, 112635, 112717, 112850, 113245, 113253, 113308, 113401, 113446, 113483, 113774, 113903, 113905, 113916, 114125, 114128, 114134, 114377, 114379, 114380, 114433, 114471, 114535, 114537, 114622, 114715, 114751, 114762, 114789, 114814, 114819, 114850, 115020, 115124, 115142, 115221, 115421, 115501, 115510, 115552, 115556, 115961, 115966, 115980, 116004, 116128, 116135, 116146, 116180, 116194, 116216, 116478, 116514, 116519, 116666, 116742, 116784, 116881, 116893, 116894, 116915, 116957, 116978, 116980, 117019, 117097, 117297, 117422, 117473, 117690, 117831, 117832, 117953, 117971, 117994, 118079, 118143, 118146, 118170, 118326, 118425, 118494, 118743, 118940, 118950, 119032, 119047, 119083, 119097, 119146, 119164, 119180, 119181, 119197, 119198, 119216, 119217, 119364, 119416, 119421, 119518, 119523, 119569, 119591, 119683, 119739, 119757, 119779, 119792, 119847, 119958, 119973, 120021, 120029, 120034, 120051, 120055, 120156, 120177, 120199, 120254, 120321, 120437, 120689, 120748, 120798, 120805, 120947, 120961, 121031, 121118, 121205, 121571, 121611, 121630, 121768, 121864, 121916, 121948, 121959, 121968, 122032, 122041, 122105, 122191, 122308, 122431, 122497, 122518, 122596, 122712, 122741, 122753, 122805, 122899, 122958, 122961, 123034, 123145, 123347, 123477, 123487, 123541, 123633, 123757, 123790, 123800, 123911, 124094, 124126, 124277, 124306, 124323, 124638, 124653, 124689, 124924, 124934, 124956, 125044, 125089, 125190, 125267, 125269, 125318, 125462, 125524, 125609, 125664, 125745, 125774, 125789, 125793, 125913, 125928, 125944, 126043, 126100, 126159, 126164, 126199, 126291, 126294, 126298, 126488, 126716, 126758, 126760, 126986, 127016, 127035, 127096, 127112, 127141, 127225, 127291, 127456, 127606, 127664, 127688, 127746, 127816, 127969, 128012, 128035, 128183, 128214, 128250, 128262, 128297, 128312, 128313, 128403, 128806, 128839, 128893, 128895, 128937, 128957, 128974, 129001, 129044, 129140, 129147, 129359, 129553, 129807, 129819, 129883, 130006, 130091, 130134, 130153, 130234, 130288, 130328, 130416, 130510, 130834, 130836, 130919, 130933, 130942, 131123, 131209, 131217, 131279, 131342, 131371, 131398, 131471, 131544, 131589, 131594, 131647, 131651, 131713, 131835, 131850, 131980, 132282, 132312, 132525, 132594, 132615, 132617, 132691, 132706, 132728, 132766, 132783, 132801, 132804, 132871, 132925, 132927, 132954, 133023, 133066, 133098, 133114, 133117, 133202, 133257, 133276]"
c2_degree,Greedy-f3,0.1,10%,0.1,10%,1790,16113,2666,2402,264,4157,3845,0.23862719543225966,False,158,15827,"[13, 124, 342, 349, 357, 427, 507, 543, 604, 623, 661, 773, 811, 813, 898, 1366, 1400, 1451, 1482, 1516, 1582, 1898, 1958, 2167, 2168, 2211, 2240, 2241, 2330, 2417, 2487, 2535, 2588, 2630, 2641, 2702, 2743, 2796, 2855, 2965, 2968, 2969, 3003, 3047, 3073, 3102, 3201, 3232, 3241, 3377, 3421, 3532, 3543, 3553, 3584, 3591, 3781, 3824, 4006, 4024, 4074, 4075, 4159, 4282, 4284, 4291, 4301, 4311, 4320, 4390, 4419, 4459, 4531, 4532, 4788, 4790, 4892, 4903, 4984, 5050, 5273, 5335, 5516, 5523, 5541, 5558, 5668, 5674, 5710, 5745, 5868, 5904, 6000, 6083, 6393, 6529, 6532, 6548, 6593, 6597, 6655, 6831, 6845, 6976, 6996, 7009, 7026, 7033, 7205, 7206, 7264, 7462, 7480, 7482, 7593, 7706, 7761, 7836, 7980, 7991, 8053, 8143, 8398, 8506, 8554, 8979, 9208, 9220, 9292, 9320, 9334, 9356, 9386, 9389, 9418, 9442, 9617, 9941, 9992, 10000, 10017, 10172, 10191, 10428, 10490, 10564, 10679, 10719, 10726, 10729, 10873, 11038, 11080, 11176, 11275, 11381, 11477, 11478, 11519, 11866, 11963, 12039, 12050, 12069, 12073, 12164, 12187, 12203, 12249, 12448, 12704, 12737, 12758, 12927, 12997, 13045, 13046, 13070, 13084, 13112, 13121, 13219, 13257, 13652, 13709, 13743, 13894, 13945, 14063, 14101, 14528, 14614, 14726, 14783, 14887, 14911, 15016, 15029, 15122, 15124, 15150, 15153, 15161, 15215, 15483, 15765, 15943, 16123, 16219, 16250, 16305, 16312, 16329, 16340, 16360, 16442, 16468, 16525, 16536, 16773, 16783, 16842, 16851, 16901, 16931, 17001, 17045, 17243, 17266, 17380, 17440, 17447, 17515, 17549, 17584, 17603, 17642, 17689, 17863, 17866, 17979, 18079, 18092, 18176, 18250, 18252, 18339, 18354, 18400, 18481, 18553, 18642, 18667, 18685, 18694, 18781, 18876, 19113, 19204, 19206, 19575, 19695, 19772, 19776, 19779, 19981, 20214, 20218, 20297, 20418, 20464, 20656, 20665, 20685, 20695, 20715, 20762, 20842, 20857, 20866, 20890, 21149, 21192, 21333, 21368, 21458, 21471, 21512, 21542, 21551, 21566, 21728, 21768, 22035, 22071, 22241, 22418, 22531, 22560, 22851, 23122, 23257, 23258, 23296, 23317, 23384, 23631, 23741, 23749, 23752, 23819, 23849, 23890, 24002, 24107, 24139, 24377, 24593, 24596, 24702, 24833, 24847, 25061, 25063, 25066, 25108, 25177, 25208, 25346, 25351, 25385, 25509, 25523, 25538, 25588, 25697, 25934, 25995, 26172, 26205, 26299, 26301, 26303, 26324, 26349, 26359, 26477, 26780, 26797, 26849, 26897, 26899, 26915, 26976, 26994, 27233, 27281, 27309, 27327, 27408, 27444, 27470, 27478, 27579, 27653, 27686, 27710, 27728, 27811, 27943, 28027, 28129, 28190, 28235, 28287, 28293, 28334, 28529, 28706, 28797, 28822, 28890, 28918, 28968, 29001, 29083, 29091, 29128, 29186, 29274, 29285, 29302, 29366, 29430, 29468, 29738, 29798, 29802, 29842, 29890, 29959, 30129, 30199, 30222, 30630, 30703, 30735, 30736, 30738, 30828, 30878, 30920, 30951, 31076, 31077, 31103, 31290, 31336, 31362, 31501, 31638, 31644, 31876, 31898, 32046, 32051, 32109, 32158, 32269, 32317, 32325, 32368, 32370, 32372, 32404, 32410, 32486, 32528, 32564, 32595, 32663, 32666, 32672, 33351, 33364, 33509, 33636, 33658, 33659, 33692, 33709, 33851, 33883, 33886, 33932, 34110, 34200, 34270, 34387, 34459, 34478, 34608, 34864, 34868, 34869, 34880, 34922, 35363, 35375, 35377, 35381, 35449, 35637, 35656, 35777, 35930, 35955, 35961, 36026, 36089, 36372, 36455, 36572, 36688, 36758, 36907, 36973, 36975, 37088, 37097, 37141, 37519, 37526, 37540, 37747, 37858, 37943, 38343, 38351, 38685, 38810, 39172, 39218, 39244, 39258, 39378, 39385, 39436, 39460, 39522, 39746, 39794, 39856, 39951, 39955, 39978, 40108, 40270, 40425, 40440, 40495, 40607, 40618, 40750, 40768, 40781, 40797, 41170, 41199, 41304, 41357, 41419, 41434, 41478, 41611, 41668, 41676, 41875, 41919, 42068, 42149, 42201, 42224, 42228, 42300, 42402, 42453, 42487, 42501, 42639, 42685, 42719, 42754, 42809, 42843, 42920, 42923, 43009, 43031, 43098, 43130, 43449, 43451, 43652, 43731, 43891, 44021, 44087, 44091, 44237, 44340, 44434, 44501, 44612, 44631, 44678, 44948, 45034, 45055, 45208, 45272, 45531, 45554, 45595, 45653, 45694, 45982, 46081, 46109, 46119, 46146, 46160, 46229, 46342, 46360, 46415, 46449, 46451, 46532, 46556, 46559, 46600, 46963, 46964, 46985, 47029, 47098, 47271, 47331, 47442, 47504, 47679, 47722, 47731, 47772, 47865, 47882, 47911, 47999, 48014, 48198, 48227, 48255, 48350, 48436, 48442, 48444, 48466, 48498, 48542, 48793, 48878, 48956, 49019, 49034, 49197, 49486, 49740, 49939, 49991, 49997, 50122, 50183, 50247, 50399, 50448, 50449, 50815, 51027, 51066, 51090, 51124, 51236, 51257, 51265, 51363, 51377, 51494, 51517, 51554, 51699, 51709, 52068, 52100, 52177, 52252, 52314, 52321, 52482, 52786, 52949, 52978, 53034, 53084, 53214, 53280, 53530, 53531, 53588, 53594, 53710, 53795, 53911, 54003, 54012, 54018, 54029, 54102, 54183, 54262, 54424, 54450, 54541, 54582, 54771, 54860, 55040, 55058, 55200, 55384, 55494, 55495, 55519, 55644, 55850, 55852, 55960, 56058, 56187, 56221, 56237, 56310, 56608, 56614, 56669, 56774, 56829, 56840, 56945, 57006, 57368, 57463, 57644, 57953, 58014, 58060, 58157, 58170, 58191, 58217, 58278, 58365, 58458, 58484, 58646, 58707, 58920, 58935, 58950, 58955, 59053, 59112, 59189, 59217, 59367, 59432, 59444, 59465, 59489, 59506, 59594, 59672, 59716, 59802, 60056, 60116, 60164, 60219, 60220, 60309, 60337, 60390, 60425, 60612, 60676, 60692, 60699, 60808, 60979, 60980, 61195, 61290, 61343, 61359, 61384, 61395, 61472, 61750, 61805, 61807, 61859, 61898, 62002, 62049, 62179, 62201, 62299, 62398, 62419, 62610, 62650, 62700, 62850, 62859, 62873, 63015, 63057, 63072, 63172, 63173, 63176, 63375, 63401, 63505, 63709, 63715, 63814, 63924, 63946, 64068, 64079, 64081, 64136, 64156, 64173, 64353, 64357, 64374, 64460, 64592, 64627, 64680, 64694, 64743, 64837, 64838, 64946, 65114, 65164, 65213, 65253, 65461, 65497, 65595, 65751, 66033, 66100, 66200, 66205, 66245, 66514, 66525, 66602, 66633, 66683, 66727, 66733, 66767, 66769, 66880, 67127, 67158, 67585, 67671, 67692, 67791, 67862, 67988, 68446, 68455, 68673, 68724, 68739, 68748, 68752, 68758, 68880, 69047, 69057, 69109, 69111, 69228, 69258, 69303, 69407, 69412, 69428, 69433, 69512, 69525, 69595, 69601, 69604, 69643, 69697, 69844, 69877, 69970, 70074, 70112, 70163, 70290, 70336, 70413, 70457, 70479, 70618, 70652, 70669, 70830, 70950, 71240, 71245, 71301, 71440, 71482, 71552, 71650, 71711, 72049, 72157, 72231, 72370, 72650, 72738, 72747, 72795, 72815, 72889, 72941, 73064, 73081, 73205, 73216, 73248, 73319, 73441, 73553, 73617, 73904, 74016, 74064, 74065, 74066, 74095, 74279, 74303, 74570, 74572, 74707, 74834, 74934, 74939, 74989, 75037, 75049, 75132, 75280, 75626, 75665, 75794, 75852, 75911, 76328, 76427, 76531, 76618, 76624, 76643, 76784, 76862, 76929, 76961, 77035, 77179, 77245, 77252, 77283, 77322, 77370, 77415, 77425, 77460, 77757, 77822, 77830, 77915, 78008, 78476, 78575, 78590, 78627, 78672, 78779, 78810, 78900, 79035, 79052, 79108, 79156, 79171, 79337, 79379, 79412, 79463, 79570, 79656, 79747, 79756, 80011, 80095, 80119, 80186, 80374, 80394, 80400, 80433, 80440, 80534, 80600, 80602, 80692, 80804, 80872, 81198, 81353, 81357, 81418, 81455, 81491, 81496, 81530, 81567, 81925, 81970, 82168, 82195, 82243, 82286, 82475, 82485, 82559, 82561, 82623, 82643, 82749, 82947, 82985, 83089, 83091, 83161, 83488, 83518, 83663, 83696, 83797, 83799, 83993, 84014, 84039, 84135, 84150, 84156, 84259, 84456, 84459, 84507, 84513, 84629, 84640, 84662, 84815, 84933, 85040, 85079, 85090, 85107, 85108, 85113, 85193, 85296, 85363, 85399, 85607, 85744, 85832, 85836, 85973, 85993, 86037, 86096, 86314, 86316, 86368, 86514, 86614, 86656, 86697, 86788, 86951, 86963, 87066, 87079, 87264, 87294, 87376, 87419, 87422, 87427, 87500, 87506, 87524, 87591, 87637, 87685, 87944, 88017, 88074, 88076, 88155, 88224, 88320, 88361, 88379, 88481, 88485, 88496, 88583, 88847, 88917, 88950, 89020, 89092, 89162, 89194, 89427, 89483, 89549, 89603, 89652, 89745, 89746, 89838, 89857, 90113, 90127, 90128, 90152, 90186, 90269, 90275, 90416, 90453, 90536, 90625, 90805, 90850, 90853, 90902, 90919, 90981, 91153, 91169, 91287, 91312, 91318, 91459, 91668, 91685, 91686, 91796, 91812, 91923, 92007, 92012, 92016, 92075, 92128, 92132, 92150, 92152, 92447, 92452, 92472, 92477, 92480, 92513, 92538, 92555, 92559, 92790, 92876, 92933, 92960, 93033, 93112, 93119, 93157, 93174, 93275, 93310, 93312, 93364, 93404, 93426, 93505, 93520, 93532, 93561, 93608, 93801, 93819, 93824, 93889, 94140, 94144, 94260, 94397, 94517, 94530, 94531, 94680, 94751, 94864, 94866, 94926, 94967, 95564, 95569, 95611, 95690, 95765, 95822, 95824, 95855, 95937, 96164, 96242, 96430, 96431, 96436, 96463, 96500, 96506, 96778, 96831, 96890, 96921, 96963, 97026, 97163, 97201, 97434, 97444, 97478, 97494, 97595, 97602, 97608, 97658, 97683, 97726, 97872, 97904, 97922, 97930, 97953, 98023, 98024, 98085, 98150, 98216, 98340, 98456, 98463, 98512, 98541, 98571, 98712, 98759, 98776, 98926, 98983, 99104, 99107, 99193, 99239, 99242, 99332, 99432, 99449, 99452, 99466, 99468, 99477, 99500, 99570, 99718, 99883, 100021, 100138, 100143, 100182, 100254, 100267, 100354, 100358, 100412, 100424, 100425, 100461, 100715, 100734, 100794, 100795, 100813, 100821, 100962, 100990, 101066, 101167, 101228, 101229, 101308, 101323, 101324, 101326, 101346, 101370, 101371, 101424, 101437, 101457, 101461, 101523, 101556, 101611, 101671, 101682, 101798, 101942, 102117, 102118, 102345, 102364, 102525, 102617, 102725, 102855, 102877, 103029, 103179, 103208, 103213, 103326, 103429, 103437, 103461, 103558, 103571, 103629, 103674, 103749, 103750, 103796, 103824, 103853, 104000, 104040, 104047, 104107, 104312, 104322, 104365, 104391, 104682, 104803, 104842, 104897, 105017, 105035, 105196, 105318, 105444, 105467, 105496, 105651, 105680, 105688, 105798, 105827, 105840, 105912, 106164, 106353, 106355, 106400, 106414, 106637, 106710, 106870, 106949, 107032, 107037, 107124, 107161, 107162, 107324, 107633, 107636, 107646, 107656, 107658, 107701, 107702, 107770, 107773, 107807, 108126, 108211, 108248, 108406, 108409, 108537, 108545, 108653, 108754, 108769, 108780, 108874, 109009, 109056, 109103, 109153, 109162, 109192, 109204, 109270, 109378, 109515, 109546, 109600, 109748, 109781, 109830, 110006, 110249, 110259, 110341, 110358, 110363, 110370, 110423, 110455, 110481, 110487, 110577, 110620, 110634, 110635, 110650, 110679, 110682, 110711, 110715, 110740, 110756, 110773, 110796, 110797, 110940, 111407, 111563, 111600, 111617, 111630, 111655, 111884, 111932, 111968, 111970, 111984, 112075, 112091, 112097, 112158, 112343, 112363, 112423, 112491, 112509, 112529, 112609, 112613, 112632, 112634, 112635, 112717, 112850, 113245, 113253, 113308, 113401, 113446, 113483, 113774, 113903, 113905, 113916, 114125, 114128, 114134, 114377, 114379, 114380, 114433, 114471, 114535, 114537, 114622, 114715, 114751, 114762, 114789, 114814, 114819, 114850, 115020, 115124, 115142, 115221, 115421, 115501, 115510, 115552, 115556, 115961, 115966, 115980, 116004, 116128, 116135, 116146, 116180, 116194, 116216, 116478, 116514, 116519, 116666, 116742, 116784, 116881, 116893, 116894, 116915, 116957, 116978, 116980, 117019, 117097, 117297, 117422, 117473, 117690, 117831, 117832, 117953, 117971, 117994, 118079, 118143, 118146, 118170, 118326, 118425, 118494, 118743, 118940, 118950, 119032, 119047, 119083, 119097, 119146, 119164, 119180, 119181, 119197, 119198, 119216, 119217, 119364, 119416, 119421, 119518, 119523, 119569, 119591, 119683, 119739, 119757, 119779, 119792, 119847, 119958, 119973, 120021, 120029, 120034, 120051, 120055, 120156, 120177, 120199, 120254, 120321, 120437, 120689, 120748, 120798, 120805, 120947, 120961, 121031, 121118, 121205, 121571, 121611, 121630, 121768, 121864, 121916, 121948, 121959, 121968, 122032, 122041, 122105, 122191, 122308, 122431, 122497, 122518, 122596, 122712, 122741, 122753, 122805, 122899, 122958, 122961, 123034, 123145, 123347, 123477, 123487, 123541, 123633, 123757, 123790, 123800, 123911, 124094, 124126, 124277, 124306, 124323, 124638, 124653, 124689, 124924, 124934, 124956, 125044, 125089, 125190, 125267, 125269, 125318, 125462, 125524, 125609, 125664, 125745, 125774, 125789, 125793, 125913, 125928, 125944, 126043, 126100, 126159, 126164, 126199, 126291, 126294, 126298, 126488, 126716, 126758, 126760, 126986, 127016, 127035, 127096, 127112, 127141, 127225, 127291, 127456, 127606, 127664, 127688, 127746, 127816, 127969, 128012, 128035, 128183, 128214, 128250, 128262, 128297, 128312, 128313, 128403, 128806, 128839, 128893, 128895, 128937, 128957, 128974, 129001, 129044, 129140, 129147, 129359, 129553, 129807, 129819, 129883, 130006, 130091, 130134, 130153, 130234, 130288, 130328, 130416, 130510, 130834, 130836, 130919, 130933, 130942, 131123, 131209, 131217, 131279, 131342, 131371, 131398, 131471, 131544, 131589, 131594, 131647, 131651, 131713, 131835, 131850, 131980, 132282, 132312, 132525, 132594, 132615, 132617, 132691, 132706, 132728, 132766, 132783, 132801, 132804, 132871, 132925, 132927, 132954, 133023, 133066, 133098, 133114, 133117, 133202, 133257, 133276]"
c2_degree,WTSS,0.1,10%,0.1,10%,1790,16113,3289,2941,348,3822,3438,0.21336808787935208,False,158,15827,"[13, 124, 342, 349, 357, 427, 507, 543, 604, 623, 661, 773, 811, 813, 898, 1366, 1400, 1451, 1482, 1516, 1582, 1898, 1958, 2167, 2168, 2211, 2240, 2241, 2330, 2417, 2487, 2535, 2588, 2630, 2641, 2702, 2743, 2796, 2855, 2965, 2968, 2969, 3003, 3047, 3073, 3102, 3201, 3232, 3241, 3377, 3421, 3532, 3543, 3553, 3584, 3591, 3781, 3824, 4006, 4024, 4074, 4075, 4159, 4282, 4284, 4291, 4301, 4311, 4320, 4390, 4419, 4459, 4531, 4532, 4788, 4790, 4892, 4903, 4984, 5050, 5273, 5335, 5516, 5523, 5541, 5558, 5668, 5674, 5710, 5745, 5868, 5904, 6000, 6083, 6393, 6529, 6532, 6548, 6593, 6597, 6655, 6831, 6845, 6976, 6996, 7009, 7026, 7033, 7205, 7206, 7264, 7462, 7480, 7482, 7593, 7706, 7761, 7836, 7980, 7991, 8053, 8143, 8398, 8506, 8554, 8979, 9208, 9220, 9292, 9320, 9334, 9356, 9386, 9389, 9418, 9442, 9617, 9941, 9992, 10000, 10017, 10172, 10191, 10428, 10490, 10564, 10679, 10719, 10726, 10729, 10873, 11038, 11080, 11176, 11275, 11381, 11477, 11478, 11519, 11866, 11963, 12039, 12050, 12069, 12073, 12164, 12187, 12203, 12249, 12448, 12704, 12737, 12758, 12927, 12997, 13045, 13046, 13070, 13084, 13112, 13121, 13219, 13257, 13652, 13709, 13743, 13894, 13945, 14063, 14101, 14528, 14614, 14726, 14783, 14887, 14911, 15016, 15029, 15122, 15124, 15150, 15153, 15161, 15215, 15483, 15765, 15943, 16123, 16219, 16250, 16305, 16312, 16329, 16340, 16360, 16442, 16468, 16525, 16536, 16773, 16783, 16842, 16851, 16901, 16931, 17001, 17045, 17243, 17266, 17380, 17440, 17447, 17515, 17549, 17584, 17603, 17642, 17689, 17863, 17866, 17979, 18079, 18092, 18176, 18250, 18252, 18339, 18354, 18400, 18481, 18553, 18642, 18667, 18685, 18694, 18781, 18876, 19113, 19204, 19206, 19575, 19695, 19772, 19776, 19779, 19981, 20214, 20218, 20297, 20418, 20464, 20656, 20665, 20685, 20695, 20715, 20762, 20842, 20857, 20866, 20890, 21149, 21192, 21333, 21368, 21458, 21471, 21512, 21542, 21551, 21566, 21728, 21768, 22035, 22071, 22241, 22418, 22531, 22560, 22851, 23122, 23257, 23258, 23296, 23317, 23384, 23631, 23741, 23749, 23752, 23819, 23849, 23890, 24002, 24107, 24139, 24377, 24593, 24596, 24702, 24833, 24847, 25061, 25063, 25066, 25108, 25177, 25208, 25346, 25351, 25385, 25509, 25523, 25538, 25588, 25697, 25934, 25995, 26172, 26205, 26299, 26301, 26303, 26324, 26349, 26359, 26477, 26780, 26797, 26849, 26897, 26899, 26915, 26976, 26994, 27233, 27281, 27309, 27327, 27408, 27444, 27470, 27478, 27579, 27653, 27686, 27710, 27728, 27811, 27943, 28027, 28129, 28190, 28235, 28287, 28293, 28334, 28529, 28706, 28797, 28822, 28890, 28918, 28968, 29001, 29083, 29091, 29128, 29186, 29274, 29285, 29302, 29366, 29430, 29468, 29738, 29798, 29802, 29842, 29890, 29959, 30129, 30199, 30222, 30630, 30703, 30735, 30736, 30738, 30828, 30878, 30920, 30951, 31076, 31077, 31103, 31290, 31336, 31362, 31501, 31638, 31644, 31876, 31898, 32046, 32051, 32109, 32158, 32269, 32317, 32325, 32368, 32370, 32372, 32404, 32410, 32486, 32528, 32564, 32595, 32663, 32666, 32672, 33351, 33364, 33509, 33636, 33658, 33659, 33692, 33709, 33851, 33883, 33886, 33932, 34110, 34200, 34270, 34387, 34459, 34478, 34608, 34864, 34868, 34869, 34880, 34922, 35363, 35375, 35377, 35381, 35449, 35637, 35656, 35777, 35930, 35955, 35961, 36026, 36089, 36372, 36455, 36572, 36688, 36758, 36907, 36973, 36975, 37088, 37097, 37141, 37519, 37526, 37540, 37747, 37858, 37943, 38343, 38351, 38685, 38810, 39172, 39218, 39244, 39258, 39378, 39385, 39436, 39460, 39522, 39746, 39794, 39856, 39951, 39955, 39978, 40108, 40270, 40425, 40440, 40495, 40607, 40618, 40750, 40768, 40781, 40797, 41170, 41199, 41304, 41357, 41419, 41434, 41478, 41611, 41668, 41676, 41875, 41919, 42068, 42149, 42201, 42224, 42228, 42300, 42402, 42453, 42487, 42501, 42639, 42685, 42719, 42754, 42809, 42843, 42920, 42923, 43009, 43031, 43098, 43130, 43449, 43451, 43652, 43731, 43891, 44021, 44087, 44091, 44237, 44340, 44434, 44501, 44612, 44631, 44678, 44948, 45034, 45055, 45208, 45272, 45531, 45554, 45595, 45653, 45694, 45982, 46081, 46109, 46119, 46146, 46160, 46229, 46342, 46360, 46415, 46449, 46451, 46532, 46556, 46559, 46600, 46963, 46964, 46985, 47029, 47098, 47271, 47331, 47442, 47504, 47679, 47722, 47731, 47772, 47865, 47882, 47911, 47999, 48014, 48198, 48227, 48255, 48350, 48436, 48442, 48444, 48466, 48498, 48542, 48793, 48878, 48956, 49019, 49034, 49197, 49486, 49740, 49939, 49991, 49997, 50122, 50183, 50247, 50399, 50448, 50449, 50815, 51027, 51066, 51090, 51124, 51236, 51257, 51265, 51363, 51377, 51494, 51517, 51554, 51699, 51709, 52068, 52100, 52177, 52252, 52314, 52321, 52482, 52786, 52949, 52978, 53034, 53084, 53214, 53280, 53530, 53531, 53588, 53594, 53710, 53795, 53911, 54003, 54012, 54018, 54029, 54102, 54183, 54262, 54424, 54450, 54541, 54582, 54771, 54860, 55040, 55058, 55200, 55384, 55494, 55495, 55519, 55644, 55850, 55852, 55960, 56058, 56187, 56221, 56237, 56310, 56608, 56614, 56669, 56774, 56829, 56840, 56945, 57006, 57368, 57463, 57644, 57953, 58014, 58060, 58157, 58170, 58191, 58217, 58278, 58365, 58458, 58484, 58646, 58707, 58920, 58935, 58950, 58955, 59053, 59112, 59189, 59217, 59367, 59432, 59444, 59465, 59489, 59506, 59594, 59672, 59716, 59802, 60056, 60116, 60164, 60219, 60220, 60309, 60337, 60390, 60425, 60612, 60676, 60692, 60699, 60808, 60979, 60980, 61195, 61290, 61343, 61359, 61384, 61395, 61472, 61750, 61805, 61807, 61859, 61898, 62002, 62049, 62179, 62201, 62299, 62398, 62419, 62610, 62650, 62700, 62850, 62859, 62873, 63015, 63057, 63072, 63172, 63173, 63176, 63375, 63401, 63505, 63709, 63715, 63814, 63924, 63946, 64068, 64079, 64081, 64136, 64156, 64173, 64353, 64357, 64374, 64460, 64592, 64627, 64680, 64694, 64743, 64837, 64838, 64946, 65114, 65164, 65213, 65253, 65461, 65497, 65595, 65751, 66033, 66100, 66200, 66205, 66245, 66514, 66525, 66602, 66633, 66683, 66727, 66733, 66767, 66769, 66880, 67127, 67158, 67585, 67671, 67692, 67791, 67862, 67988, 68446, 68455, 68673, 68724, 68739, 68748, 68752, 68758, 68880, 69047, 69057, 69109, 69111, 69228, 69258, 69303, 69407, 69412, 69428, 69433, 69512, 69525, 69595, 69601, 69604, 69643, 69697, 69844, 69877, 69970, 70074, 70112, 70163, 70290, 70336, 70413, 70457, 70479, 70618, 70652, 70669, 70830, 70950, 71240, 71245, 71301, 71440, 71482, 71552, 71650, 71711, 72049, 72157, 72231, 72370, 72650, 72738, 72747, 72795, 72815, 72889, 72941, 73064, 73081, 73205, 73216, 73248, 73319, 73441, 73553, 73617, 73904, 74016, 74064, 74065, 74066, 74095, 74279, 74303, 74570, 74572, 74707, 74834, 74934, 74939, 74989, 75037, 75049, 75132, 75280, 75626, 75665, 75794, 75852, 75911, 76328, 76427, 76531, 76618, 76624, 76643, 76784, 76862, 76929, 76961, 77035, 77179, 77245, 77252, 77283, 77322, 77370, 77415, 77425, 77460, 77757, 77822, 77830, 77915, 78008, 78476, 78575, 78590, 78627, 78672, 78779, 78810, 78900, 79035, 79052, 79108, 79156, 79171, 79337, 79379, 79412, 79463, 79570, 79656, 79747, 79756, 80011, 80095, 80119, 80186, 80374, 80394, 80400, 80433, 80440, 80534, 80600, 80602, 80692, 80804, 80872, 81198, 81353, 81357, 81418, 81455, 81491, 81496, 81530, 81567, 81925, 81970, 82168, 82195, 82243, 82286, 82475, 82485, 82559, 82561, 82623, 82643, 82749, 82947, 82985, 83089, 83091, 83161, 83488, 83518, 83663, 83696, 83797, 83799, 83993, 84014, 84039, 84135, 84150, 84156, 84259, 84456, 84459, 84507, 84513, 84629, 84640, 84662, 84815, 84933, 85040, 85079, 85090, 85107, 85108, 85113, 85193, 85296, 85363, 85399, 85607, 85744, 85832, 85836, 85973, 85993, 86037, 86096, 86314, 86316, 86368, 86514, 86614, 86656, 86697, 86788, 86951, 86963, 87066, 87079, 87264, 87294, 87376, 87419, 87422, 87427, 87500, 87506, 87524, 87591, 87637, 87685, 87944, 88017, 88074, 88076, 88155, 88224, 88320, 88361, 88379, 88481, 88485, 88496, 88583, 88847, 88917, 88950, 89020, 89092, 89162, 89194, 89427, 89483, 89549, 89603, 89652, 89745, 89746, 89838, 89857, 90113, 90127, 90128, 90152, 90186, 90269, 90275, 90416, 90453, 90536, 90625, 90805, 90850, 90853, 90902, 90919, 90981, 91153, 91169, 91287, 91312, 91318, 91459, 91668, 91685, 91686, 91796, 91812, 91923, 92007, 92012, 92016, 92075, 92128, 92132, 92150, 92152, 92447, 92452, 92472, 92477, 92480, 92513, 92538, 92555, 92559, 92790, 92876, 92933, 92960, 93033, 93112, 93119, 93157, 93174, 93275, 93310, 93312, 93364, 93404, 93426, 93505, 93520, 93532, 93561, 93608, 93801, 93819, 93824, 93889, 94140, 94144, 94260, 94397, 94517, 94530, 94531, 94680, 94751, 94864, 94866, 94926, 94967, 95564, 95569, 95611, 95690, 95765, 95822, 95824, 95855, 95937, 96164, 96242, 96430, 96431, 96436, 96463, 96500, 96506, 96778, 96831, 96890, 96921, 96963, 97026, 97163, 97201, 97434, 97444, 97478, 97494, 97595, 97602, 97608, 97658, 97683, 97726, 97872, 97904, 97922, 97930, 97953, 98023, 98024, 98085, 98150, 98216, 98340, 98456, 98463, 98512, 98541, 98571, 98712, 98759, 98776, 98926, 98983, 99104, 99107, 99193, 99239, 99242, 99332, 99432, 99449, 99452, 99466, 99468, 99477, 99500, 99570, 99718, 99883, 100021, 100138, 100143, 100182, 100254, 100267, 100354, 100358, 100412, 100424, 100425, 100461, 100715, 100734, 100794, 100795, 100813, 100821, 100962, 100990, 101066, 101167, 101228, 101229, 101308, 101323, 101324, 101326, 101346, 101370, 101371, 101424, 101437, 101457, 101461, 101523, 101556, 101611, 101671, 101682, 101798, 101942, 102117, 102118, 102345, 102364, 102525, 102617, 102725, 102855, 102877, 103029, 103179, 103208, 103213, 103326, 103429, 103437, 103461, 103558, 103571, 103629, 103674, 103749, 103750, 103796, 103824, 103853, 104000, 104040, 104047, 104107, 104312, 104322, 104365, 104391, 104682, 104803, 104842, 104897, 105017, 105035, 105196, 105318, 105444, 105467, 105496, 105651, 105680, 105688, 105798, 105827, 105840, 105912, 106164, 106353, 106355, 106400, 106414, 106637, 106710, 106870, 106949, 107032, 107037, 107124, 107161, 107162, 107324, 107633, 107636, 107646, 107656, 107658, 107701, 107702, 107770, 107773, 107807, 108126, 108211, 108248, 108406, 108409, 108537, 108545, 108653, 108754, 108769, 108780, 108874, 109009, 109056, 109103, 109153, 109162, 109192, 109204, 109270, 109378, 109515, 109546, 109600, 109748, 109781, 109830, 110006, 110249, 110259, 110341, 110358, 110363, 110370, 110423, 110455, 110481, 110487, 110577, 110620, 110634, 110635, 110650, 110679, 110682, 110711, 110715, 110740, 110756, 110773, 110796, 110797, 110940, 111407, 111563, 111600, 111617, 111630, 111655, 111884, 111932, 111968, 111970, 111984, 112075, 112091, 112097, 112158, 112343, 112363, 112423, 112491, 112509, 112529, 112609, 112613, 112632, 112634, 112635, 112717, 112850, 113245, 113253, 113308, 113401, 113446, 113483, 113774, 113903, 113905, 113916, 114125, 114128, 114134, 114377, 114379, 114380, 114433, 114471, 114535, 114537, 114622, 114715, 114751, 114762, 114789, 114814, 114819, 114850, 115020, 115124, 115142, 115221, 115421, 115501, 115510, 115552, 115556, 115961, 115966, 115980, 116004, 116128, 116135, 116146, 116180, 116194, 116216, 116478, 116514, 116519, 116666, 116742, 116784, 116881, 116893, 116894, 116915, 116957, 116978, 116980, 117019, 117097, 117297, 117422, 117473, 117690, 117831, 117832, 117953, 117971, 117994, 118079, 118143, 118146, 118170, 118326, 118425, 118494, 118743, 118940, 118950, 119032, 119047, 119083, 119097, 119146, 119164, 119180, 119181, 119197, 119198, 119216, 119217, 119364, 119416, 119421, 119518, 119523, 119569, 119591, 119683, 119739, 119757, 119779, 119792, 119847, 119958, 119973, 120021, 120029, 120034, 120051, 120055, 120156, 120177, 120199, 120254, 120321, 120437, 120689, 120748, 120798, 120805, 120947, 120961, 121031, 121118, 121205, 121571, 121611, 121630, 121768, 121864, 121916, 121948, 121959, 121968, 122032, 122041, 122105, 122191, 122308, 122431, 122497, 122518, 122596, 122712, 122741, 122753, 122805, 122899, 122958, 122961, 123034, 123145, 123347, 123477, 123487, 123541, 123633, 123757, 123790, 123800, 123911, 124094, 124126, 124277, 124306, 124323, 124638, 124653, 124689, 124924, 124934, 124956, 125044, 125089, 125190, 125267, 125269, 125318, 125462, 125524, 125609, 125664, 125745, 125774, 125789, 125793, 125913, 125928, 125944, 126043, 126100, 126159, 126164, 126199, 126291, 126294, 126298, 126488, 126716, 126758, 126760, 126986, 127016, 127035, 127096, 127112, 127141, 127225, 127291, 127456, 127606, 127664, 127688, 127746, 127816, 127969, 128012, 128035, 128183, 128214, 128250, 128262, 128297, 128312, 128313, 128403, 128806, 128839, 128893, 128895, 128937, 128957, 128974, 129001, 129044, 129140, 129147, 129359, 129553, 129807, 129819, 129883, 130006, 130091, 130134, 130153, 130234, 130288, 130328, 130416, 130510, 130834, 130836, 130919, 130933, 130942, 131123, 131209, 131217, 131279, 131342, 131371, 131398, 131471, 131544, 131589, 131594, 131647, 131651, 131713, 131835, 131850, 131980, 132282, 132312, 132525, 132594, 132615, 132617, 132691, 132706, 132728, 132766, 132783, 132801, 132804, 132871, 132925, 132927, 132954, 133023, 133066, 133098, 133114, 133117, 133202, 133257, 133276]"
c2_degree,My-Seeds,0.1,10%,0.1,10%,1790,16113,4236,3833,403,4511,4104,0.25470117296592815,False,158,15827,"[13, 124, 342, 349, 357, 427, 507, 543, 604, 623, 661, 773, 811, 813, 898, 1366, 1400, 1451, 1482, 1516, 1582, 1898, 1958, 2167, 2168, 2211, 2240, 2241, 2330, 2417, 2487, 2535, 2588, 2630, 2641, 2702, 2743, 2796, 2855, 2965, 2968, 2969, 3003, 3047, 3073, 3102, 3201, 3232, 3241, 3377, 3421, 3532, 3543, 3553, 3584, 3591, 3781, 3824, 4006, 4024, 4074, 4075, 4159, 4282, 4284, 4291, 4301, 4311, 4320, 4390, 4419, 4459, 4531, 4532, 4788, 4790, 4892, 4903, 4984, 5050, 5273, 5335, 5516, 5523, 5541, 5558, 5668, 5674, 5710, 5745, 5868, 5904, 6000, 6083, 6393, 6529, 6532, 6548, 6593, 6597, 6655, 6831, 6845, 6976, 6996, 7009, 7026, 7033, 7205, 7206, 7264, 7462, 7480, 7482, 7593, 7706, 7761, 7836, 7980, 7991, 8053, 8143, 8398, 8506, 8554, 8979, 9208, 9220, 9292, 9320, 9334, 9356, 9386, 9389, 9418, 9442, 9617, 9941, 9992, 10000, 10017, 10172, 10191, 10428, 10490, 10564, 10679, 10719, 10726, 10729, 10873, 11038, 11080, 11176, 11275, 11381, 11477, 11478, 11519, 11866, 11963, 12039, 12050, 12069, 12073, 12164, 12187, 12203, 12249, 12448, 12704, 12737, 12758, 12927, 12997, 13045, 13046, 13070, 13084, 13112, 13121, 13219, 13257, 13652, 13709, 13743, 13894, 13945, 14063, 14101, 14528, 14614, 14726, 14783, 14887, 14911, 15016, 15029, 15122, 15124, 15150, 15153, 15161, 15215, 15483, 15765, 15943, 16123, 16219, 16250, 16305, 16312, 16329, 16340, 16360, 16442, 16468, 16525, 16536, 16773, 16783, 16842, 16851, 16901, 16931, 17001, 17045, 17243, 17266, 17380, 17440, 17447, 17515, 17549, 17584, 17603, 17642, 17689, 17863, 17866, 17979, 18079, 18092, 18176, 18250, 18252, 18339, 18354, 18400, 18481, 18553, 18642, 18667, 18685, 18694, 18781, 18876, 19113, 19204, 19206, 19575, 19695, 19772, 19776, 19779, 19981, 20214, 20218, 20297, 20418, 20464, 20656, 20665, 20685, 20695, 20715, 20762, 20842, 20857, 20866, 20890, 21149, 21192, 21333, 21368, 21458, 21471, 21512, 21542, 21551, 21566, 21728, 21768, 22035, 22071, 22241, 22418, 22531, 22560, 22851, 23122, 23257, 23258, 23296, 23317, 23384, 23631, 23741, 23749, 23752, 23819, 23849, 23890, 24002, 24107, 24139, 24377, 24593, 24596, 24702, 24833, 24847, 25061, 25063, 25066, 25108, 25177, 25208, 25346, 25351, 25385, 25509, 25523, 25538, 25588, 25697, 25934, 25995, 26172, 26205, 26299, 26301, 26303, 26324, 26349, 26359, 26477, 26780, 26797, 26849, 26897, 26899, 26915, 26976, 26994, 27233, 27281, 27309, 27327, 27408, 27444, 27470, 27478, 27579, 27653, 27686, 27710, 27728, 27811, 27943, 28027, 28129, 28190, 28235, 28287, 28293, 28334, 28529, 28706, 28797, 28822, 28890, 28918, 28968, 29001, 29083, 29091, 29128, 29186, 29274, 29285, 29302, 29366, 29430, 29468, 29738, 29798, 29802, 29842, 29890, 29959, 30129, 30199, 30222, 30630, 30703, 30735, 30736, 30738, 30828, 30878, 30920, 30951, 31076, 31077, 31103, 31290, 31336, 31362, 31501, 31638, 31644, 31876, 31898, 32046, 32051, 32109, 32158, 32269, 32317, 32325, 32368, 32370, 32372, 32404, 32410, 32486, 32528, 32564, 32595, 32663, 32666, 32672, 33351, 33364, 33509, 33636, 33658, 33659, 33692, 33709, 33851, 33883, 33886, 33932, 34110, 34200, 34270, 34387, 34459, 34478, 34608, 34864, 34868, 34869, 34880, 34922, 35363, 35375, 35377, 35381, 35449, 35637, 35656, 35777, 35930, 35955, 35961, 36026, 36089, 36372, 36455, 36572, 36688, 36758, 36907, 36973, 36975, 37088, 37097, 37141, 37519, 37526, 37540, 37747, 37858, 37943, 38343, 38351, 38685, 38810, 39172, 39218, 39244, 39258, 39378, 39385, 39436, 39460, 39522, 39746, 39794, 39856, 39951, 39955, 39978, 40108, 40270, 40425, 40440, 40495, 40607, 40618, 40750, 40768, 40781, 40797, 41170, 41199, 41304, 41357, 41419, 41434, 41478, 41611, 41668, 41676, 41875, 41919, 42068, 42149, 42201, 42224, 42228, 42300, 42402, 42453, 42487, 42501, 42639, 42685, 42719, 42754, 42809, 42843, 42920, 42923, 43009, 43031, 43098, 43130, 43449, 43451, 43652, 43731, 43891, 44021, 44087, 44091, 44237, 44340, 44434, 44501, 44612, 44631, 44678, 44948, 45034, 45055, 45208, 45272, 45531, 45554, 45595, 45653, 45694, 45982, 46081, 46109, 46119, 46146, 46160, 46229, 46342, 46360, 46415, 46449, 46451, 46532, 46556, 46559, 46600, 46963, 46964, 46985, 47029, 47098, 47271, 47331, 47442, 47504, 47679, 47722, 47731, 47772, 47865, 47882, 47911, 47999, 48014, 48198, 48227, 48255, 48350, 48436, 48442, 48444, 48466, 48498, 48542, 48793, 48878, 48956, 49019, 49034, 49197, 49486, 49740, 49939, 49991, 49997, 50122, 50183, 50247, 50399, 50448, 50449, 50815, 51027, 51066, 51090, 51124, 51236, 51257, 51265, 51363, 51377, 51494, 51517, 51554, 51699, 51709, 52068, 52100, 52177, 52252, 52314, 52321, 52482, 52786, 52949, 52978, 53034, 53084, 53214, 53280, 53530, 53531, 53588, 53594, 53710, 53795, 53911, 54003, 54012, 54018, 54029, 54102, 54183, 54262, 54424, 54450, 54541, 54582, 54771, 54860, 55040, 55058, 55200, 55384, 55494, 55495, 55519, 55644, 55850, 55852, 55960, 56058, 56187, 56221, 56237, 56310, 56608, 56614, 56669, 56774, 56829, 56840, 56945, 57006, 57368, 57463, 57644, 57953, 58014, 58060, 58157, 58170, 58191, 58217, 58278, 58365, 58458, 58484, 58646, 58707, 58920, 58935, 58950, 58955, 59053, 59112, 59189, 59217, 59367, 59432, 59444, 59465, 59489, 59506, 59594, 59672, 59716, 59802, 60056, 60116, 60164, 60219, 60220, 60309, 60337, 60390, 60425, 60612, 60676, 60692, 60699, 60808, 60979, 60980, 61195, 61290, 61343, 61359, 61384, 61395, 61472, 61750, 61805, 61807, 61859, 61898, 62002, 62049, 62179, 62201, 62299, 62398, 62419, 62610, 62650, 62700, 62850, 62859, 62873, 63015, 63057, 63072, 63172, 63173, 63176, 63375, 63401, 63505, 63709, 63715, 63814, 63924, 63946, 64068, 64079, 64081, 64136, 64156, 64173, 64353, 64357, 64374, 64460, 64592, 64627, 64680, 64694, 64743, 64837, 64838, 64946, 65114, 65164, 65213, 65253, 65461, 65497, 65595, 65751, 66033, 66100, 66200, 66205, 66245, 66514, 66525, 66602, 66633, 66683, 66727, 66733, 66767, 66769, 66880, 67127, 67158, 67585, 67671, 67692, 67791, 67862, 67988, 68446, 68455, 68673, 68724, 68739, 68748, 68752, 68758, 68880, 69047, 69057, 69109, 69111, 69228, 69258, 69303, 69407, 69412, 69428, 69433, 69512, 69525, 69595, 69601, 69604, 69643, 69697, 69844, 69877, 69970, 70074, 70112, 70163, 70290, 70336, 70413, 70457, 70479, 70618, 70652, 70669, 70830, 70950, 71240, 71245, 71301, 71440, 71482, 71552, 71650, 71711, 72049, 72157, 72231, 72370, 72650, 72738, 72747, 72795, 72815, 72889, 72941, 73064, 73081, 73205, 73216, 73248, 73319, 73441, 73553, 73617, 73904, 74016, 74064, 74065, 74066, 74095, 74279, 74303, 74570, 74572, 74707, 74834, 74934, 74939, 74989, 75037, 75049, 75132, 75280, 75626, 75665, 75794, 75852, 75911, 76328, 76427, 76531, 76618, 76624, 76643, 76784, 76862, 76929, 76961, 77035, 77179, 77245, 77252, 77283, 77322, 77370, 77415, 77425, 77460, 77757, 77822, 77830, 77915, 78008, 78476, 78575, 78590, 78627, 78672, 78779, 78810, 78900, 79035, 79052, 79108, 79156, 79171, 79337, 79379, 79412, 79463, 79570, 79656, 79747, 79756, 80011, 80095, 80119, 80186, 80374, 80394, 80400, 80433, 80440, 80534, 80600, 80602, 80692, 80804, 80872, 81198, 81353, 81357, 81418, 81455, 81491, 81496, 81530, 81567, 81925, 81970, 82168, 82195, 82243, 82286, 82475, 82485, 82559, 82561, 82623, 82643, 82749, 82947, 82985, 83089, 83091, 83161, 83488, 83518, 83663, 83696, 83797, 83799, 83993, 84014, 84039, 84135, 84150, 84156, 84259, 84456, 84459, 84507, 84513, 84629, 84640, 84662, 84815, 84933, 85040, 85079, 85090, 85107, 85108, 85113, 85193, 85296, 85363, 85399, 85607, 85744, 85832, 85836, 85973, 85993, 86037, 86096, 86314, 86316, 86368, 86514, 86614, 86656, 86697, 86788, 86951, 86963, 87066, 87079, 87264, 87294, 87376, 87419, 87422, 87427, 87500, 87506, 87524, 87591, 87637, 87685, 87944, 88017, 88074, 88076, 88155, 88224, 88320, 88361, 88379, 88481, 88485, 88496, 88583, 88847, 88917, 88950, 89020, 89092, 89162, 89194, 89427, 89483, 89549, 89603, 89652, 89745, 89746, 89838, 89857, 90113, 90127, 90128, 90152, 90186, 90269, 90275, 90416, 90453, 90536, 90625, 90805, 90850, 90853, 90902, 90919, 90981, 91153, 91169, 91287, 91312, 91318, 91459, 91668, 91685, 91686, 91796, 91812, 91923, 92007, 92012, 92016, 92075, 92128, 92132, 92150, 92152, 92447, 92452, 92472, 92477, 92480, 92513, 92538, 92555, 92559, 92790, 92876, 92933, 92960, 93033, 93112, 93119, 93157, 93174, 93275, 93310, 93312, 93364, 93404, 93426, 93505, 93520, 93532, 93561, 93608, 93801, 93819, 93824, 93889, 94140, 94144, 94260, 94397, 94517, 94530, 94531, 94680, 94751, 94864, 94866, 94926, 94967, 95564, 95569, 95611, 95690, 95765, 95822, 95824, 95855, 95937, 96164, 96242, 96430, 96431, 96436, 96463, 96500, 96506, 96778, 96831, 96890, 96921, 96963, 97026, 97163, 97201, 97434, 97444, 97478, 97494, 97595, 97602, 97608, 97658, 97683, 97726, 97872, 97904, 97922, 97930, 97953, 98023, 98024, 98085, 98150, 98216, 98340, 98456, 98463, 98512, 98541, 98571, 98712, 98759, 98776, 98926, 98983, 99104, 99107, 99193, 99239, 99242, 99332, 99432, 99449, 99452, 99466, 99468, 99477, 99500, 99570, 99718, 99883, 100021, 100138, 100143, 100182, 100254, 100267, 100354, 100358, 100412, 100424, 100425, 100461, 100715, 100734, 100794, 100795, 100813, 100821, 100962, 100990, 101066, 101167, 101228, 101229, 101308, 101323, 101324, 101326, 101346, 101370, 101371, 101424, 101437, 101457, 101461, 101523, 101556, 101611, 101671, 101682, 101798, 101942, 102117, 102118, 102345, 102364, 102525, 102617, 102725, 102855, 102877, 103029, 103179, 103208, 103213, 103326, 103429, 103437, 103461, 103558, 103571, 103629, 103674, 103749, 103750, 103796, 103824, 103853, 104000, 104040, 104047, 104107, 104312, 104322, 104365, 104391, 104682, 104803, 104842, 104897, 105017, 105035, 105196, 105318, 105444, 105467, 105496, 105651, 105680, 105688, 105798, 105827, 105840, 105912, 106164, 106353, 106355, 106400, 106414, 106637, 106710, 106870, 106949, 107032, 107037, 107124, 107161, 107162, 107324, 107633, 107636, 107646, 107656, 107658, 107701, 107702, 107770, 107773, 107807, 108126, 108211, 108248, 108406, 108409, 108537, 108545, 108653, 108754, 108769, 108780, 108874, 109009, 109056, 109103, 109153, 109162, 109192, 109204, 109270, 109378, 109515, 109546, 109600, 109748, 109781, 109830, 110006, 110249, 110259, 110341, 110358, 110363, 110370, 110423, 110455, 110481, 110487, 110577, 110620, 110634, 110635, 110650, 110679, 110682, 110711, 110715, 110740, 110756, 110773, 110796, 110797, 110940, 111407, 111563, 111600, 111617, 111630, 111655, 111884, 111932, 111968, 111970, 111984, 112075, 112091, 112097, 112158, 112343, 112363, 112423, 112491, 112509, 112529, 112609, 112613, 112632, 112634, 112635, 112717, 112850, 113245, 113253, 113308, 113401, 113446, 113483, 113774, 113903, 113905, 113916, 114125, 114128, 114134, 114377, 114379, 114380, 114433, 114471, 114535, 114537, 114622, 114715, 114751, 114762, 114789, 114814, 114819, 114850, 115020, 115124, 115142, 115221, 115421, 115501, 115510, 115552, 115556, 115961, 115966, 115980, 116004, 116128, 116135, 116146, 116180, 116194, 116216, 116478, 116514, 116519, 116666, 116742, 116784, 116881, 116893, 116894, 116915, 116957, 116978, 116980, 117019, 117097, 117297, 117422, 117473, 117690, 117831, 117832, 117953, 117971, 117994, 118079, 118143, 118146, 118170, 118326, 118425, 118494, 118743, 118940, 118950, 119032, 119047, 119083, 119097, 119146, 119164, 119180, 119181, 119197, 119198, 119216, 119217, 119364, 119416, 119421, 119518, 119523, 119569, 119591, 119683, 119739, 119757, 119779, 119792, 119847, 119958, 119973, 120021, 120029, 120034, 120051, 120055, 120156, 120177, 120199, 120254, 120321, 120437, 120689, 120748, 120798, 120805, 120947, 120961, 121031, 121118, 121205, 121571, 121611, 121630, 121768, 121864, 121916, 121948, 121959, 121968, 122032, 122041, 122105, 122191, 122308, 122431, 122497, 122518, 122596, 122712, 122741, 122753, 122805, 122899, 122958, 122961, 123034, 123145, 123347, 123477, 123487, 123541, 123633, 123757, 123790, 123800, 123911, 124094, 124126, 124277, 124306, 124323, 124638, 124653, 124689, 124924, 124934, 124956, 125044, 125089, 125190, 125267, 125269, 125318, 125462, 125524, 125609, 125664, 125745, 125774, 125789, 125793, 125913, 125928, 125944, 126043, 126100, 126159, 126164, 126199, 126291, 126294, 126298, 126488, 126716, 126758, 126760, 126986, 127016, 127035, 127096, 127112, 127141, 127225, 127291, 127456, 127606, 127664, 127688, 127746, 127816, 127969, 128012, 128035, 128183, 128214, 128250, 128262, 128297, 128312, 128313, 128403, 128806, 128839, 128893, 128895, 128937, 128957, 128974, 129001, 129044, 129140, 129147, 129359, 129553, 129807, 129819, 129883, 130006, 130091, 130134, 130153, 130234, 130288, 130328, 130416, 130510, 130834, 130836, 130919, 130933, 130942, 131123, 131209, 131217, 131279, 131342, 131371, 131398, 131471, 131544, 131589, 131594, 131647, 131651, 131713, 131835, 131850, 131980, 132282, 132312, 132525, 132594, 132615, 132617, 132691, 132706, 132728, 132766, 132783, 132801, 132804, 132871, 132925, 132927, 132954, 133023, 133066, 133098, 133114, 133117, 133202, 133257, 133276]"
c1_random,Greedy-f1,0.1,10%,0.2,20%,3581,14322,3696,2975,721,16530,12766,0.8913559558720849,False,311,13828,"[13, 124, 172, 333, 342, 349, 357, 424, 427, 497, 507, 543, 555, 568, 604, 623, 661, 749, 768, 773, 784, 811, 812, 813, 815, 839, 898, 1099, 1218, 1339, 1366, 1367, 1399, 1400, 1451, 1458, 1482, 1509, 1516, 1556, 1582, 1677, 1692, 1697, 1713, 1898, 1918, 1958, 1964, 2109, 2167, 2168, 2211, 2240, 2241, 2262, 2330, 2372, 2381, 2417, 2447, 2487, 2508, 2535, 2588, 2630, 2634, 2641, 2702, 2743, 2794, 2796, 2855, 2910, 2916, 2965, 2968, 2969, 3003, 3005, 3047, 3073, 3102, 3138, 3149, 3151, 3201, 3209, 3232, 3241, 3270, 3377, 3421, 3508, 3532, 3543, 3553, 3566, 3584, 3591, 3604, 3713, 3776, 3778, 3781, 3803, 3812, 3824, 3832, 3839, 3842, 3853, 3940, 4006, 4024, 4044, 4074, 4075, 4142, 4159, 4245, 4282, 4284, 4288, 4291, 4301, 4305, 4311, 4320, 4390, 4419, 4444, 4459, 4462, 4481, 4483, 4526, 4531, 4532, 4541, 4686, 4734, 4788, 4790, 4796, 4815, 4881, 4892, 4893, 4903, 4984, 4996, 5050, 5099, 5102, 5166, 5185, 5212, 5273, 5275, 5335, 5391, 5420, 5421, 5462, 5480, 5513, 5516, 5523, 5541, 5547, 5558, 5578, 5580, 5668, 5674, 5710, 5745, 5811, 5854, 5868, 5904, 5905, 5959, 6000, 6003, 6004, 6021, 6059, 6083, 6137, 6167, 6173, 6393, 6418, 6420, 6466, 6468, 6529, 6532, 6548, 6593, 6597, 6618, 6619, 6637, 6655, 6689, 6730, 6790, 6831, 6837, 6845, 6912, 6976, 6995, 6996, 7005, 7009, 7026, 7033, 7128, 7205, 7206, 7209, 7264, 7462, 7469, 7480, 7482, 7520, 7593, 7612, 7614, 7706, 7721, 7761, 7829, 7836, 7955, 7980, 7991, 8053, 8058, 8128, 8143, 8160, 8161, 8195, 8304, 8332, 8373, 8397, 8398, 8459, 8461, 8506, 8554, 8592, 8615, 8627, 8705, 8836, 8958, 8979, 9049, 9052, 9167, 9208, 9220, 9292, 9320, 9334, 9356, 9386, 9389, 9418, 9442, 9494, 9510, 9557, 9612, 9617, 9648, 9671, 9678, 9900, 9941, 9942, 9992, 9999, 10000, 10017, 10065, 10168, 10172, 10184, 10191, 10244, 10273, 10341, 10428, 10490, 10503, 10564, 10639, 10640, 10641, 10679, 10713, 10719, 10726, 10729, 10785, 10807, 10834, 10873, 10899, 10900, 11006, 11020, 11038, 11080, 11085, 11091, 11109, 11176, 11199, 11257, 11275, 11318, 11381, 11477, 11478, 11519, 11553, 11580, 11590, 11664, 11799, 11866, 11916, 11963, 12039, 12050, 12069, 12073, 12148, 12152, 12164, 12185, 12187, 12203, 12249, 12338, 12448, 12501, 12544, 12549, 12644, 12683, 12704, 12732, 12737, 12758, 12927, 12997, 13045, 13046, 13070, 13084, 13112, 13121, 13175, 13179, 13219, 13246, 13254, 13257, 13590, 13624, 13647, 13652, 13709, 13743, 13758, 13805, 13822, 13876, 13881, 13894, 13945, 13962, 13976, 14009, 14063, 14095, 14101, 14210, 14212, 14221, 14365, 14382, 14439, 14528, 14579, 14614, 14706, 14716, 14726, 14783, 14861, 14887, 14911, 15016, 15029, 15036, 15122, 15124, 15150, 15153, 15161, 15212, 15215, 15250, 15309, 15413, 15436, 15467, 15483, 15505, 15525, 15647, 15765, 15846, 15943, 16042, 16092, 16102, 16115, 16116, 16123, 16219, 16237, 16246, 16250, 16270, 16287, 16305, 16312, 16313, 16329, 16331, 16336, 16340, 16360, 16442, 16467, 16468, 16525, 16536, 16540, 16542, 16607, 16700, 16773, 16783, 16794, 16842, 16851, 16879, 16901, 16931, 16961, 16972, 16973, 17001, 17045, 17243, 17266, 17277, 17295, 17380, 17437, 17440, 17447, 17515, 17549, 17584, 17603, 17642, 17652, 17689, 17722, 17736, 17764, 17806, 17863, 17864, 17866, 17970, 17979, 17983, 18009, 18079, 18091, 18092, 18176, 18225, 18236, 18250, 18252, 18325, 18339, 18354, 18361, 18400, 18444, 18459, 18481, 18553, 18585, 18600, 18642, 18667, 18685, 18694, 18781, 18860, 18876, 18877, 18995, 19113, 19166, 19167, 19204, 19206, 19207, 19341, 19432, 19467, 19479, 19575, 19620, 19695, 19772, 19776, 19778, 19779, 19945, 19973, 19981, 20113, 20126, 20214, 20218, 20297, 20418, 20440, 20464, 20469, 20492, 20496, 20636, 20656, 20665, 20685, 20695, 20711, 20715, 20740, 20762, 20779, 20783, 20842, 20857, 20866, 20890, 20903, 21138, 21148, 21149, 21192, 21195, 21333, 21368, 21369, 21458, 21466, 21471, 21475, 21512, 21514, 21542, 21551, 21566, 21627, 21728, 21757, 21764, 21765, 21768, 21878, 22035, 22071, 22110, 22241, 22358, 22418, 22462, 22528, 22531, 22560, 22586, 22684, 22769, 22842, 22851, 23122, 23140, 23219, 23257, 23258, 23283, 23284, 23294, 23296, 23306, 23317, 23338, 23339, 23349, 23384, 23457, 23461, 23559, 23564, 23631, 23691, 23740, 23741, 23749, 23752, 23769, 23816, 23819, 23820, 23849, 23890, 24002, 24099, 24107, 24139, 24176, 24197, 24354, 24377, 24394, 24435, 24445, 24455, 24500, 24593, 24596, 24665, 24702, 24752, 24833, 24847, 24897, 24903, 25061, 25063, 25066, 25108, 25112, 25169, 25177, 25208, 25329, 25346, 25351, 25374, 25385, 25395, 25509, 25521, 25523, 25538, 25588, 25599, 25621, 25697, 25822, 25833, 25934, 25995, 26091, 26149, 26151, 26172, 26205, 26299, 26301, 26303, 26324, 26349, 26354, 26359, 26477, 26769, 26780, 26797, 26826, 26840, 26849, 26896, 26897, 26899, 26915, 26976, 26994, 27031, 27062, 27233, 27281, 27292, 27297, 27309, 27327, 27408, 27444, 27470, 27478, 27481, 27560, 27573, 27579, 27580, 27581, 27633, 27634, 27653, 27686, 27710, 27728, 27751, 27779, 27811, 27862, 27884, 27905, 27919, 27943, 28005, 28027, 28045, 28129, 28130, 28142, 28190, 28235, 28256, 28287, 28293, 28334, 28385, 28529, 28530, 28706, 28730, 28797, 28822, 28827, 28890, 28917, 28918, 28935, 28968, 29001, 29026, 29065, 29067, 29075, 29083, 29091, 29115, 29128, 29186, 29189, 29226, 29274, 29285, 29302, 29355, 29366, 29430, 29468, 29508, 29607, 29738, 29754, 29767, 29798, 29802, 29833, 29842, 29890, 29895, 29906, 29934, 29945, 29959, 29974, 30018, 30129, 30199, 30222, 30355, 30593, 30630, 30703, 30735, 30736, 30738, 30828, 30878, 30912, 30920, 30951, 30972, 31076, 31077, 31089, 31103, 31126, 31146, 31265, 31290, 31336, 31346, 31362, 31414, 31465, 31467, 31470, 31501, 31564, 31638, 31644, 31782, 31876, 31880, 31898, 32046, 32049, 32051, 32078, 32100, 32104, 32109, 32158, 32202, 32269, 32298, 32317, 32325, 32352, 32368, 32370, 32372, 32404, 32410, 32457, 32486, 32528, 32562, 32564, 32595, 32663, 32666, 32672, 32777, 33099, 33108, 33190, 33224, 33351, 33364, 33430, 33509, 33636, 33643, 33658, 33659, 33692, 33709, 33763, 33797, 33851, 33883, 33886, 33932, 34018, 34110, 34200, 34218, 34265, 34270, 34387, 34417, 34454, 34459, 34478, 34537, 34539, 34608, 34727, 34864, 34868, 34869, 34880, 34908, 34922, 34928, 35029, 35111, 35141, 35154, 35159, 35299, 35317, 35363, 35375, 35377, 35381, 35449, 35552, 35598, 35599, 35637, 35656, 35729, 35777, 35930, 35955, 35961, 36026, 36066, 36089, 36183, 36372, 36373, 36442, 36455, 36562, 36566, 36572, 36604, 36608, 36611, 36657, 36688, 36758, 36759, 36907, 36973, 36974, 36975, 37040, 37046, 37088, 37097, 37141, 37179, 37254, 37315, 37519, 37526, 37540, 37653, 37747, 37786, 37832, 37858, 37861, 37865, 37943, 38196, 38227, 38300, 38343, 38351, 38378, 38584, 38675, 38685, 38694, 38810, 38820, 38887, 38977, 38980, 38985, 39050, 39108, 39111, 39121, 39160, 39172, 39186, 39190, 39218, 39239, 39244, 39258, 39365, 39367, 39371, 39372, 39378, 39385, 39436, 39437, 39460, 39478, 39522, 39527, 39579, 39582, 39741, 39743, 39746, 39789, 39790, 39794, 39856, 39903, 39949, 39951, 39955, 39969, 39978, 40012, 40108, 40181, 40270, 40339, 40353, 40419, 40425, 40440, 40495, 40509, 40607, 40618, 40720, 40729, 40739, 40750, 40768, 40781, 40784, 40797, 40839, 41002, 41133, 41169, 41170, 41199, 41304, 41353, 41357, 41419, 41434, 41476, 41477, 41478, 41574, 41611, 41668, 41676, 41798, 41875, 41884, 41919, 42068, 42071, 42149, 42172, 42201, 42202, 42205, 42224, 42228, 42294, 42299, 42300, 42349, 42355, 42402, 42430, 42453, 42472, 42487, 42501, 42552, 42585, 42636, 42637, 42639, 42685, 42719, 42754, 42791, 42793, 42808, 42809, 42843, 42883, 42920, 42923, 43009, 43015, 43031, 43052, 43066, 43098, 43130, 43279, 43287, 43312, 43369, 43371, 43405, 43411, 43449, 43451, 43457, 43469, 43601, 43613, 43652, 43708, 43713, 43731, 43742, 43779, 43875, 43891, 44021, 44070, 44079, 44087, 44091, 44127, 44135, 44237, 44256, 44329, 44340, 44343, 44434, 44501, 44520, 44612, 44623, 44631, 44678, 44948, 45034, 45054, 45055, 45163, 45183, 45208, 45272, 45320, 45421, 45531, 45533, 45554, 45595, 45617, 45640, 45653, 45654, 45678, 45694, 45791, 45982, 46031, 46081, 46108, 46109, 46119, 46146, 46153, 46160, 46229, 46263, 46294, 46342, 46344, 46354, 46360, 46373, 46415, 46449, 46451, 46532, 46556, 46559, 46600, 46685, 46698, 46738, 46783, 46784, 46963, 46964, 46985, 47005, 47029, 47046, 47052, 47056, 47098, 47247, 47271, 47311, 47331, 47371, 47403, 47424, 47442, 47504, 47643, 47669, 47670, 47679, 47722, 47731, 47772, 47828, 47829, 47831, 47865, 47882, 47911, 47999, 48014, 48043, 48198, 48227, 48255, 48301, 48350, 48352, 48358, 48436, 48442, 48444, 48466, 48498, 48537, 48542, 48642, 48660, 48793, 48869, 48878, 48956, 49019, 49033, 49034, 49163, 49197, 49242, 49251, 49321, 49387, 49422, 49486, 49495, 49541, 49669, 49737, 49740, 49741, 49742, 49747, 49770, 49807, 49934, 49939, 49991, 49997, 50102, 50122, 50124, 50125, 50181, 50183, 50220, 50247, 50280, 50319, 50399, 50448, 50449, 50475, 50515, 50544, 50691, 50815, 50938, 50946, 51016, 51027, 51066, 51090, 51124, 51137, 51145, 51206, 51211, 51236, 51257, 51265, 51318, 51363, 51377, 51459, 51494, 51517, 51554, 51697, 51699, 51709, 51751, 51769, 51778, 51977, 52041, 52046, 52068, 52100, 52143, 52177, 52228, 52252, 52314, 52321, 52351, 52480, 52482, 52495, 52497, 52547, 52603, 52735, 52770, 52786, 52909, 52949, 52971, 52978, 53034, 53058, 53084, 53214, 53280, 53360, 53404, 53486, 53488, 53530, 53531, 53534, 53588, 53594, 53599, 53617, 53681, 53710, 53795, 53911, 53913, 53916, 53942, 53956, 54003, 54012, 54014, 54018, 54029, 54099, 54102, 54140, 54183, 54196, 54262, 54414, 54424, 54450, 54460, 54461, 54541, 54545, 54548, 54575, 54582, 54599, 54608, 54614, 54771, 54860, 54885, 54952, 55000, 55040, 55052, 55058, 55155, 55169, 55198, 55200, 55247, 55328, 55383, 55384, 55407, 55462, 55494, 55495, 55506, 55507, 55519, 55603, 55644, 55714, 55723, 55850, 55852, 55859, 55903, 55960, 55961, 56002, 56051, 56058, 56125, 56170, 56174, 56187, 56194, 56215, 56217, 56221, 56223, 56237, 56310, 56387, 56559, 56589, 56608, 56614, 56669, 56774, 56829, 56840, 56920, 56945, 56985, 57006, 57035, 57150, 57163, 57276, 57368, 57372, 57446, 57461, 57463, 57495, 57537, 57644, 57647, 57660, 57943, 57953, 58014, 58060, 58080, 58138, 58157, 58166, 58169, 58170, 58191, 58199, 58217, 58278, 58365, 58458, 58484, 58594, 58646, 58656, 58707, 58831, 58920, 58935, 58950, 58955, 59053, 59111, 59112, 59151, 59183, 59189, 59200, 59217, 59278, 59334, 59367, 59376, 59432, 59444, 59465, 59489, 59506, 59532, 59594, 59672, 59716, 59802, 59810, 59822, 60056, 60075, 60078, 60115, 60116, 60164, 60219, 60220, 60271, 60288, 60309, 60337, 60390, 60425, 60499, 60612, 60642, 60651, 60676, 60690, 60692, 60696, 60699, 60717, 60723, 60808, 60809, 60812, 60824, 60979, 60980, 61195, 61290, 61311, 61343, 61345, 61359, 61384, 61395, 61472, 61581, 61593, 61597, 61750, 61805, 61807, 61829, 61859, 61892, 61898, 62002, 62018, 62020, 62049, 62063, 62102, 62179, 62199, 62201, 62238, 62282, 62299, 62398, 62419, 62431, 62485, 62486, 62540, 62562, 62610, 62650, 62653, 62680, 62695, 62700, 62832, 62850, 62859, 62873, 62940, 62967, 63015, 63057, 63072, 63121, 63140, 63172, 63173, 63176, 63243, 63287, 63304, 63310, 63311, 63375, 63401, 63422, 63488, 63505, 63621, 63625, 63665, 63671, 63709, 63711, 63715, 63719, 63813, 63814, 63924, 63946, 63970, 64068, 64079, 64081, 64136, 64156, 64159, 64173, 64186, 64282, 64294, 64295, 64353, 64357, 64374, 64460, 64483, 64592, 64601, 64627, 64630, 64649, 64665, 64669, 64680, 64694, 64743, 64789, 64837, 64838, 64859, 64940, 64944, 64946, 64973, 65114, 65116, 65164, 65213, 65253, 65461, 65497, 65499, 65534, 65567, 65595, 65610, 65642, 65643, 65723, 65751, 65977, 66033, 66039, 66100, 66200, 66205, 66241, 66245, 66311, 66351, 66456, 66511, 66514, 66525, 66538, 66555, 66602, 66633, 66683, 66725, 66727, 66733, 66740, 66766, 66767, 66769, 66880, 67032, 67090, 67127, 67141, 67157, 67158, 67242, 67244, 67299, 67337, 67344, 67585, 67587, 67662, 67671, 67692, 67716, 67723, 67731, 67759, 67778, 67779, 67791, 67846, 67862, 67864, 67894, 67985, 67988, 68018, 68044, 68077, 68162, 68213, 68242, 68252, 68409, 68446, 68455, 68673, 68674, 68724, 68739, 68748, 68752, 68758, 68880, 68923, 68952, 68969, 69047, 69057, 69109, 69111, 69169, 69187, 69191, 69226, 69228, 69258, 69303, 69407, 69412, 69428, 69433, 69512, 69525, 69595, 69601, 69604, 69643, 69661, 69697, 69702, 69726, 69844, 69877, 69937, 69970, 70025, 70029, 70074, 70112, 70151, 70163, 70193, 70226, 70227, 70236, 70278, 70290, 70336, 70339, 70366, 70413, 70424, 70453, 70457, 70459, 70479, 70524, 70562, 70618, 70652, 70669, 70781, 70799, 70830, 70916, 70918, 70950, 71007, 71084, 71159, 71163, 71226, 71240, 71244, 71245, 71301, 71329, 71390, 71440, 71482, 71507, 71552, 71650, 71711, 71718, 71727, 71738, 71745, 71776, 71856, 71982, 71989, 72049, 72081, 72114, 72157, 72201, 72231, 72278, 72370, 72380, 72434, 72616, 72642, 72650, 72738, 72747, 72795, 72813, 72815, 72818, 72857, 72889, 72941, 72959, 72960, 73006, 73044, 73064, 73081, 73134, 73135, 73205, 73216, 73242, 73248, 73299, 73308, 73309, 73319, 73393, 73420, 73441, 73489, 73553, 73603, 73617, 73703, 73747, 73797, 73904, 73905, 73956, 74016, 74024, 74064, 74065, 74066, 74095, 74193, 74279, 74283, 74303, 74340, 74359, 74444, 74570, 74572, 74591, 74612, 74659, 74707, 74834, 74906, 74919, 74934, 74939, 74972, 74989, 75037, 75047, 75049, 75055, 75098, 75117, 75132, 75145, 75280, 75626, 75665, 75690, 75786, 75794, 75852, 75857, 75911, 76075, 76078, 76215, 76323, 76328, 76427, 76467, 76531, 76533, 76594, 76618, 76624, 76643, 76672, 76706, 76707, 76751, 76784, 76832, 76862, 76892, 76929, 76930, 76948, 76959, 76961, 76970, 77035, 77048, 77130, 77179, 77208, 77245, 77252, 77253, 77283, 77292, 77322, 77370, 77388, 77415, 77425, 77436, 77460, 77505, 77560, 77757, 77819, 77822, 77830, 77915, 77985, 78008, 78091, 78179, 78242, 78361, 78425, 78469, 78470, 78476, 78550, 78553, 78575, 78579, 78590, 78600, 78627, 78672, 78699, 78705, 78765, 78777, 78779, 78781, 78810, 78900, 79035, 79052, 79055, 79108, 79109, 79156, 79171, 79238, 79239, 79337, 79372, 79379, 79393, 79398, 79412, 79463, 79570, 79613, 79656, 79722, 79747, 79756, 79771, 79974, 80002, 80011, 80089, 80093, 80095, 80119, 80120, 80186, 80193, 80213, 80373, 80374, 80394, 80400, 80433, 80440, 80442, 80479, 80534, 80576, 80600, 80602, 80692, 80742, 80745, 80763, 80764, 80804, 80872, 81031, 81175, 81198, 81221, 81251, 81353, 81355, 81357, 81418, 81454, 81455, 81463, 81491, 81496, 81530, 81557, 81567, 81615, 81625, 81712, 81804, 81826, 81908, 81925, 81970, 82115, 82160, 82168, 82184, 82195, 82197, 82243, 82286, 82365, 82475, 82485, 82535, 82559, 82561, 82618, 82623, 82643, 82749, 82767, 82798, 82837, 82947, 82985, 83004, 83005, 83057, 83089, 83091, 83161, 83257, 83319, 83362, 83375, 83393, 83424, 83453, 83474, 83488, 83518, 83519, 83567, 83572, 83663, 83686, 83696, 83720, 83723, 83775, 83797, 83799, 83848, 83943, 83993, 84008, 84014, 84039, 84052, 84056, 84135, 84150, 84156, 84164, 84259, 84325, 84456, 84459, 84463, 84482, 84506, 84507, 84513, 84629, 84640, 84643, 84657, 84662, 84737, 84804, 84815, 84933, 85009, 85037, 85040, 85079, 85090, 85107, 85108, 85113, 85193, 85296, 85363, 85399, 85455, 85476, 85481, 85607, 85744, 85755, 85765, 85832, 85836, 85838, 85883, 85934, 85942, 85973, 85993, 86016, 86018, 86029, 86037, 86096, 86312, 86314, 86316, 86334, 86368, 86514, 86528, 86546, 86614, 86656, 86697, 86738, 86746, 86788, 86789, 86824, 86892, 86951, 86959, 86963, 86986, 87066, 87079, 87165, 87187, 87264, 87294, 87376, 87419, 87422, 87427, 87497, 87500, 87506, 87507, 87524, 87525, 87591, 87637, 87657, 87685, 87936, 87944, 88017, 88032, 88042, 88074, 88076, 88155, 88201, 88220, 88224, 88320, 88348, 88361, 88379, 88419, 88481, 88485, 88491, 88496, 88563, 88583, 88657, 88664, 88708, 88847, 88903, 88917, 88950, 88953, 88982, 88987, 89020, 89092, 89110, 89113, 89162, 89170, 89194, 89249, 89323, 89427, 89483, 89549, 89603, 89619, 89652, 89732, 89745, 89746, 89820, 89838, 89857, 89928, 89929, 90068, 90113, 90127, 90128, 90152, 90186, 90216, 90253, 90269, 90272, 90275, 90408, 90416, 90437, 90453, 90466, 90506, 90536, 90594, 90625, 90650, 90800, 90805, 90839, 90850, 90853, 90881, 90901, 90902, 90908, 90909, 90919, 90975, 90981, 91005, 91008, 91027, 91130, 91153, 91169, 91196, 91215, 91227, 91253, 91287, 91312, 91318, 91453, 91459, 91481, 91485, 91523, 91612, 91646, 91648, 91657, 91668, 91672, 91685, 91686, 91796, 91812, 91923, 91970, 92001, 92007, 92012, 92016, 92075, 92128, 92132, 92150, 92152, 92276, 92447, 92452, 92472, 92477, 92480, 92504, 92513, 92537, 92538, 92555, 92559, 92790, 92818, 92876, 92927, 92933, 92960, 92975, 92998, 93012, 93033, 93112, 93119, 93157, 93174, 93275, 93310, 93312, 93329, 93364, 93404, 93426, 93505, 93518, 93520, 93530, 93532, 93554, 93561, 93583, 93588, 93608, 93626, 93801, 93819, 93824, 93837, 93886, 93889, 93987, 93988, 94140, 94144, 94235, 94250, 94260, 94269, 94360, 94364, 94376, 94397, 94410, 94435, 94490, 94517, 94530, 94531, 94639, 94680, 94751, 94806, 94855, 94864, 94866, 94926, 94946, 94967, 94979, 95038, 95045, 95179, 95198, 95213, 95242, 95291, 95533, 95564, 95569, 95610, 95611, 95649, 95690, 95765, 95822, 95824, 95843, 95855, 95878, 95937, 95982, 96101, 96164, 96239, 96242, 96246, 96262, 96351, 96415, 96430, 96431, 96436, 96437, 96459, 96463, 96500, 96506, 96512, 96601, 96616, 96732, 96746, 96778, 96831, 96890, 96913, 96921, 96963, 97016, 97018, 97026, 97135, 97163, 97201, 97208, 97354, 97404, 97434, 97444, 97478, 97491, 97494, 97541, 97542, 97553, 97589, 97595, 97602, 97608, 97637, 97654, 97658, 97675, 97683, 97726, 97865, 97872, 97904, 97922, 97930, 97953, 98023, 98024, 98067, 98085, 98150, 98162, 98216, 98229, 98326, 98340, 98348, 98456, 98463, 98506, 98511, 98512, 98536, 98541, 98571, 98621, 98635, 98643, 98712, 98735, 98759, 98776, 98926, 98962, 98983, 99104, 99107, 99165, 99193, 99230, 99239, 99242, 99332, 99432, 99449, 99452, 99455, 99466, 99468, 99477, 99499, 99500, 99539, 99561, 99570, 99575, 99690, 99718, 99755, 99882, 99883, 100021, 100024, 100033, 100138, 100143, 100182, 100254, 100258, 100267, 100271, 100354, 100358, 100408, 100412, 100418, 100424, 100425, 100461, 100478, 100548, 100593, 100620, 100625, 100715, 100734, 100794, 100795, 100813, 100821, 100907, 100962, 100990, 101037, 101052, 101066, 101103, 101167, 101220, 101228, 101229, 101276, 101308, 101318, 101323, 101324, 101326, 101346, 101365, 101370, 101371, 101424, 101437, 101457, 101461, 101523, 101556, 101557, 101579, 101611, 101625, 101671, 101682, 101798, 101813, 101845, 101942, 101953, 102038, 102043, 102117, 102118, 102282, 102338, 102345, 102364, 102365, 102525, 102550, 102582, 102617, 102618, 102725, 102748, 102750, 102752, 102855, 102877, 102912, 102928, 102950, 103021, 103029, 103031, 103053, 103058, 103098, 103169, 103171, 103173, 103179, 103195, 103208, 103213, 103264, 103326, 103328, 103429, 103437, 103456, 103461, 103558, 103571, 103629, 103674, 103749, 103750, 103796, 103824, 103853, 104000, 104040, 104047, 104107, 104108, 104155, 104194, 104241, 104262, 104287, 104312, 104322, 104328, 104365, 104391, 104398, 104417, 104422, 104431, 104449, 104450, 104468, 104602, 104682, 104803, 104842, 104897, 104942, 104976, 105017, 105035, 105050, 105196, 105277, 105318, 105439, 105444, 105467, 105496, 105609, 105651, 105680, 105688, 105707, 105780, 105785, 105798, 105827, 105835, 105840, 105912, 106164, 106202, 106223, 106224, 106232, 106339, 106353, 106355, 106387, 106400, 106414, 106523, 106637, 106644, 106710, 106721, 106780, 106846, 106851, 106869, 106870, 106882, 106949, 106952, 106974, 107032, 107034, 107037, 107104, 107124, 107141, 107161, 107162, 107166, 107195, 107236, 107324, 107340, 107352, 107466, 107601, 107633, 107636, 107646, 107656, 107658, 107701, 107702, 107703, 107724, 107770, 107771, 107773, 107791, 107807, 107883, 108126, 108175, 108178, 108207, 108211, 108248, 108288, 108294, 108376, 108406, 108409, 108446, 108500, 108537, 108539, 108545, 108547, 108548, 108653, 108754, 108769, 108780, 108874, 108918, 108946, 108950, 108958, 109009, 109036, 109037, 109053, 109056, 109103, 109109, 109111, 109153, 109162, 109192, 109204, 109270, 109286, 109378, 109432, 109510, 109515, 109516, 109544, 109546, 109593, 109600, 109672, 109678, 109695, 109748, 109781, 109785, 109830, 110006, 110015, 110043, 110211, 110212, 110238, 110249, 110259, 110325, 110341, 110358, 110363, 110370, 110413, 110423, 110455, 110481, 110486, 110487, 110520, 110541, 110577, 110588, 110618, 110620, 110634, 110635, 110650, 110670, 110679, 110682, 110711, 110715, 110740, 110741, 110747, 110756, 110773, 110796, 110797, 110940, 111385, 111396, 111407, 111412, 111417, 111557, 111563, 111580, 111600, 111616, 111617, 111622, 111630, 111641, 111655, 111832, 111884, 111887, 111908, 111913, 111932, 111968, 111970, 111984, 112070, 112075, 112082, 112085, 112091, 112097, 112157, 112158, 112273, 112299, 112343, 112363, 112384, 112410, 112423, 112491, 112509, 112529, 112609, 112613, 112615, 112631, 112632, 112634, 112635, 112717, 112850, 112886, 112972, 113008, 113138, 113172, 113245, 113253, 113298, 113308, 113335, 113401, 113434, 113446, 113483, 113622, 113665, 113686, 113774, 113874, 113903, 113905, 113916, 114018, 114098, 114125, 114128, 114134, 114160, 114190, 114249, 114377, 114379, 114380, 114433, 114471, 114473, 114532, 114535, 114537, 114622, 114631, 114645, 114715, 114749, 114751, 114758, 114762, 114789, 114808, 114814, 114819, 114850, 114854, 114959, 114971, 115004, 115020, 115065, 115084, 115086, 115124, 115137, 115142, 115214, 115218, 115221, 115231, 115281, 115348, 115361, 115421, 115433, 115491, 115501, 115510, 115518, 115552, 115556, 115666, 115701, 115786, 115961, 115966, 115980, 116004, 116054, 116126, 116128, 116135, 116146, 116180, 116194, 116210, 116216, 116230, 116231, 116284, 116478, 116514, 116519, 116666, 116742, 116784, 116869, 116881, 116893, 116894, 116895, 116915, 116949, 116957, 116978, 116980, 116988, 117006, 117012, 117019, 117097, 117163, 117174, 117291, 117297, 117298, 117379, 117422, 117446, 117472, 117473, 117493, 117615, 117690, 117774, 117775, 117780, 117814, 117831, 117832, 117953, 117971, 117994, 118004, 118025, 118030, 118039, 118079, 118136, 118142, 118143, 118146, 118170, 118182, 118280, 118306, 118312, 118326, 118328, 118396, 118403, 118420, 118425, 118487, 118494, 118510, 118513, 118561, 118568, 118743, 118912, 118940, 118943, 118950, 118982, 119007, 119031, 119032, 119042, 119047, 119083, 119089, 119094, 119097, 119135, 119146, 119150, 119164, 119180, 119181, 119185, 119197, 119198, 119215, 119216, 119217, 119253, 119270, 119286, 119326, 119364, 119416, 119421, 119457, 119462, 119518, 119523, 119569, 119591, 119665, 119667, 119683, 119702, 119739, 119757, 119779, 119790, 119792, 119847, 119906, 119958, 119960, 119973, 119978, 120021, 120029, 120034, 120050, 120051, 120055, 120094, 120149, 120156, 120177, 120199, 120205, 120254, 120257, 120292, 120321, 120437, 120558, 120559, 120678, 120689, 120748, 120773, 120779, 120792, 120798, 120805, 120810, 120840, 120859, 120947, 120959, 120961, 121003, 121031, 121076, 121118, 121151, 121205, 121461, 121550, 121571, 121582, 121611, 121630, 121653, 121694, 121758, 121768, 121839, 121864, 121898, 121916, 121940, 121948, 121959, 121968, 122030, 122032, 122041, 122105, 122148, 122160, 122188, 122191, 122201, 122308, 122347, 122364, 122369, 122394, 122431, 122495, 122497, 122518, 122546, 122551, 122556, 122561, 122596, 122598, 122637, 122712, 122722, 122729, 122741, 122753, 122805, 122813, 122815, 122817, 122864, 122873, 122895, 122899, 122902, 122914, 122928, 122958, 122961, 122993, 123034, 123145, 123153, 123203, 123233, 123241, 123347, 123437, 123477, 123487, 123503, 123529, 123541, 123609, 123633, 123634, 123696, 123757, 123762, 123788, 123790, 123799, 123800, 123835, 123876, 123880, 123911, 123955, 124038, 124092, 124094, 124126, 124143, 124277, 124306, 124323, 124638, 124653, 124669, 124687, 124689, 124746, 124793, 124875, 124913, 124924, 124926, 124934, 124956, 125006, 125044, 125063, 125089, 125102, 125119, 125166, 125184, 125190, 125226, 125267, 125269, 125281, 125302, 125318, 125319, 125462, 125524, 125609, 125612, 125664, 125679, 125745, 125774, 125789, 125793, 125913, 125928, 125944, 126043, 126100, 126159, 126164, 126199, 126246, 126258, 126261, 126291, 126294, 126298, 126488, 126716, 126737, 126758, 126760, 126770, 126780, 126860, 126933, 126965, 126986, 127016, 127035, 127058, 127096, 127112, 127113, 127141, 127169, 127200, 127225, 127274, 127275, 127281, 127291, 127292, 127302, 127393, 127456, 127606, 127642, 127659, 127664, 127680, 127688, 127744, 127746, 127748, 127752, 127792, 127794, 127816, 127828, 127838, 127969, 127974, 128011, 128012, 128024, 128035, 128146, 128183, 128214, 128250, 128262, 128297, 128312, 128313, 128401, 128403, 128743, 128776, 128806, 128839, 128858, 128893, 128895, 128934, 128937, 128957, 128974, 129001, 129044, 129116, 129132, 129140, 129147, 129193, 129313, 129359, 129553, 129600, 129637, 129807, 129819, 129847, 129883, 129910, 129948, 129980, 130006, 130018, 130091, 130103, 130134, 130153, 130154, 130158, 130234, 130288, 130322, 130327, 130328, 130416, 130510, 130568, 130601, 130682, 130834, 130836, 130837, 130919, 130921, 130929, 130933, 130942, 131012, 131013, 131056, 131123, 131209, 131217, 131222, 131266, 131279, 131329, 131342, 131352, 131371, 131391, 131396, 131398, 131471, 131492, 131544, 131589, 131594, 131647, 131651, 131713, 131741, 131835, 131850, 131980, 131987, 131988, 132282, 132284, 132286, 132312, 132364, 132390, 132525, 132535, 132594, 132615, 132617, 132633, 132691, 132706, 132728, 132766, 132783, 132801, 132803, 132804, 132842, 132871, 132921, 132925, 132927, 132933, 132954, 132970, 133023, 133029, 133066, 133098, 133114, 133117, 133202, 133212, 133257, 133276]"
c1_random,Greedy-f2,0.1,10%,0.2,20%,3581,14322,3727,2998,729,16492,12754,0.8905180840664711,False,311,13828,"[13, 124, 172, 333, 342, 349, 357, 424, 427, 497, 507, 543, 555, 568, 604, 623, 661, 749, 768, 773, 784, 811, 812, 813, 815, 839, 898, 1099, 1218, 1339, 1366, 1367, 1399, 1400, 1451, 1458, 1482, 1509, 1516, 1556, 1582, 1677, 1692, 1697, 1713, 1898, 1918, 1958, 1964, 2109, 2167, 2168, 2211, 2240, 2241, 2262, 2330, 2372, 2381, 2417, 2447, 2487, 2508, 2535, 2588, 2630, 2634, 2641, 2702, 2743, 2794, 2796, 2855, 2910, 2916, 2965, 2968, 2969, 3003, 3005, 3047, 3073, 3102, 3138, 3149, 3151, 3201, 3209, 3232, 3241, 3270, 3377, 3421, 3508, 3532, 3543, 3553, 3566, 3584, 3591, 3604, 3713, 3776, 3778, 3781, 3803, 3812, 3824, 3832, 3839, 3842, 3853, 3940, 4006, 4024, 4044, 4074, 4075, 4142, 4159, 4245, 4282, 4284, 4288, 4291, 4301, 4305, 4311, 4320, 4390, 4419, 4444, 4459, 4462, 4481, 4483, 4526, 4531, 4532, 4541, 4686, 4734, 4788, 4790, 4796, 4815, 4881, 4892, 4893, 4903, 4984, 4996, 5050, 5099, 5102, 5166, 5185, 5212, 5273, 5275, 5335, 5391, 5420, 5421, 5462, 5480, 5513, 5516, 5523, 5541, 5547, 5558, 5578, 5580, 5668, 5674, 5710, 5745, 5811, 5854, 5868, 5904, 5905, 5959, 6000, 6003, 6004, 6021, 6059, 6083, 6137, 6167, 6173, 6393, 6418, 6420, 6466, 6468, 6529, 6532, 6548, 6593, 6597, 6618, 6619, 6637, 6655, 6689, 6730, 6790, 6831, 6837, 6845, 6912, 6976, 6995, 6996, 7005, 7009, 7026, 7033, 7128, 7205, 7206, 7209, 7264, 7462, 7469, 7480, 7482, 7520, 7593, 7612, 7614, 7706, 7721, 7761, 7829, 7836, 7955, 7980, 7991, 8053, 8058, 8128, 8143, 8160, 8161, 8195, 8304, 8332, 8373, 8397, 8398, 8459, 8461, 8506, 8554, 8592, 8615, 8627, 8705, 8836, 8958, 8979, 9049, 9052, 9167, 9208, 9220, 9292, 9320, 9334, 9356, 9386, 9389, 9418, 9442, 9494, 9510, 9557, 9612, 9617, 9648, 9671, 9678, 9900, 9941, 9942, 9992, 9999, 10000, 10017, 10065, 10168, 10172, 10184, 10191, 10244, 10273, 10341, 10428, 10490, 10503, 10564, 10639, 10640, 10641, 10679, 10713, 10719, 10726, 10729, 10785, 10807, 10834, 10873, 10899, 10900, 11006, 11020, 11038, 11080, 11085, 11091, 11109, 11176, 11199, 11257, 11275, 11318, 11381, 11477, 11478, 11519, 11553, 11580, 11590, 11664, 11799, 11866, 11916, 11963, 12039, 12050, 12069, 12073, 12148, 12152, 12164, 12185, 12187, 12203, 12249, 12338, 12448, 12501, 12544, 12549, 12644, 12683, 12704, 12732, 12737, 12758, 12927, 12997, 13045, 13046, 13070, 13084, 13112, 13121, 13175, 13179, 13219, 13246, 13254, 13257, 13590, 13624, 13647, 13652, 13709, 13743, 13758, 13805, 13822, 13876, 13881, 13894, 13945, 13962, 13976, 14009, 14063, 14095, 14101, 14210, 14212, 14221, 14365, 14382, 14439, 14528, 14579, 14614, 14706, 14716, 14726, 14783, 14861, 14887, 14911, 15016, 15029, 15036, 15122, 15124, 15150, 15153, 15161, 15212, 15215, 15250, 15309, 15413, 15436, 15467, 15483, 15505, 15525, 15647, 15765, 15846, 15943, 16042, 16092, 16102, 16115, 16116, 16123, 16219, 16237, 16246, 16250, 16270, 16287, 16305, 16312, 16313, 16329, 16331, 16336, 16340, 16360, 16442, 16467, 16468, 16525, 16536, 16540, 16542, 16607, 16700, 16773, 16783, 16794, 16842, 16851, 16879, 16901, 16931, 16961, 16972, 16973, 17001, 17045, 17243, 17266, 17277, 17295, 17380, 17437, 17440, 17447, 17515, 17549, 17584, 17603, 17642, 17652, 17689, 17722, 17736, 17764, 17806, 17863, 17864, 17866, 17970, 17979, 17983, 18009, 18079, 18091, 18092, 18176, 18225, 18236, 18250, 18252, 18325, 18339, 18354, 18361, 18400, 18444, 18459, 18481, 18553, 18585, 18600, 18642, 18667, 18685, 18694, 18781, 18860, 18876, 18877, 18995, 19113, 19166, 19167, 19204, 19206, 19207, 19341, 19432, 19467, 19479, 19575, 19620, 19695, 19772, 19776, 19778, 19779, 19945, 19973, 19981, 20113, 20126, 20214, 20218, 20297, 20418, 20440, 20464, 20469, 20492, 20496, 20636, 20656, 20665, 20685, 20695, 20711, 20715, 20740, 20762, 20779, 20783, 20842, 20857, 20866, 20890, 20903, 21138, 21148, 21149, 21192, 21195, 21333, 21368, 21369, 21458, 21466, 21471, 21475, 21512, 21514, 21542, 21551, 21566, 21627, 21728, 21757, 21764, 21765, 21768, 21878, 22035, 22071, 22110, 22241, 22358, 22418, 22462, 22528, 22531, 22560, 22586, 22684, 22769, 22842, 22851, 23122, 23140, 23219, 23257, 23258, 23283, 23284, 23294, 23296, 23306, 23317, 23338, 23339, 23349, 23384, 23457, 23461, 23559, 23564, 23631, 23691, 23740, 23741, 23749, 23752, 23769, 23816, 23819, 23820, 23849, 23890, 24002, 24099, 24107, 24139, 24176, 24197, 24354, 24377, 24394, 24435, 24445, 24455, 24500, 24593, 24596, 24665, 24702, 24752, 24833, 24847, 24897, 24903, 25061, 25063, 25066, 25108, 25112, 25169, 25177, 25208, 25329, 25346, 25351, 25374, 25385, 25395, 25509, 25521, 25523, 25538, 25588, 25599, 25621, 25697, 25822, 25833, 25934, 25995, 26091, 26149, 26151, 26172, 26205, 26299, 26301, 26303, 26324, 26349, 26354, 26359, 26477, 26769, 26780, 26797, 26826, 26840, 26849, 26896, 26897, 26899, 26915, 26976, 26994, 27031, 27062, 27233, 27281, 27292, 27297, 27309, 27327, 27408, 27444, 27470, 27478, 27481, 27560, 27573, 27579, 27580, 27581, 27633, 27634, 27653, 27686, 27710, 27728, 27751, 27779, 27811, 27862, 27884, 27905, 27919, 27943, 28005, 28027, 28045, 28129, 28130, 28142, 28190, 28235, 28256, 28287, 28293, 28334, 28385, 28529, 28530, 28706, 28730, 28797, 28822, 28827, 28890, 28917, 28918, 28935, 28968, 29001, 29026, 29065, 29067, 29075, 29083, 29091, 29115, 29128, 29186, 29189, 29226, 29274, 29285, 29302, 29355, 29366, 29430, 29468, 29508, 29607, 29738, 29754, 29767, 29798, 29802, 29833, 29842, 29890, 29895, 29906, 29934, 29945, 29959, 29974, 30018, 30129, 30199, 30222, 30355, 30593, 30630, 30703, 30735, 30736, 30738, 30828, 30878, 30912, 30920, 30951, 30972, 31076, 31077, 31089, 31103, 31126, 31146, 31265, 31290, 31336, 31346, 31362, 31414, 31465, 31467, 31470, 31501, 31564, 31638, 31644, 31782, 31876, 31880, 31898, 32046, 32049, 32051, 32078, 32100, 32104, 32109, 32158, 32202, 32269, 32298, 32317, 32325, 32352, 32368, 32370, 32372, 32404, 32410, 32457, 32486, 32528, 32562, 32564, 32595, 32663, 32666, 32672, 32777, 33099, 33108, 33190, 33224, 33351, 33364, 33430, 33509, 33636, 33643, 33658, 33659, 33692, 33709, 33763, 33797, 33851, 33883, 33886, 33932, 34018, 34110, 34200, 34218, 34265, 34270, 34387, 34417, 34454, 34459, 34478, 34537, 34539, 34608, 34727, 34864, 34868, 34869, 34880, 34908, 34922, 34928, 35029, 35111, 35141, 35154, 35159, 35299, 35317, 35363, 35375, 35377, 35381, 35449, 35552, 35598, 35599, 35637, 35656, 35729, 35777, 35930, 35955, 35961, 36026, 36066, 36089, 36183, 36372, 36373, 36442, 36455, 36562, 36566, 36572, 36604, 36608, 36611, 36657, 36688, 36758, 36759, 36907, 36973, 36974, 36975, 37040, 37046, 37088, 37097, 37141, 37179, 37254, 37315, 37519, 37526, 37540, 37653, 37747, 37786, 37832, 37858, 37861, 37865, 37943, 38196, 38227, 38300, 38343, 38351, 38378, 38584, 38675, 38685, 38694, 38810, 38820, 38887, 38977, 38980, 38985, 39050, 39108, 39111, 39121, 39160, 39172, 39186, 39190, 39218, 39239, 39244, 39258, 39365, 39367, 39371, 39372, 39378, 39385, 39436, 39437, 39460, 39478, 39522, 39527, 39579, 39582, 39741, 39743, 39746, 39789, 39790, 39794, 39856, 39903, 39949, 39951, 39955, 39969, 39978, 40012, 40108, 40181, 40270, 40339, 40353, 40419, 40425, 40440, 40495, 40509, 40607, 40618, 40720, 40729, 40739, 40750, 40768, 40781, 40784, 40797, 40839, 41002, 41133, 41169, 41170, 41199, 41304, 41353, 41357, 41419, 41434, 41476, 41477, 41478, 41574, 41611, 41668, 41676, 41798, 41875, 41884, 41919, 42068, 42071, 42149, 42172, 42201, 42202, 42205, 42224, 42228, 42294, 42299, 42300, 42349, 42355, 42402, 42430, 42453, 42472, 42487, 42501, 42552, 42585, 42636, 42637, 42639, 42685, 42719, 42754, 42791, 42793, 42808, 42809, 42843, 42883, 42920, 42923, 43009, 43015, 43031, 43052, 43066, 43098, 43130, 43279, 43287, 43312, 43369, 43371, 43405, 43411, 43449, 43451, 43457, 43469, 43601, 43613, 43652, 43708, 43713, 43731, 43742, 43779, 43875, 43891, 44021, 44070, 44079, 44087, 44091, 44127, 44135, 44237, 44256, 44329, 44340, 44343, 44434, 44501, 44520, 44612, 44623, 44631, 44678, 44948, 45034, 45054, 45055, 45163, 45183, 45208, 45272, 45320, 45421, 45531, 45533, 45554, 45595, 45617, 45640, 45653, 45654, 45678, 45694, 45791, 45982, 46031, 46081, 46108, 46109, 46119, 46146, 46153, 46160, 46229, 46263, 46294, 46342, 46344, 46354, 46360, 46373, 46415, 46449, 46451, 46532, 46556, 46559, 46600, 46685, 46698, 46738, 46783, 46784, 46963, 46964, 46985, 47005, 47029, 47046, 47052, 47056, 47098, 47247, 47271, 47311, 47331, 47371, 47403, 47424, 47442, 47504, 47643, 47669, 47670, 47679, 47722, 47731, 47772, 47828, 47829, 47831, 47865, 47882, 47911, 47999, 48014, 48043, 48198, 48227, 48255, 48301, 48350, 48352, 48358, 48436, 48442, 48444, 48466, 48498, 48537, 48542, 48642, 48660, 48793, 48869, 48878, 48956, 49019, 49033, 49034, 49163, 49197, 49242, 49251, 49321, 49387, 49422, 49486, 49495, 49541, 49669, 49737, 49740, 49741, 49742, 49747, 49770, 49807, 49934, 49939, 49991, 49997, 50102, 50122, 50124, 50125, 50181, 50183, 50220, 50247, 50280, 50319, 50399, 50448, 50449, 50475, 50515, 50544, 50691, 50815, 50938, 50946, 51016, 51027, 51066, 51090, 51124, 51137, 51145, 51206, 51211, 51236, 51257, 51265, 51318, 51363, 51377, 51459, 51494, 51517, 51554, 51697, 51699, 51709, 51751, 51769, 51778, 51977, 52041, 52046, 52068, 52100, 52143, 52177, 52228, 52252, 52314, 52321, 52351, 52480, 52482, 52495, 52497, 52547, 52603, 52735, 52770, 52786, 52909, 52949, 52971, 52978, 53034, 53058, 53084, 53214, 53280, 53360, 53404, 53486, 53488, 53530, 53531, 53534, 53588, 53594, 53599, 53617, 53681, 53710, 53795, 53911, 53913, 53916, 53942, 53956, 54003, 54012, 54014, 54018, 54029, 54099, 54102, 54140, 54183, 54196, 54262, 54414, 54424, 54450, 54460, 54461, 54541, 54545, 54548, 54575, 54582, 54599, 54608, 54614, 54771, 54860, 54885, 54952, 55000, 55040, 55052, 55058, 55155, 55169, 55198, 55200, 55247, 55328, 55383, 55384, 55407, 55462, 55494, 55495, 55506, 55507, 55519, 55603, 55644, 55714, 55723, 55850, 55852, 55859, 55903, 55960, 55961, 56002, 56051, 56058, 56125, 56170, 56174, 56187, 56194, 56215, 56217, 56221, 56223, 56237, 56310, 56387, 56559, 56589, 56608, 56614, 56669, 56774, 56829, 56840, 56920, 56945, 56985, 57006, 57035, 57150, 57163, 57276, 57368, 57372, 57446, 57461, 57463, 57495, 57537, 57644, 57647, 57660, 57943, 57953, 58014, 58060, 58080, 58138, 58157, 58166, 58169, 58170, 58191, 58199, 58217, 58278, 58365, 58458, 58484, 58594, 58646, 58656, 58707, 58831, 58920, 58935, 58950, 58955, 59053, 59111, 59112, 59151, 59183, 59189, 59200, 59217, 59278, 59334, 59367, 59376, 59432, 59444, 59465, 59489, 59506, 59532, 59594, 59672, 59716, 59802, 59810, 59822, 60056, 60075, 60078, 60115, 60116, 60164, 60219, 60220, 60271, 60288, 60309, 60337, 60390, 60425, 60499, 60612, 60642, 60651, 60676, 60690, 60692, 60696, 60699, 60717, 60723, 60808, 60809, 60812, 60824, 60979, 60980, 61195, 61290, 61311, 61343, 61345, 61359, 61384, 61395, 61472, 61581, 61593, 61597, 61750, 61805, 61807, 61829, 61859, 61892, 61898, 62002, 62018, 62020, 62049, 62063, 62102, 62179, 62199, 62201, 62238, 62282, 62299, 62398, 62419, 62431, 62485, 62486, 62540, 62562, 62610, 62650, 62653, 62680, 62695, 62700, 62832, 62850, 62859, 62873, 62940, 62967, 63015, 63057, 63072, 63121, 63140, 63172, 63173, 63176, 63243, 63287, 63304, 63310, 63311, 63375, 63401, 63422, 63488, 63505, 63621, 63625, 63665, 63671, 63709, 63711, 63715, 63719, 63813, 63814, 63924, 63946, 63970, 64068, 64079, 64081, 64136, 64156, 64159, 64173, 64186, 64282, 64294, 64295, 64353, 64357, 64374, 64460, 64483, 64592, 64601, 64627, 64630, 64649, 64665, 64669, 64680, 64694, 64743, 64789, 64837, 64838, 64859, 64940, 64944, 64946, 64973, 65114, 65116, 65164, 65213, 65253, 65461, 65497, 65499, 65534, 65567, 65595, 65610, 65642, 65643, 65723, 65751, 65977, 66033, 66039, 66100, 66200, 66205, 66241, 66245, 66311, 66351, 66456, 66511, 66514, 66525, 66538, 66555, 66602, 66633, 66683, 66725, 66727, 66733, 66740, 66766, 66767, 66769, 66880, 67032, 67090, 67127, 67141, 67157, 67158, 67242, 67244, 67299, 67337, 67344, 67585, 67587, 67662, 67671, 67692, 67716, 67723, 67731, 67759, 67778, 67779, 67791, 67846, 67862, 67864, 67894, 67985, 67988, 68018, 68044, 68077, 68162, 68213, 68242, 68252, 68409, 68446, 68455, 68673, 68674, 68724, 68739, 68748, 68752, 68758, 68880, 68923, 68952, 68969, 69047, 69057, 69109, 69111, 69169, 69187, 69191, 69226, 69228, 69258, 69303, 69407, 69412, 69428, 69433, 69512, 69525, 69595, 69601, 69604, 69643, 69661, 69697, 69702, 69726, 69844, 69877, 69937, 69970, 70025, 70029, 70074, 70112, 70151, 70163, 70193, 70226, 70227, 70236, 70278, 70290, 70336, 70339, 70366, 70413, 70424, 70453, 70457, 70459, 70479, 70524, 70562, 70618, 70652, 70669, 70781, 70799, 70830, 70916, 70918, 70950, 71007, 71084, 71159, 71163, 71226, 71240, 71244, 71245, 71301, 71329, 71390, 71440, 71482, 71507, 71552, 71650, 71711, 71718, 71727, 71738, 71745, 71776, 71856, 71982, 71989, 72049, 72081, 72114, 72157, 72201, 72231, 72278, 72370, 72380, 72434, 72616, 72642, 72650, 72738, 72747, 72795, 72813, 72815, 72818, 72857, 72889, 72941, 72959, 72960, 73006, 73044, 73064, 73081, 73134, 73135, 73205, 73216, 73242, 73248, 73299, 73308, 73309, 73319, 73393, 73420, 73441, 73489, 73553, 73603, 73617, 73703, 73747, 73797, 73904, 73905, 73956, 74016, 74024, 74064, 74065, 74066, 74095, 74193, 74279, 74283, 74303, 74340, 74359, 74444, 74570, 74572, 74591, 74612, 74659, 74707, 74834, 74906, 74919, 74934, 74939, 74972, 74989, 75037, 75047, 75049, 75055, 75098, 75117, 75132, 75145, 75280, 75626, 75665, 75690, 75786, 75794, 75852, 75857, 75911, 76075, 76078, 76215, 76323, 76328, 76427, 76467, 76531, 76533, 76594, 76618, 76624, 76643, 76672, 76706, 76707, 76751, 76784, 76832, 76862, 76892, 76929, 76930, 76948, 76959, 76961, 76970, 77035, 77048, 77130, 77179, 77208, 77245, 77252, 77253, 77283, 77292, 77322, 77370, 77388, 77415, 77425, 77436, 77460, 77505, 77560, 77757, 77819, 77822, 77830, 77915, 77985, 78008, 78091, 78179, 78242, 78361, 78425, 78469, 78470, 78476, 78550, 78553, 78575, 78579, 78590, 78600, 78627, 78672, 78699, 78705, 78765, 78777, 78779, 78781, 78810, 78900, 79035, 79052, 79055, 79108, 79109, 79156, 79171, 79238, 79239, 79337, 79372, 79379, 79393, 79398, 79412, 79463, 79570, 79613, 79656, 79722, 79747, 79756, 79771, 79974, 80002, 80011, 80089, 80093, 80095, 80119, 80120, 80186, 80193, 80213, 80373, 80374, 80394, 80400, 80433, 80440, 80442, 80479, 80534, 80576, 80600, 80602, 80692, 80742, 80745, 80763, 80764, 80804, 80872, 81031, 81175, 81198, 81221, 81251, 81353, 81355, 81357, 81418, 81454, 81455, 81463, 81491, 81496, 81530, 81557, 81567, 81615, 81625, 81712, 81804, 81826, 81908, 81925, 81970, 82115, 82160, 82168, 82184, 82195, 82197, 82243, 82286, 82365, 82475, 82485, 82535, 82559, 82561, 82618, 82623, 82643, 82749, 82767, 82798, 82837, 82947, 82985, 83004, 83005, 83057, 83089, 83091, 83161, 83257, 83319, 83362, 83375, 83393, 83424, 83453, 83474, 83488, 83518, 83519, 83567, 83572, 83663, 83686, 83696, 83720, 83723, 83775, 83797, 83799, 83848, 83943, 83993, 84008, 84014, 84039, 84052, 84056, 84135, 84150, 84156, 84164, 84259, 84325, 84456, 84459, 84463, 84482, 84506, 84507, 84513, 84629, 84640, 84643, 84657, 84662, 84737, 84804, 84815, 84933, 85009, 85037, 85040, 85079, 85090, 85107, 85108, 85113, 85193, 85296, 85363, 85399, 85455, 85476, 85481, 85607, 85744, 85755, 85765, 85832, 85836, 85838, 85883, 85934, 85942, 85973, 85993, 86016, 86018, 86029, 86037, 86096, 86312, 86314, 86316, 86334, 86368, 86514, 86528, 86546, 86614, 86656, 86697, 86738, 86746, 86788, 86789, 86824, 86892, 86951, 86959, 86963, 86986, 87066, 87079, 87165, 87187, 87264, 87294, 87376, 87419, 87422, 87427, 87497, 87500, 87506, 87507, 87524, 87525, 87591, 87637, 87657, 87685, 87936, 87944, 88017, 88032, 88042, 88074, 88076, 88155, 88201, 88220, 88224, 88320, 88348, 88361, 88379, 88419, 88481, 88485, 88491, 88496, 88563, 88583, 88657, 88664, 88708, 88847, 88903, 88917, 88950, 88953, 88982, 88987, 89020, 89092, 89110, 89113, 89162, 89170, 89194, 89249, 89323, 89427, 89483, 89549, 89603, 89619, 89652, 89732, 89745, 89746, 89820, 89838, 89857, 89928, 89929, 90068, 90113, 90127, 90128, 90152, 90186, 90216, 90253, 90269, 90272, 90275, 90408, 90416, 90437, 90453, 90466, 90506, 90536, 90594, 90625, 90650, 90800, 90805, 90839, 90850, 90853, 90881, 90901, 90902, 90908, 90909, 90919, 90975, 90981, 91005, 91008, 91027, 91130, 91153, 91169, 91196, 91215, 91227, 91253, 91287, 91312, 91318, 91453, 91459, 91481, 91485, 91523, 91612, 91646, 91648, 91657, 91668, 91672, 91685, 91686, 91796, 91812, 91923, 91970, 92001, 92007, 92012, 92016, 92075, 92128, 92132, 92150, 92152, 92276, 92447, 92452, 92472, 92477, 92480, 92504, 92513, 92537, 92538, 92555, 92559, 92790, 92818, 92876, 92927, 92933, 92960, 92975, 92998, 93012, 93033, 93112, 93119, 93157, 93174, 93275, 93310, 93312, 93329, 93364, 93404, 93426, 93505, 93518, 93520, 93530, 93532, 93554, 93561, 93583, 93588, 93608, 93626, 93801, 93819, 93824, 93837, 93886, 93889, 93987, 93988, 94140, 94144, 94235, 94250, 94260, 94269, 94360, 94364, 94376, 94397, 94410, 94435, 94490, 94517, 94530, 94531, 94639, 94680, 94751, 94806, 94855, 94864, 94866, 94926, 94946, 94967, 94979, 95038, 95045, 95179, 95198, 95213, 95242, 95291, 95533, 95564, 95569, 95610, 95611, 95649, 95690, 95765, 95822, 95824, 95843, 95855, 95878, 95937, 95982, 96101, 96164, 96239, 96242, 96246, 96262, 96351, 96415, 96430, 96431, 96436, 96437, 96459, 96463, 96500, 96506, 96512, 96601, 96616, 96732, 96746, 96778, 96831, 96890, 96913, 96921, 96963, 97016, 97018, 97026, 97135, 97163, 97201, 97208, 97354, 97404, 97434, 97444, 97478, 97491, 97494, 97541, 97542, 97553, 97589, 97595, 97602, 97608, 97637, 97654, 97658, 97675, 97683, 97726, 97865, 97872, 97904, 97922, 97930, 97953, 98023, 98024, 98067, 98085, 98150, 98162, 98216, 98229, 98326, 98340, 98348, 98456, 98463, 98506, 98511, 98512, 98536, 98541, 98571, 98621, 98635, 98643, 98712, 98735, 98759, 98776, 98926, 98962, 98983, 99104, 99107, 99165, 99193, 99230, 99239, 99242, 99332, 99432, 99449, 99452, 99455, 99466, 99468, 99477, 99499, 99500, 99539, 99561, 99570, 99575, 99690, 99718, 99755, 99882, 99883, 100021, 100024, 100033, 100138, 100143, 100182, 100254, 100258, 100267, 100271, 100354, 100358, 100408, 100412, 100418, 100424, 100425, 100461, 100478, 100548, 100593, 100620, 100625, 100715, 100734, 100794, 100795, 100813, 100821, 100907, 100962, 100990, 101037, 101052, 101066, 101103, 101167, 101220, 101228, 101229, 101276, 101308, 101318, 101323, 101324, 101326, 101346, 101365, 101370, 101371, 101424, 101437, 101457, 101461, 101523, 101556, 101557, 101579, 101611, 101625, 101671, 101682, 101798, 101813, 101845, 101942, 101953, 102038, 102043, 102117, 102118, 102282, 102338, 102345, 102364, 102365, 102525, 102550, 102582, 102617, 102618, 102725, 102748, 102750, 102752, 102855, 102877, 102912, 102928, 102950, 103021, 103029, 103031, 103053, 103058, 103098, 103169, 103171, 103173, 103179, 103195, 103208, 103213, 103264, 103326, 103328, 103429, 103437, 103456, 103461, 103558, 103571, 103629, 103674, 103749, 103750, 103796, 103824, 103853, 104000, 104040, 104047, 104107, 104108, 104155, 104194, 104241, 104262, 104287, 104312, 104322, 104328, 104365, 104391, 104398, 104417, 104422, 104431, 104449, 104450, 104468, 104602, 104682, 104803, 104842, 104897, 104942, 104976, 105017, 105035, 105050, 105196, 105277, 105318, 105439, 105444, 105467, 105496, 105609, 105651, 105680, 105688, 105707, 105780, 105785, 105798, 105827, 105835, 105840, 105912, 106164, 106202, 106223, 106224, 106232, 106339, 106353, 106355, 106387, 106400, 106414, 106523, 106637, 106644, 106710, 106721, 106780, 106846, 106851, 106869, 106870, 106882, 106949, 106952, 106974, 107032, 107034, 107037, 107104, 107124, 107141, 107161, 107162, 107166, 107195, 107236, 107324, 107340, 107352, 107466, 107601, 107633, 107636, 107646, 107656, 107658, 107701, 107702, 107703, 107724, 107770, 107771, 107773, 107791, 107807, 107883, 108126, 108175, 108178, 108207, 108211, 108248, 108288, 108294, 108376, 108406, 108409, 108446, 108500, 108537, 108539, 108545, 108547, 108548, 108653, 108754, 108769, 108780, 108874, 108918, 108946, 108950, 108958, 109009, 109036, 109037, 109053, 109056, 109103, 109109, 109111, 109153, 109162, 109192, 109204, 109270, 109286, 109378, 109432, 109510, 109515, 109516, 109544, 109546, 109593, 109600, 109672, 109678, 109695, 109748, 109781, 109785, 109830, 110006, 110015, 110043, 110211, 110212, 110238, 110249, 110259, 110325, 110341, 110358, 110363, 110370, 110413, 110423, 110455, 110481, 110486, 110487, 110520, 110541, 110577, 110588, 110618, 110620, 110634, 110635, 110650, 110670, 110679, 110682, 110711, 110715, 110740, 110741, 110747, 110756, 110773, 110796, 110797, 110940, 111385, 111396, 111407, 111412, 111417, 111557, 111563, 111580, 111600, 111616, 111617, 111622, 111630, 111641, 111655, 111832, 111884, 111887, 111908, 111913, 111932, 111968, 111970, 111984, 112070, 112075, 112082, 112085, 112091, 112097, 112157, 112158, 112273, 112299, 112343, 112363, 112384, 112410, 112423, 112491, 112509, 112529, 112609, 112613, 112615, 112631, 112632, 112634, 112635, 112717, 112850, 112886, 112972, 113008, 113138, 113172, 113245, 113253, 113298, 113308, 113335, 113401, 113434, 113446, 113483, 113622, 113665, 113686, 113774, 113874, 113903, 113905, 113916, 114018, 114098, 114125, 114128, 114134, 114160, 114190, 114249, 114377, 114379, 114380, 114433, 114471, 114473, 114532, 114535, 114537, 114622, 114631, 114645, 114715, 114749, 114751, 114758, 114762, 114789, 114808, 114814, 114819, 114850, 114854, 114959, 114971, 115004, 115020, 115065, 115084, 115086, 115124, 115137, 115142, 115214, 115218, 115221, 115231, 115281, 115348, 115361, 115421, 115433, 115491, 115501, 115510, 115518, 115552, 115556, 115666, 115701, 115786, 115961, 115966, 115980, 116004, 116054, 116126, 116128, 116135, 116146, 116180, 116194, 116210, 116216, 116230, 116231, 116284, 116478, 116514, 116519, 116666, 116742, 116784, 116869, 116881, 116893, 116894, 116895, 116915, 116949, 116957, 116978, 116980, 116988, 117006, 117012, 117019, 117097, 117163, 117174, 117291, 117297, 117298, 117379, 117422, 117446, 117472, 117473, 117493, 117615, 117690, 117774, 117775, 117780, 117814, 117831, 117832, 117953, 117971, 117994, 118004, 118025, 118030, 118039, 118079, 118136, 118142, 118143, 118146, 118170, 118182, 118280, 118306, 118312, 118326, 118328, 118396, 118403, 118420, 118425, 118487, 118494, 118510, 118513, 118561, 118568, 118743, 118912, 118940, 118943, 118950, 118982, 119007, 119031, 119032, 119042, 119047, 119083, 119089, 119094, 119097, 119135, 119146, 119150, 119164, 119180, 119181, 119185, 119197, 119198, 119215, 119216, 119217, 119253, 119270, 119286, 119326, 119364, 119416, 119421, 119457, 119462, 119518, 119523, 119569, 119591, 119665, 119667, 119683, 119702, 119739, 119757, 119779, 119790, 119792, 119847, 119906, 119958, 119960, 119973, 119978, 120021, 120029, 120034, 120050, 120051, 120055, 120094, 120149, 120156, 120177, 120199, 120205, 120254, 120257, 120292, 120321, 120437, 120558, 120559, 120678, 120689, 120748, 120773, 120779, 120792, 120798, 120805, 120810, 120840, 120859, 120947, 120959, 120961, 121003, 121031, 121076, 121118, 121151, 121205, 121461, 121550, 121571, 121582, 121611, 121630, 121653, 121694, 121758, 121768, 121839, 121864, 121898, 121916, 121940, 121948, 121959, 121968, 122030, 122032, 122041, 122105, 122148, 122160, 122188, 122191, 122201, 122308, 122347, 122364, 122369, 122394, 122431, 122495, 122497, 122518, 122546, 122551, 122556, 122561, 122596, 122598, 122637, 122712, 122722, 122729, 122741, 122753, 122805, 122813, 122815, 122817, 122864, 122873, 122895, 122899, 122902, 122914, 122928, 122958, 122961, 122993, 123034, 123145, 123153, 123203, 123233, 123241, 123347, 123437, 123477, 123487, 123503, 123529, 123541, 123609, 123633, 123634, 123696, 123757, 123762, 123788, 123790, 123799, 123800, 123835, 123876, 123880, 123911, 123955, 124038, 124092, 124094, 124126, 124143, 124277, 124306, 124323, 124638, 124653, 124669, 124687, 124689, 124746, 124793, 124875, 124913, 124924, 124926, 124934, 124956, 125006, 125044, 125063, 125089, 125102, 125119, 125166, 125184, 125190, 125226, 125267, 125269, 125281, 125302, 125318, 125319, 125462, 125524, 125609, 125612, 125664, 125679, 125745, 125774, 125789, 125793, 125913, 125928, 125944, 126043, 126100, 126159, 126164, 126199, 126246, 126258, 126261, 126291, 126294, 126298, 126488, 126716, 126737, 126758, 126760, 126770, 126780, 126860, 126933, 126965, 126986, 127016, 127035, 127058, 127096, 127112, 127113, 127141, 127169, 127200, 127225, 127274, 127275, 127281, 127291, 127292, 127302, 127393, 127456, 127606, 127642, 127659, 127664, 127680, 127688, 127744, 127746, 127748, 127752, 127792, 127794, 127816, 127828, 127838, 127969, 127974, 128011, 128012, 128024, 128035, 128146, 128183, 128214, 128250, 128262, 128297, 128312, 128313, 128401, 128403, 128743, 128776, 128806, 128839, 128858, 128893, 128895, 128934, 128937, 128957, 128974, 129001, 129044, 129116, 129132, 129140, 129147, 129193, 129313, 129359, 129553, 129600, 129637, 129807, 129819, 129847, 129883, 129910, 129948, 129980, 130006, 130018, 130091, 130103, 130134, 130153, 130154, 130158, 130234, 130288, 130322, 130327, 130328, 130416, 130510, 130568, 130601, 130682, 130834, 130836, 130837, 130919, 130921, 130929, 130933, 130942, 131012, 131013, 131056, 131123, 131209, 131217, 131222, 131266, 131279, 131329, 131342, 131352, 131371, 131391, 131396, 131398, 131471, 131492, 131544, 131589, 131594, 131647, 131651, 131713, 131741, 131835, 131850, 131980, 131987, 131988, 132282, 132284, 132286, 132312, 132364, 132390, 132525, 132535, 132594, 132615, 132617, 132633, 132691, 132706, 132728, 132766, 132783, 132801, 132803, 132804, 132842, 132871, 132921, 132925, 132927, 132933, 132954, 132970, 133023, 133029, 133066, 133098, 133114, 133117, 133202, 133212, 133257, 133276]"
c1_random,Greedy-f3,0.1,10%,0.2,20%,3581,14322,3806,3062,744,17009,13171,0.9196341293115486,False,311,13828,"[13, 124, 172, 333, 342, 349, 357, 424, 427, 497, 507, 543, 555, 568, 604, 623, 661, 749, 768, 773, 784, 811, 812, 813, 815, 839, 898, 1099, 1218, 1339, 1366, 1367, 1399, 1400, 1451, 1458, 1482, 1509, 1516, 1556, 1582, 1677, 1692, 1697, 1713, 1898, 1918, 1958, 1964, 2109, 2167, 2168, 2211, 2240, 2241, 2262, 2330, 2372, 2381, 2417, 2447, 2487, 2508, 2535, 2588, 2630, 2634, 2641, 2702, 2743, 2794, 2796, 2855, 2910, 2916, 2965, 2968, 2969, 3003, 3005, 3047, 3073, 3102, 3138, 3149, 3151, 3201, 3209, 3232, 3241, 3270, 3377, 3421, 3508, 3532, 3543, 3553, 3566, 3584, 3591, 3604, 3713, 3776, 3778, 3781, 3803, 3812, 3824, 3832, 3839, 3842, 3853, 3940, 4006, 4024, 4044, 4074, 4075, 4142, 4159, 4245, 4282, 4284, 4288, 4291, 4301, 4305, 4311, 4320, 4390, 4419, 4444, 4459, 4462, 4481, 4483, 4526, 4531, 4532, 4541, 4686, 4734, 4788, 4790, 4796, 4815, 4881, 4892, 4893, 4903, 4984, 4996, 5050, 5099, 5102, 5166, 5185, 5212, 5273, 5275, 5335, 5391, 5420, 5421, 5462, 5480, 5513, 5516, 5523, 5541, 5547, 5558, 5578, 5580, 5668, 5674, 5710, 5745, 5811, 5854, 5868, 5904, 5905, 5959, 6000, 6003, 6004, 6021, 6059, 6083, 6137, 6167, 6173, 6393, 6418, 6420, 6466, 6468, 6529, 6532, 6548, 6593, 6597, 6618, 6619, 6637, 6655, 6689, 6730, 6790, 6831, 6837, 6845, 6912, 6976, 6995, 6996, 7005, 7009, 7026, 7033, 7128, 7205, 7206, 7209, 7264, 7462, 7469, 7480, 7482, 7520, 7593, 7612, 7614, 7706, 7721, 7761, 7829, 7836, 7955, 7980, 7991, 8053, 8058, 8128, 8143, 8160, 8161, 8195, 8304, 8332, 8373, 8397, 8398, 8459, 8461, 8506, 8554, 8592, 8615, 8627, 8705, 8836, 8958, 8979, 9049, 9052, 9167, 9208, 9220, 9292, 9320, 9334, 9356, 9386, 9389, 9418, 9442, 9494, 9510, 9557, 9612, 9617, 9648, 9671, 9678, 9900, 9941, 9942, 9992, 9999, 10000, 10017, 10065, 10168, 10172, 10184, 10191, 10244, 10273, 10341, 10428, 10490, 10503, 10564, 10639, 10640, 10641, 10679, 10713, 10719, 10726, 10729, 10785, 10807, 10834, 10873, 10899, 10900, 11006, 11020, 11038, 11080, 11085, 11091, 11109, 11176, 11199, 11257, 11275, 11318, 11381, 11477, 11478, 11519, 11553, 11580, 11590, 11664, 11799, 11866, 11916, 11963, 12039, 12050, 12069, 12073, 12148, 12152, 12164, 12185, 12187, 12203, 12249, 12338, 12448, 12501, 12544, 12549, 12644, 12683, 12704, 12732, 12737, 12758, 12927, 12997, 13045, 13046, 13070, 13084, 13112, 13121, 13175, 13179, 13219, 13246, 13254, 13257, 13590, 13624, 13647, 13652, 13709, 13743, 13758, 13805, 13822, 13876, 13881, 13894, 13945, 13962, 13976, 14009, 14063, 14095, 14101, 14210, 14212, 14221, 14365, 14382, 14439, 14528, 14579, 14614, 14706, 14716, 14726, 14783, 14861, 14887, 14911, 15016, 15029, 15036, 15122, 15124, 15150, 15153, 15161, 15212, 15215, 15250, 15309, 15413, 15436, 15467, 15483, 15505, 15525, 15647, 15765, 15846, 15943, 16042, 16092, 16102, 16115, 16116, 16123, 16219, 16237, 16246, 16250, 16270, 16287, 16305, 16312, 16313, 16329, 16331, 16336, 16340, 16360, 16442, 16467, 16468, 16525, 16536, 16540, 16542, 16607, 16700, 16773, 16783, 16794, 16842, 16851, 16879, 16901, 16931, 16961, 16972, 16973, 17001, 17045, 17243, 17266, 17277, 17295, 17380, 17437, 17440, 17447, 17515, 17549, 17584, 17603, 17642, 17652, 17689, 17722, 17736, 17764, 17806, 17863, 17864, 17866, 17970, 17979, 17983, 18009, 18079, 18091, 18092, 18176, 18225, 18236, 18250, 18252, 18325, 18339, 18354, 18361, 18400, 18444, 18459, 18481, 18553, 18585, 18600, 18642, 18667, 18685, 18694, 18781, 18860, 18876, 18877, 18995, 19113, 19166, 19167, 19204, 19206, 19207, 19341, 19432, 19467, 19479, 19575, 19620, 19695, 19772, 19776, 19778, 19779, 19945, 19973, 19981, 20113, 20126, 20214, 20218, 20297, 20418, 20440, 20464, 20469, 20492, 20496, 20636, 20656, 20665, 20685, 20695, 20711, 20715, 20740, 20762, 20779, 20783, 20842, 20857, 20866, 20890, 20903, 21138, 21148, 21149, 21192, 21195, 21333, 21368, 21369, 21458, 21466, 21471, 21475, 21512, 21514, 21542, 21551, 21566, 21627, 21728, 21757, 21764, 21765, 21768, 21878, 22035, 22071, 22110, 22241, 22358, 22418, 22462, 22528, 22531, 22560, 22586, 22684, 22769, 22842, 22851, 23122, 23140, 23219, 23257, 23258, 23283, 23284, 23294, 23296, 23306, 23317, 23338, 23339, 23349, 23384, 23457, 23461, 23559, 23564, 23631, 23691, 23740, 23741, 23749, 23752, 23769, 23816, 23819, 23820, 23849, 23890, 24002, 24099, 24107, 24139, 24176, 24197, 24354, 24377, 24394, 24435, 24445, 24455, 24500, 24593, 24596, 24665, 24702, 24752, 24833, 24847, 24897, 24903, 25061, 25063, 25066, 25108, 25112, 25169, 25177, 25208, 25329, 25346, 25351, 25374, 25385, 25395, 25509, 25521, 25523, 25538, 25588, 25599, 25621, 25697, 25822, 25833, 25934, 25995, 26091, 26149, 26151, 26172, 26205, 26299, 26301, 26303, 26324, 26349, 26354, 26359, 26477, 26769, 26780, 26797, 26826, 26840, 26849, 26896, 26897, 26899, 26915, 26976, 26994, 27031, 27062, 27233, 27281, 27292, 27297, 27309, 27327, 27408, 27444, 27470, 27478, 27481, 27560, 27573, 27579, 27580, 27581, 27633, 27634, 27653, 27686, 27710, 27728, 27751, 27779, 27811, 27862, 27884, 27905, 27919, 27943, 28005, 28027, 28045, 28129, 28130, 28142, 28190, 28235, 28256, 28287, 28293, 28334, 28385, 28529, 28530, 28706, 28730, 28797, 28822, 28827, 28890, 28917, 28918, 28935, 28968, 29001, 29026, 29065, 29067, 29075, 29083, 29091, 29115, 29128, 29186, 29189, 29226, 29274, 29285, 29302, 29355, 29366, 29430, 29468, 29508, 29607, 29738, 29754, 29767, 29798, 29802, 29833, 29842, 29890, 29895, 29906, 29934, 29945, 29959, 29974, 30018, 30129, 30199, 30222, 30355, 30593, 30630, 30703, 30735, 30736, 30738, 30828, 30878, 30912, 30920, 30951, 30972, 31076, 31077, 31089, 31103, 31126, 31146, 31265, 31290, 31336, 31346, 31362, 31414, 31465, 31467, 31470, 31501, 31564, 31638, 31644, 31782, 31876, 31880, 31898, 32046, 32049, 32051, 32078, 32100, 32104, 32109, 32158, 32202, 32269, 32298, 32317, 32325, 32352, 32368, 32370, 32372, 32404, 32410, 32457, 32486, 32528, 32562, 32564, 32595, 32663, 32666, 32672, 32777, 33099, 33108, 33190, 33224, 33351, 33364, 33430, 33509, 33636, 33643, 33658, 33659, 33692, 33709, 33763, 33797, 33851, 33883, 33886, 33932, 34018, 34110, 34200, 34218, 34265, 34270, 34387, 34417, 34454, 34459, 34478, 34537, 34539, 34608, 34727, 34864, 34868, 34869, 34880, 34908, 34922, 34928, 35029, 35111, 35141, 35154, 35159, 35299, 35317, 35363, 35375, 35377, 35381, 35449, 35552, 35598, 35599, 35637, 35656, 35729, 35777, 35930, 35955, 35961, 36026, 36066, 36089, 36183, 36372, 36373, 36442, 36455, 36562, 36566, 36572, 36604, 36608, 36611, 36657, 36688, 36758, 36759, 36907, 36973, 36974, 36975, 37040, 37046, 37088, 37097, 37141, 37179, 37254, 37315, 37519, 37526, 37540, 37653, 37747, 37786, 37832, 37858, 37861, 37865, 37943, 38196, 38227, 38300, 38343, 38351, 38378, 38584, 38675, 38685, 38694, 38810, 38820, 38887, 38977, 38980, 38985, 39050, 39108, 39111, 39121, 39160, 39172, 39186, 39190, 39218, 39239, 39244, 39258, 39365, 39367, 39371, 39372, 39378, 39385, 39436, 39437, 39460, 39478, 39522, 39527, 39579, 39582, 39741, 39743, 39746, 39789, 39790, 39794, 39856, 39903, 39949, 39951, 39955, 39969, 39978, 40012, 40108, 40181, 40270, 40339, 40353, 40419, 40425, 40440, 40495, 40509, 40607, 40618, 40720, 40729, 40739, 40750, 40768, 40781, 40784, 40797, 40839, 41002, 41133, 41169, 41170, 41199, 41304, 41353, 41357, 41419, 41434, 41476, 41477, 41478, 41574, 41611, 41668, 41676, 41798, 41875, 41884, 41919, 42068, 42071, 42149, 42172, 42201, 42202, 42205, 42224, 42228, 42294, 42299, 42300, 42349, 42355, 42402, 42430, 42453, 42472, 42487, 42501, 42552, 42585, 42636, 42637, 42639, 42685, 42719, 42754, 42791, 42793, 42808, 42809, 42843, 42883, 42920, 42923, 43009, 43015, 43031, 43052, 43066, 43098, 43130, 43279, 43287, 43312, 43369, 43371, 43405, 43411, 43449, 43451, 43457, 43469, 43601, 43613, 43652, 43708, 43713, 43731, 43742, 43779, 43875, 43891, 44021, 44070, 44079, 44087, 44091, 44127, 44135, 44237, 44256, 44329, 44340, 44343, 44434, 44501, 44520, 44612, 44623, 44631, 44678, 44948, 45034, 45054, 45055, 45163, 45183, 45208, 45272, 45320, 45421, 45531, 45533, 45554, 45595, 45617, 45640, 45653, 45654, 45678, 45694, 45791, 45982, 46031, 46081, 46108, 46109, 46119, 46146, 46153, 46160, 46229, 46263, 46294, 46342, 46344, 46354, 46360, 46373, 46415, 46449, 46451, 46532, 46556, 46559, 46600, 46685, 46698, 46738, 46783, 46784, 46963, 46964, 46985, 47005, 47029, 47046, 47052, 47056, 47098, 47247, 47271, 47311, 47331, 47371, 47403, 47424, 47442, 47504, 47643, 47669, 47670, 47679, 47722, 47731, 47772, 47828, 47829, 47831, 47865, 47882, 47911, 47999, 48014, 48043, 48198, 48227, 48255, 48301, 48350, 48352, 48358, 48436, 48442, 48444, 48466, 48498, 48537, 48542, 48642, 48660, 48793, 48869, 48878, 48956, 49019, 49033, 49034, 49163, 49197, 49242, 49251, 49321, 49387, 49422, 49486, 49495, 49541, 49669, 49737, 49740, 49741, 49742, 49747, 49770, 49807, 49934, 49939, 49991, 49997, 50102, 50122, 50124, 50125, 50181, 50183, 50220, 50247, 50280, 50319, 50399, 50448, 50449, 50475, 50515, 50544, 50691, 50815, 50938, 50946, 51016, 51027, 51066, 51090, 51124, 51137, 51145, 51206, 51211, 51236, 51257, 51265, 51318, 51363, 51377, 51459, 51494, 51517, 51554, 51697, 51699, 51709, 51751, 51769, 51778, 51977, 52041, 52046, 52068, 52100, 52143, 52177, 52228, 52252, 52314, 52321, 52351, 52480, 52482, 52495, 52497, 52547, 52603, 52735, 52770, 52786, 52909, 52949, 52971, 52978, 53034, 53058, 53084, 53214, 53280, 53360, 53404, 53486, 53488, 53530, 53531, 53534, 53588, 53594, 53599, 53617, 53681, 53710, 53795, 53911, 53913, 53916, 53942, 53956, 54003, 54012, 54014, 54018, 54029, 54099, 54102, 54140, 54183, 54196, 54262, 54414, 54424, 54450, 54460, 54461, 54541, 54545, 54548, 54575, 54582, 54599, 54608, 54614, 54771, 54860, 54885, 54952, 55000, 55040, 55052, 55058, 55155, 55169, 55198, 55200, 55247, 55328, 55383, 55384, 55407, 55462, 55494, 55495, 55506, 55507, 55519, 55603, 55644, 55714, 55723, 55850, 55852, 55859, 55903, 55960, 55961, 56002, 56051, 56058, 56125, 56170, 56174, 56187, 56194, 56215, 56217, 56221, 56223, 56237, 56310, 56387, 56559, 56589, 56608, 56614, 56669, 56774, 56829, 56840, 56920, 56945, 56985, 57006, 57035, 57150, 57163, 57276, 57368, 57372, 57446, 57461, 57463, 57495, 57537, 57644, 57647, 57660, 57943, 57953, 58014, 58060, 58080, 58138, 58157, 58166, 58169, 58170, 58191, 58199, 58217, 58278, 58365, 58458, 58484, 58594, 58646, 58656, 58707, 58831, 58920, 58935, 58950, 58955, 59053, 59111, 59112, 59151, 59183, 59189, 59200, 59217, 59278, 59334, 59367, 59376, 59432, 59444, 59465, 59489, 59506, 59532, 59594, 59672, 59716, 59802, 59810, 59822, 60056, 60075, 60078, 60115, 60116, 60164, 60219, 60220, 60271, 60288, 60309, 60337, 60390, 60425, 60499, 60612, 60642, 60651, 60676, 60690, 60692, 60696, 60699, 60717, 60723, 60808, 60809, 60812, 60824, 60979, 60980, 61195, 61290, 61311, 61343, 61345, 61359, 61384, 61395, 61472, 61581, 61593, 61597, 61750, 61805, 61807, 61829, 61859, 61892, 61898, 62002, 62018, 62020, 62049, 62063, 62102, 62179, 62199, 62201, 62238, 62282, 62299, 62398, 62419, 62431, 62485, 62486, 62540, 62562, 62610, 62650, 62653, 62680, 62695, 62700, 62832, 62850, 62859, 62873, 62940, 62967, 63015, 63057, 63072, 63121, 63140, 63172, 63173, 63176, 63243, 63287, 63304, 63310, 63311, 63375, 63401, 63422, 63488, 63505, 63621, 63625, 63665, 63671, 63709, 63711, 63715, 63719, 63813, 63814, 63924, 63946, 63970, 64068, 64079, 64081, 64136, 64156, 64159, 64173, 64186, 64282, 64294, 64295, 64353, 64357, 64374, 64460, 64483, 64592, 64601, 64627, 64630, 64649, 64665, 64669, 64680, 64694, 64743, 64789, 64837, 64838, 64859, 64940, 64944, 64946, 64973, 65114, 65116, 65164, 65213, 65253, 65461, 65497, 65499, 65534, 65567, 65595, 65610, 65642, 65643, 65723, 65751, 65977, 66033, 66039, 66100, 66200, 66205, 66241, 66245, 66311, 66351, 66456, 66511, 66514, 66525, 66538, 66555, 66602, 66633, 66683, 66725, 66727, 66733, 66740, 66766, 66767, 66769, 66880, 67032, 67090, 67127, 67141, 67157, 67158, 67242, 67244, 67299, 67337, 67344, 67585, 67587, 67662, 67671, 67692, 67716, 67723, 67731, 67759, 67778, 67779, 67791, 67846, 67862, 67864, 67894, 67985, 67988, 68018, 68044, 68077, 68162, 68213, 68242, 68252, 68409, 68446, 68455, 68673, 68674, 68724, 68739, 68748, 68752, 68758, 68880, 68923, 68952, 68969, 69047, 69057, 69109, 69111, 69169, 69187, 69191, 69226, 69228, 69258, 69303, 69407, 69412, 69428, 69433, 69512, 69525, 69595, 69601, 69604, 69643, 69661, 69697, 69702, 69726, 69844, 69877, 69937, 69970, 70025, 70029, 70074, 70112, 70151, 70163, 70193, 70226, 70227, 70236, 70278, 70290, 70336, 70339, 70366, 70413, 70424, 70453, 70457, 70459, 70479, 70524, 70562, 70618, 70652, 70669, 70781, 70799, 70830, 70916, 70918, 70950, 71007, 71084, 71159, 71163, 71226, 71240, 71244, 71245, 71301, 71329, 71390, 71440, 71482, 71507, 71552, 71650, 71711, 71718, 71727, 71738, 71745, 71776, 71856, 71982, 71989, 72049, 72081, 72114, 72157, 72201, 72231, 72278, 72370, 72380, 72434, 72616, 72642, 72650, 72738, 72747, 72795, 72813, 72815, 72818, 72857, 72889, 72941, 72959, 72960, 73006, 73044, 73064, 73081, 73134, 73135, 73205, 73216, 73242, 73248, 73299, 73308, 73309, 73319, 73393, 73420, 73441, 73489, 73553, 73603, 73617, 73703, 73747, 73797, 73904, 73905, 73956, 74016, 74024, 74064, 74065, 74066, 74095, 74193, 74279, 74283, 74303, 74340, 74359, 74444, 74570, 74572, 74591, 74612, 74659, 74707, 74834, 74906, 74919, 74934, 74939, 74972, 74989, 75037, 75047, 75049, 75055, 75098, 75117, 75132, 75145, 75280, 75626, 75665, 75690, 75786, 75794, 75852, 75857, 75911, 76075, 76078, 76215, 76323, 76328, 76427, 76467, 76531, 76533, 76594, 76618, 76624, 76643, 76672, 76706, 76707, 76751, 76784, 76832, 76862, 76892, 76929, 76930, 76948, 76959, 76961, 76970, 77035, 77048, 77130, 77179, 77208, 77245, 77252, 77253, 77283, 77292, 77322, 77370, 77388, 77415, 77425, 77436, 77460, 77505, 77560, 77757, 77819, 77822, 77830, 77915, 77985, 78008, 78091, 78179, 78242, 78361, 78425, 78469, 78470, 78476, 78550, 78553, 78575, 78579, 78590, 78600, 78627, 78672, 78699, 78705, 78765, 78777, 78779, 78781, 78810, 78900, 79035, 79052, 79055, 79108, 79109, 79156, 79171, 79238, 79239, 79337, 79372, 79379, 79393, 79398, 79412, 79463, 79570, 79613, 79656, 79722, 79747, 79756, 79771, 79974, 80002, 80011, 80089, 80093, 80095, 80119, 80120, 80186, 80193, 80213, 80373, 80374, 80394, 80400, 80433, 80440, 80442, 80479, 80534, 80576, 80600, 80602, 80692, 80742, 80745, 80763, 80764, 80804, 80872, 81031, 81175, 81198, 81221, 81251, 81353, 81355, 81357, 81418, 81454, 81455, 81463, 81491, 81496, 81530, 81557, 81567, 81615, 81625, 81712, 81804, 81826, 81908, 81925, 81970, 82115, 82160, 82168, 82184, 82195, 82197, 82243, 82286, 82365, 82475, 82485, 82535, 82559, 82561, 82618, 82623, 82643, 82749, 82767, 82798, 82837, 82947, 82985, 83004, 83005, 83057, 83089, 83091, 83161, 83257, 83319, 83362, 83375, 83393, 83424, 83453, 83474, 83488, 83518, 83519, 83567, 83572, 83663, 83686, 83696, 83720, 83723, 83775, 83797, 83799, 83848, 83943, 83993, 84008, 84014, 84039, 84052, 84056, 84135, 84150, 84156, 84164, 84259, 84325, 84456, 84459, 84463, 84482, 84506, 84507, 84513, 84629, 84640, 84643, 84657, 84662, 84737, 84804, 84815, 84933, 85009, 85037, 85040, 85079, 85090, 85107, 85108, 85113, 85193, 85296, 85363, 85399, 85455, 85476, 85481, 85607, 85744, 85755, 85765, 85832, 85836, 85838, 85883, 85934, 85942, 85973, 85993, 86016, 86018, 86029, 86037, 86096, 86312, 86314, 86316, 86334, 86368, 86514, 86528, 86546, 86614, 86656, 86697, 86738, 86746, 86788, 86789, 86824, 86892, 86951, 86959, 86963, 86986, 87066, 87079, 87165, 87187, 87264, 87294, 87376, 87419, 87422, 87427, 87497, 87500, 87506, 87507, 87524, 87525, 87591, 87637, 87657, 87685, 87936, 87944, 88017, 88032, 88042, 88074, 88076, 88155, 88201, 88220, 88224, 88320, 88348, 88361, 88379, 88419, 88481, 88485, 88491, 88496, 88563, 88583, 88657, 88664, 88708, 88847, 88903, 88917, 88950, 88953, 88982, 88987, 89020, 89092, 89110, 89113, 89162, 89170, 89194, 89249, 89323, 89427, 89483, 89549, 89603, 89619, 89652, 89732, 89745, 89746, 89820, 89838, 89857, 89928, 89929, 90068, 90113, 90127, 90128, 90152, 90186, 90216, 90253, 90269, 90272, 90275, 90408, 90416, 90437, 90453, 90466, 90506, 90536, 90594, 90625, 90650, 90800, 90805, 90839, 90850, 90853, 90881, 90901, 90902, 90908, 90909, 90919, 90975, 90981, 91005, 91008, 91027, 91130, 91153, 91169, 91196, 91215, 91227, 91253, 91287, 91312, 91318, 91453, 91459, 91481, 91485, 91523, 91612, 91646, 91648, 91657, 91668, 91672, 91685, 91686, 91796, 91812, 91923, 91970, 92001, 92007, 92012, 92016, 92075, 92128, 92132, 92150, 92152, 92276, 92447, 92452, 92472, 92477, 92480, 92504, 92513, 92537, 92538, 92555, 92559, 92790, 92818, 92876, 92927, 92933, 92960, 92975, 92998, 93012, 93033, 93112, 93119, 93157, 93174, 93275, 93310, 93312, 93329, 93364, 93404, 93426, 93505, 93518, 93520, 93530, 93532, 93554, 93561, 93583, 93588, 93608, 93626, 93801, 93819, 93824, 93837, 93886, 93889, 93987, 93988, 94140, 94144, 94235, 94250, 94260, 94269, 94360, 94364, 94376, 94397, 94410, 94435, 94490, 94517, 94530, 94531, 94639, 94680, 94751, 94806, 94855, 94864, 94866, 94926, 94946, 94967, 94979, 95038, 95045, 95179, 95198, 95213, 95242, 95291, 95533, 95564, 95569, 95610, 95611, 95649, 95690, 95765, 95822, 95824, 95843, 95855, 95878, 95937, 95982, 96101, 96164, 96239, 96242, 96246, 96262, 96351, 96415, 96430, 96431, 96436, 96437, 96459, 96463, 96500, 96506, 96512, 96601, 96616, 96732, 96746, 96778, 96831, 96890, 96913, 96921, 96963, 97016, 97018, 97026, 97135, 97163, 97201, 97208, 97354, 97404, 97434, 97444, 97478, 97491, 97494, 97541, 97542, 97553, 97589, 97595, 97602, 97608, 97637, 97654, 97658, 97675, 97683, 97726, 97865, 97872, 97904, 97922, 97930, 97953, 98023, 98024, 98067, 98085, 98150, 98162, 98216, 98229, 98326, 98340, 98348, 98456, 98463, 98506, 98511, 98512, 98536, 98541, 98571, 98621, 98635, 98643, 98712, 98735, 98759, 98776, 98926, 98962, 98983, 99104, 99107, 99165, 99193, 99230, 99239, 99242, 99332, 99432, 99449, 99452, 99455, 99466, 99468, 99477, 99499, 99500, 99539, 99561, 99570, 99575, 99690, 99718, 99755, 99882, 99883, 100021, 100024, 100033, 100138, 100143, 100182, 100254, 100258, 100267, 100271, 100354, 100358, 100408, 100412, 100418, 100424, 100425, 100461, 100478, 100548, 100593, 100620, 100625, 100715, 100734, 100794, 100795, 100813, 100821, 100907, 100962, 100990, 101037, 101052, 101066, 101103, 101167, 101220, 101228, 101229, 101276, 101308, 101318, 101323, 101324, 101326, 101346, 101365, 101370, 101371, 101424, 101437, 101457, 101461, 101523, 101556, 101557, 101579, 101611, 101625, 101671, 101682, 101798, 101813, 101845, 101942, 101953, 102038, 102043, 102117, 102118, 102282, 102338, 102345, 102364, 102365, 102525, 102550, 102582, 102617, 102618, 102725, 102748, 102750, 102752, 102855, 102877, 102912, 102928, 102950, 103021, 103029, 103031, 103053, 103058, 103098, 103169, 103171, 103173, 103179, 103195, 103208, 103213, 103264, 103326, 103328, 103429, 103437, 103456, 103461, 103558, 103571, 103629, 103674, 103749, 103750, 103796, 103824, 103853, 104000, 104040, 104047, 104107, 104108, 104155, 104194, 104241, 104262, 104287, 104312, 104322, 104328, 104365, 104391, 104398, 104417, 104422, 104431, 104449, 104450, 104468, 104602, 104682, 104803, 104842, 104897, 104942, 104976, 105017, 105035, 105050, 105196, 105277, 105318, 105439, 105444, 105467, 105496, 105609, 105651, 105680, 105688, 105707, 105780, 105785, 105798, 105827, 105835, 105840, 105912, 106164, 106202, 106223, 106224, 106232, 106339, 106353, 106355, 106387, 106400, 106414, 106523, 106637, 106644, 106710, 106721, 106780, 106846, 106851, 106869, 106870, 106882, 106949, 106952, 106974, 107032, 107034, 107037, 107104, 107124, 107141, 107161, 107162, 107166, 107195, 107236, 107324, 107340, 107352, 107466, 107601, 107633, 107636, 107646, 107656, 107658, 107701, 107702, 107703, 107724, 107770, 107771, 107773, 107791, 107807, 107883, 108126, 108175, 108178, 108207, 108211, 108248, 108288, 108294, 108376, 108406, 108409, 108446, 108500, 108537, 108539, 108545, 108547, 108548, 108653, 108754, 108769, 108780, 108874, 108918, 108946, 108950, 108958, 109009, 109036, 109037, 109053, 109056, 109103, 109109, 109111, 109153, 109162, 109192, 109204, 109270, 109286, 109378, 109432, 109510, 109515, 109516, 109544, 109546, 109593, 109600, 109672, 109678, 109695, 109748, 109781, 109785, 109830, 110006, 110015, 110043, 110211, 110212, 110238, 110249, 110259, 110325, 110341, 110358, 110363, 110370, 110413, 110423, 110455, 110481, 110486, 110487, 110520, 110541, 110577, 110588, 110618, 110620, 110634, 110635, 110650, 110670, 110679, 110682, 110711, 110715, 110740, 110741, 110747, 110756, 110773, 110796, 110797, 110940, 111385, 111396, 111407, 111412, 111417, 111557, 111563, 111580, 111600, 111616, 111617, 111622, 111630, 111641, 111655, 111832, 111884, 111887, 111908, 111913, 111932, 111968, 111970, 111984, 112070, 112075, 112082, 112085, 112091, 112097, 112157, 112158, 112273, 112299, 112343, 112363, 112384, 112410, 112423, 112491, 112509, 112529, 112609, 112613, 112615, 112631, 112632, 112634, 112635, 112717, 112850, 112886, 112972, 113008, 113138, 113172, 113245, 113253, 113298, 113308, 113335, 113401, 113434, 113446, 113483, 113622, 113665, 113686, 113774, 113874, 113903, 113905, 113916, 114018, 114098, 114125, 114128, 114134, 114160, 114190, 114249, 114377, 114379, 114380, 114433, 114471, 114473, 114532, 114535, 114537, 114622, 114631, 114645, 114715, 114749, 114751, 114758, 114762, 114789, 114808, 114814, 114819, 114850, 114854, 114959, 114971, 115004, 115020, 115065, 115084, 115086, 115124, 115137, 115142, 115214, 115218, 115221, 115231, 115281, 115348, 115361, 115421, 115433, 115491, 115501, 115510, 115518, 115552, 115556, 115666, 115701, 115786, 115961, 115966, 115980, 116004, 116054, 116126, 116128, 116135, 116146, 116180, 116194, 116210, 116216, 116230, 116231, 116284, 116478, 116514, 116519, 116666, 116742, 116784, 116869, 116881, 116893, 116894, 116895, 116915, 116949, 116957, 116978, 116980, 116988, 117006, 117012, 117019, 117097, 117163, 117174, 117291, 117297, 117298, 117379, 117422, 117446, 117472, 117473, 117493, 117615, 117690, 117774, 117775, 117780, 117814, 117831, 117832, 117953, 117971, 117994, 118004, 118025, 118030, 118039, 118079, 118136, 118142, 118143, 118146, 118170, 118182, 118280, 118306, 118312, 118326, 118328, 118396, 118403, 118420, 118425, 118487, 118494, 118510, 118513, 118561, 118568, 118743, 118912, 118940, 118943, 118950, 118982, 119007, 119031, 119032, 119042, 119047, 119083, 119089, 119094, 119097, 119135, 119146, 119150, 119164, 119180, 119181, 119185, 119197, 119198, 119215, 119216, 119217, 119253, 119270, 119286, 119326, 119364, 119416, 119421, 119457, 119462, 119518, 119523, 119569, 119591, 119665, 119667, 119683, 119702, 119739, 119757, 119779, 119790, 119792, 119847, 119906, 119958, 119960, 119973, 119978, 120021, 120029, 120034, 120050, 120051, 120055, 120094, 120149, 120156, 120177, 120199, 120205, 120254, 120257, 120292, 120321, 120437, 120558, 120559, 120678, 120689, 120748, 120773, 120779, 120792, 120798, 120805, 120810, 120840, 120859, 120947, 120959, 120961, 121003, 121031, 121076, 121118, 121151, 121205, 121461, 121550, 121571, 121582, 121611, 121630, 121653, 121694, 121758, 121768, 121839, 121864, 121898, 121916, 121940, 121948, 121959, 121968, 122030, 122032, 122041, 122105, 122148, 122160, 122188, 122191, 122201, 122308, 122347, 122364, 122369, 122394, 122431, 122495, 122497, 122518, 122546, 122551, 122556, 122561, 122596, 122598, 122637, 122712, 122722, 122729, 122741, 122753, 122805, 122813, 122815, 122817, 122864, 122873, 122895, 122899, 122902, 122914, 122928, 122958, 122961, 122993, 123034, 123145, 123153, 123203, 123233, 123241, 123347, 123437, 123477, 123487, 123503, 123529, 123541, 123609, 123633, 123634, 123696, 123757, 123762, 123788, 123790, 123799, 123800, 123835, 123876, 123880, 123911, 123955, 124038, 124092, 124094, 124126, 124143, 124277, 124306, 124323, 124638, 124653, 124669, 124687, 124689, 124746, 124793, 124875, 124913, 124924, 124926, 124934, 124956, 125006, 125044, 125063, 125089, 125102, 125119, 125166, 125184, 125190, 125226, 125267, 125269, 125281, 125302, 125318, 125319, 125462, 125524, 125609, 125612, 125664, 125679, 125745, 125774, 125789, 125793, 125913, 125928, 125944, 126043, 126100, 126159, 126164, 126199, 126246, 126258, 126261, 126291, 126294, 126298, 126488, 126716, 126737, 126758, 126760, 126770, 126780, 126860, 126933, 126965, 126986, 127016, 127035, 127058, 127096, 127112, 127113, 127141, 127169, 127200, 127225, 127274, 127275, 127281, 127291, 127292, 127302, 127393, 127456, 127606, 127642, 127659, 127664, 127680, 127688, 127744, 127746, 127748, 127752, 127792, 127794, 127816, 127828, 127838, 127969, 127974, 128011, 128012, 128024, 128035, 128146, 128183, 128214, 128250, 128262, 128297, 128312, 128313, 128401, 128403, 128743, 128776, 128806, 128839, 128858, 128893, 128895, 128934, 128937, 128957, 128974, 129001, 129044, 129116, 129132, 129140, 129147, 129193, 129313, 129359, 129553, 129600, 129637, 129807, 129819, 129847, 129883, 129910, 129948, 129980, 130006, 130018, 130091, 130103, 130134, 130153, 130154, 130158, 130234, 130288, 130322, 130327, 130328, 130416, 130510, 130568, 130601, 130682, 130834, 130836, 130837, 130919, 130921, 130929, 130933, 130942, 131012, 131013, 131056, 131123, 131209, 131217, 131222, 131266, 131279, 131329, 131342, 131352, 131371, 131391, 131396, 131398, 131471, 131492, 131544, 131589, 131594, 131647, 131651, 131713, 131741, 131835, 131850, 131980, 131987, 131988, 132282, 132284, 132286, 132312, 132364, 132390, 132525, 132535, 132594, 132615, 132617, 132633, 132691, 132706, 132728, 132766, 132783, 132801, 132803, 132804, 132842, 132871, 132921, 132925, 132927, 132933, 132954, 132970, 133023, 133029, 133066, 133098, 133114, 133117, 133202, 133212, 133257, 133276]"
c1_random,WTSS,0.1,10%,0.2,20%,3581,14322,3264,2601,663,17903,13834,0.9659265465717078,False,311,13828,"[13, 124, 172, 333, 342, 349, 357, 424, 427, 497, 507, 543, 555, 568, 604, 623, 661, 749, 768, 773, 784, 811, 812, 813, 815, 839, 898, 1099, 1218, 1339, 1366, 1367, 1399, 1400, 1451, 1458, 1482, 1509, 1516, 1556, 1582, 1677, 1692, 1697, 1713, 1898, 1918, 1958, 1964, 2109, 2167, 2168, 2211, 2240, 2241, 2262, 2330, 2372, 2381, 2417, 2447, 2487, 2508, 2535, 2588, 2630, 2634, 2641, 2702, 2743, 2794, 2796, 2855, 2910, 2916, 2965, 2968, 2969, 3003, 3005, 3047, 3073, 3102, 3138, 3149, 3151, 3201, 3209, 3232, 3241, 3270, 3377, 3421, 3508, 3532, 3543, 3553, 3566, 3584, 3591, 3604, 3713, 3776, 3778, 3781, 3803, 3812, 3824, 3832, 3839, 3842, 3853, 3940, 4006, 4024, 4044, 4074, 4075, 4142, 4159, 4245, 4282, 4284, 4288, 4291, 4301, 4305, 4311, 4320, 4390, 4419, 4444, 4459, 4462, 4481, 4483, 4526, 4531, 4532, 4541, 4686, 4734, 4788, 4790, 4796, 4815, 4881, 4892, 4893, 4903, 4984, 4996, 5050, 5099, 5102, 5166, 5185, 5212, 5273, 5275, 5335, 5391, 5420, 5421, 5462, 5480, 5513, 5516, 5523, 5541, 5547, 5558, 5578, 5580, 5668, 5674, 5710, 5745, 5811, 5854, 5868, 5904, 5905, 5959, 6000, 6003, 6004, 6021, 6059, 6083, 6137, 6167, 6173, 6393, 6418, 6420, 6466, 6468, 6529, 6532, 6548, 6593, 6597, 6618, 6619, 6637, 6655, 6689, 6730, 6790, 6831, 6837, 6845, 6912, 6976, 6995, 6996, 7005, 7009, 7026, 7033, 7128, 7205, 7206, 7209, 7264, 7462, 7469, 7480, 7482, 7520, 7593, 7612, 7614, 7706, 7721, 7761, 7829, 7836, 7955, 7980, 7991, 8053, 8058, 8128, 8143, 8160, 8161, 8195, 8304, 8332, 8373, 8397, 8398, 8459, 8461, 8506, 8554, 8592, 8615, 8627, 8705, 8836, 8958, 8979, 9049, 9052, 9167, 9208, 9220, 9292, 9320, 9334, 9356, 9386, 9389, 9418, 9442, 9494, 9510, 9557, 9612, 9617, 9648, 9671, 9678, 9900, 9941, 9942, 9992, 9999, 10000, 10017, 10065, 10168, 10172, 10184, 10191, 10244, 10273, 10341, 10428, 10490, 10503, 10564, 10639, 10640, 10641, 10679, 10713, 10719, 10726, 10729, 10785, 10807, 10834, 10873, 10899, 10900, 11006, 11020, 11038, 11080, 11085, 11091, 11109, 11176, 11199, 11257, 11275, 11318, 11381, 11477, 11478, 11519, 11553, 11580, 11590, 11664, 11799, 11866, 11916, 11963, 12039, 12050, 12069, 12073, 12148, 12152, 12164, 12185, 12187, 12203, 12249, 12338, 12448, 12501, 12544, 12549, 12644, 12683, 12704, 12732, 12737, 12758, 12927, 12997, 13045, 13046, 13070, 13084, 13112, 13121, 13175, 13179, 13219, 13246, 13254, 13257, 13590, 13624, 13647, 13652, 13709, 13743, 13758, 13805, 13822, 13876, 13881, 13894, 13945, 13962, 13976, 14009, 14063, 14095, 14101, 14210, 14212, 14221, 14365, 14382, 14439, 14528, 14579, 14614, 14706, 14716, 14726, 14783, 14861, 14887, 14911, 15016, 15029, 15036, 15122, 15124, 15150, 15153, 15161, 15212, 15215, 15250, 15309, 15413, 15436, 15467, 15483, 15505, 15525, 15647, 15765, 15846, 15943, 16042, 16092, 16102, 16115, 16116, 16123, 16219, 16237, 16246, 16250, 16270, 16287, 16305, 16312, 16313, 16329, 16331, 16336, 16340, 16360, 16442, 16467, 16468, 16525, 16536, 16540, 16542, 16607, 16700, 16773, 16783, 16794, 16842, 16851, 16879, 16901, 16931, 16961, 16972, 16973, 17001, 17045, 17243, 17266, 17277, 17295, 17380, 17437, 17440, 17447, 17515, 17549, 17584, 17603, 17642, 17652, 17689, 17722, 17736, 17764, 17806, 17863, 17864, 17866, 17970, 17979, 17983, 18009, 18079, 18091, 18092, 18176, 18225, 18236, 18250, 18252, 18325, 18339, 18354, 18361, 18400, 18444, 18459, 18481, 18553, 18585, 18600, 18642, 18667, 18685, 18694, 18781, 18860, 18876, 18877, 18995, 19113, 19166, 19167, 19204, 19206, 19207, 19341, 19432, 19467, 19479, 19575, 19620, 19695, 19772, 19776, 19778, 19779, 19945, 19973, 19981, 20113, 20126, 20214, 20218, 20297, 20418, 20440, 20464, 20469, 20492, 20496, 20636, 20656, 20665, 20685, 20695, 20711, 20715, 20740, 20762, 20779, 20783, 20842, 20857, 20866, 20890, 20903, 21138, 21148, 21149, 21192, 21195, 21333, 21368, 21369, 21458, 21466, 21471, 21475, 21512, 21514, 21542, 21551, 21566, 21627, 21728, 21757, 21764, 21765, 21768, 21878, 22035, 22071, 22110, 22241, 22358, 22418, 22462, 22528, 22531, 22560, 22586, 22684, 22769, 22842, 22851, 23122, 23140, 23219, 23257, 23258, 23283, 23284, 23294, 23296, 23306, 23317, 23338, 23339, 23349, 23384, 23457, 23461, 23559, 23564, 23631, 23691, 23740, 23741, 23749, 23752, 23769, 23816, 23819, 23820, 23849, 23890, 24002, 24099, 24107, 24139, 24176, 24197, 24354, 24377, 24394, 24435, 24445, 24455, 24500, 24593, 24596, 24665, 24702, 24752, 24833, 24847, 24897, 24903, 25061, 25063, 25066, 25108, 25112, 25169, 25177, 25208, 25329, 25346, 25351, 25374, 25385, 25395, 25509, 25521, 25523, 25538, 25588, 25599, 25621, 25697, 25822, 25833, 25934, 25995, 26091, 26149, 26151, 26172, 26205, 26299, 26301, 26303, 26324, 26349, 26354, 26359, 26477, 26769, 26780, 26797, 26826, 26840, 26849, 26896, 26897, 26899, 26915, 26976, 26994, 27031, 27062, 27233, 27281, 27292, 27297, 27309, 27327, 27408, 27444, 27470, 27478, 27481, 27560, 27573, 27579, 27580, 27581, 27633, 27634, 27653, 27686, 27710, 27728, 27751, 27779, 27811, 27862, 27884, 27905, 27919, 27943, 28005, 28027, 28045, 28129, 28130, 28142, 28190, 28235, 28256, 28287, 28293, 28334, 28385, 28529, 28530, 28706, 28730, 28797, 28822, 28827, 28890, 28917, 28918, 28935, 28968, 29001, 29026, 29065, 29067, 29075, 29083, 29091, 29115, 29128, 29186, 29189, 29226, 29274, 29285, 29302, 29355, 29366, 29430, 29468, 29508, 29607, 29738, 29754, 29767, 29798, 29802, 29833, 29842, 29890, 29895, 29906, 29934, 29945, 29959, 29974, 30018, 30129, 30199, 30222, 30355, 30593, 30630, 30703, 30735, 30736, 30738, 30828, 30878, 30912, 30920, 30951, 30972, 31076, 31077, 31089, 31103, 31126, 31146, 31265, 31290, 31336, 31346, 31362, 31414, 31465, 31467, 31470, 31501, 31564, 31638, 31644, 31782, 31876, 31880, 31898, 32046, 32049, 32051, 32078, 32100, 32104, 32109, 32158, 32202, 32269, 32298, 32317, 32325, 32352, 32368, 32370, 32372, 32404, 32410, 32457, 32486, 32528, 32562, 32564, 32595, 32663, 32666, 32672, 32777, 33099, 33108, 33190, 33224, 33351, 33364, 33430, 33509, 33636, 33643, 33658, 33659, 33692, 33709, 33763, 33797, 33851, 33883, 33886, 33932, 34018, 34110, 34200, 34218, 34265, 34270, 34387, 34417, 34454, 34459, 34478, 34537, 34539, 34608, 34727, 34864, 34868, 34869, 34880, 34908, 34922, 34928, 35029, 35111, 35141, 35154, 35159, 35299, 35317, 35363, 35375, 35377, 35381, 35449, 35552, 35598, 35599, 35637, 35656, 35729, 35777, 35930, 35955, 35961, 36026, 36066, 36089, 36183, 36372, 36373, 36442, 36455, 36562, 36566, 36572, 36604, 36608, 36611, 36657, 36688, 36758, 36759, 36907, 36973, 36974, 36975, 37040, 37046, 37088, 37097, 37141, 37179, 37254, 37315, 37519, 37526, 37540, 37653, 37747, 37786, 37832, 37858, 37861, 37865, 37943, 38196, 38227, 38300, 38343, 38351, 38378, 38584, 38675, 38685, 38694, 38810, 38820, 38887, 38977, 38980, 38985, 39050, 39108, 39111, 39121, 39160, 39172, 39186, 39190, 39218, 39239, 39244, 39258, 39365, 39367, 39371, 39372, 39378, 39385, 39436, 39437, 39460, 39478, 39522, 39527, 39579, 39582, 39741, 39743, 39746, 39789, 39790, 39794, 39856, 39903, 39949, 39951, 39955, 39969, 39978, 40012, 40108, 40181, 40270, 40339, 40353, 40419, 40425, 40440, 40495, 40509, 40607, 40618, 40720, 40729, 40739, 40750, 40768, 40781, 40784, 40797, 40839, 41002, 41133, 41169, 41170, 41199, 41304, 41353, 41357, 41419, 41434, 41476, 41477, 41478, 41574, 41611, 41668, 41676, 41798, 41875, 41884, 41919, 42068, 42071, 42149, 42172, 42201, 42202, 42205, 42224, 42228, 42294, 42299, 42300, 42349, 42355, 42402, 42430, 42453, 42472, 42487, 42501, 42552, 42585, 42636, 42637, 42639, 42685, 42719, 42754, 42791, 42793, 42808, 42809, 42843, 42883, 42920, 42923, 43009, 43015, 43031, 43052, 43066, 43098, 43130, 43279, 43287, 43312, 43369, 43371, 43405, 43411, 43449, 43451, 43457, 43469, 43601, 43613, 43652, 43708, 43713, 43731, 43742, 43779, 43875, 43891, 44021, 44070, 44079, 44087, 44091, 44127, 44135, 44237, 44256, 44329, 44340, 44343, 44434, 44501, 44520, 44612, 44623, 44631, 44678, 44948, 45034, 45054, 45055, 45163, 45183, 45208, 45272, 45320, 45421, 45531, 45533, 45554, 45595, 45617, 45640, 45653, 45654, 45678, 45694, 45791, 45982, 46031, 46081, 46108, 46109, 46119, 46146, 46153, 46160, 46229, 46263, 46294, 46342, 46344, 46354, 46360, 46373, 46415, 46449, 46451, 46532, 46556, 46559, 46600, 46685, 46698, 46738, 46783, 46784, 46963, 46964, 46985, 47005, 47029, 47046, 47052, 47056, 47098, 47247, 47271, 47311, 47331, 47371, 47403, 47424, 47442, 47504, 47643, 47669, 47670, 47679, 47722, 47731, 47772, 47828, 47829, 47831, 47865, 47882, 47911, 47999, 48014, 48043, 48198, 48227, 48255, 48301, 48350, 48352, 48358, 48436, 48442, 48444, 48466, 48498, 48537, 48542, 48642, 48660, 48793, 48869, 48878, 48956, 49019, 49033, 49034, 49163, 49197, 49242, 49251, 49321, 49387, 49422, 49486, 49495, 49541, 49669, 49737, 49740, 49741, 49742, 49747, 49770, 49807, 49934, 49939, 49991, 49997, 50102, 50122, 50124, 50125, 50181, 50183, 50220, 50247, 50280, 50319, 50399, 50448, 50449, 50475, 50515, 50544, 50691, 50815, 50938, 50946, 51016, 51027, 51066, 51090, 51124, 51137, 51145, 51206, 51211, 51236, 51257, 51265, 51318, 51363, 51377, 51459, 51494, 51517, 51554, 51697, 51699, 51709, 51751, 51769, 51778, 51977, 52041, 52046, 52068, 52100, 52143, 52177, 52228, 52252, 52314, 52321, 52351, 52480, 52482, 52495, 52497, 52547, 52603, 52735, 52770, 52786, 52909, 52949, 52971, 52978, 53034, 53058, 53084, 53214, 53280, 53360, 53404, 53486, 53488, 53530, 53531, 53534, 53588, 53594, 53599, 53617, 53681, 53710, 53795, 53911, 53913, 53916, 53942, 53956, 54003, 54012, 54014, 54018, 54029, 54099, 54102, 54140, 54183, 54196, 54262, 54414, 54424, 54450, 54460, 54461, 54541, 54545, 54548, 54575, 54582, 54599, 54608, 54614, 54771, 54860, 54885, 54952, 55000, 55040, 55052, 55058, 55155, 55169, 55198, 55200, 55247, 55328, 55383, 55384, 55407, 55462, 55494, 55495, 55506, 55507, 55519, 55603, 55644, 55714, 55723, 55850, 55852, 55859, 55903, 55960, 55961, 56002, 56051, 56058, 56125, 56170, 56174, 56187, 56194, 56215, 56217, 56221, 56223, 56237, 56310, 56387, 56559, 56589, 56608, 56614, 56669, 56774, 56829, 56840, 56920, 56945, 56985, 57006, 57035, 57150, 57163, 57276, 57368, 57372, 57446, 57461, 57463, 57495, 57537, 57644, 57647, 57660, 57943, 57953, 58014, 58060, 58080, 58138, 58157, 58166, 58169, 58170, 58191, 58199, 58217, 58278, 58365, 58458, 58484, 58594, 58646, 58656, 58707, 58831, 58920, 58935, 58950, 58955, 59053, 59111, 59112, 59151, 59183, 59189, 59200, 59217, 59278, 59334, 59367, 59376, 59432, 59444, 59465, 59489, 59506, 59532, 59594, 59672, 59716, 59802, 59810, 59822, 60056, 60075, 60078, 60115, 60116, 60164, 60219, 60220, 60271, 60288, 60309, 60337, 60390, 60425, 60499, 60612, 60642, 60651, 60676, 60690, 60692, 60696, 60699, 60717, 60723, 60808, 60809, 60812, 60824, 60979, 60980, 61195, 61290, 61311, 61343, 61345, 61359, 61384, 61395, 61472, 61581, 61593, 61597, 61750, 61805, 61807, 61829, 61859, 61892, 61898, 62002, 62018, 62020, 62049, 62063, 62102, 62179, 62199, 62201, 62238, 62282, 62299, 62398, 62419, 62431, 62485, 62486, 62540, 62562, 62610, 62650, 62653, 62680, 62695, 62700, 62832, 62850, 62859, 62873, 62940, 62967, 63015, 63057, 63072, 63121, 63140, 63172, 63173, 63176, 63243, 63287, 63304, 63310, 63311, 63375, 63401, 63422, 63488, 63505, 63621, 63625, 63665, 63671, 63709, 63711, 63715, 63719, 63813, 63814, 63924, 63946, 63970, 64068, 64079, 64081, 64136, 64156, 64159, 64173, 64186, 64282, 64294, 64295, 64353, 64357, 64374, 64460, 64483, 64592, 64601, 64627, 64630, 64649, 64665, 64669, 64680, 64694, 64743, 64789, 64837, 64838, 64859, 64940, 64944, 64946, 64973, 65114, 65116, 65164, 65213, 65253, 65461, 65497, 65499, 65534, 65567, 65595, 65610, 65642, 65643, 65723, 65751, 65977, 66033, 66039, 66100, 66200, 66205, 66241, 66245, 66311, 66351, 66456, 66511, 66514, 66525, 66538, 66555, 66602, 66633, 66683, 66725, 66727, 66733, 66740, 66766, 66767, 66769, 66880, 67032, 67090, 67127, 67141, 67157, 67158, 67242, 67244, 67299, 67337, 67344, 67585, 67587, 67662, 67671, 67692, 67716, 67723, 67731, 67759, 67778, 67779, 67791, 67846, 67862, 67864, 67894, 67985, 67988, 68018, 68044, 68077, 68162, 68213, 68242, 68252, 68409, 68446, 68455, 68673, 68674, 68724, 68739, 68748, 68752, 68758, 68880, 68923, 68952, 68969, 69047, 69057, 69109, 69111, 69169, 69187, 69191, 69226, 69228, 69258, 69303, 69407, 69412, 69428, 69433, 69512, 69525, 69595, 69601, 69604, 69643, 69661, 69697, 69702, 69726, 69844, 69877, 69937, 69970, 70025, 70029, 70074, 70112, 70151, 70163, 70193, 70226, 70227, 70236, 70278, 70290, 70336, 70339, 70366, 70413, 70424, 70453, 70457, 70459, 70479, 70524, 70562, 70618, 70652, 70669, 70781, 70799, 70830, 70916, 70918, 70950, 71007, 71084, 71159, 71163, 71226, 71240, 71244, 71245, 71301, 71329, 71390, 71440, 71482, 71507, 71552, 71650, 71711, 71718, 71727, 71738, 71745, 71776, 71856, 71982, 71989, 72049, 72081, 72114, 72157, 72201, 72231, 72278, 72370, 72380, 72434, 72616, 72642, 72650, 72738, 72747, 72795, 72813, 72815, 72818, 72857, 72889, 72941, 72959, 72960, 73006, 73044, 73064, 73081, 73134, 73135, 73205, 73216, 73242, 73248, 73299, 73308, 73309, 73319, 73393, 73420, 73441, 73489, 73553, 73603, 73617, 73703, 73747, 73797, 73904, 73905, 73956, 74016, 74024, 74064, 74065, 74066, 74095, 74193, 74279, 74283, 74303, 74340, 74359, 74444, 74570, 74572, 74591, 74612, 74659, 74707, 74834, 74906, 74919, 74934, 74939, 74972, 74989, 75037, 75047, 75049, 75055, 75098, 75117, 75132, 75145, 75280, 75626, 75665, 75690, 75786, 75794, 75852, 75857, 75911, 76075, 76078, 76215, 76323, 76328, 76427, 76467, 76531, 76533, 76594, 76618, 76624, 76643, 76672, 76706, 76707, 76751, 76784, 76832, 76862, 76892, 76929, 76930, 76948, 76959, 76961, 76970, 77035, 77048, 77130, 77179, 77208, 77245, 77252, 77253, 77283, 77292, 77322, 77370, 77388, 77415, 77425, 77436, 77460, 77505, 77560, 77757, 77819, 77822, 77830, 77915, 77985, 78008, 78091, 78179, 78242, 78361, 78425, 78469, 78470, 78476, 78550, 78553, 78575, 78579, 78590, 78600, 78627, 78672, 78699, 78705, 78765, 78777, 78779, 78781, 78810, 78900, 79035, 79052, 79055, 79108, 79109, 79156, 79171, 79238, 79239, 79337, 79372, 79379, 79393, 79398, 79412, 79463, 79570, 79613, 79656, 79722, 79747, 79756, 79771, 79974, 80002, 80011, 80089, 80093, 80095, 80119, 80120, 80186, 80193, 80213, 80373, 80374, 80394, 80400, 80433, 80440, 80442, 80479, 80534, 80576, 80600, 80602, 80692, 80742, 80745, 80763, 80764, 80804, 80872, 81031, 81175, 81198, 81221, 81251, 81353, 81355, 81357, 81418, 81454, 81455, 81463, 81491, 81496, 81530, 81557, 81567, 81615, 81625, 81712, 81804, 81826, 81908, 81925, 81970, 82115, 82160, 82168, 82184, 82195, 82197, 82243, 82286, 82365, 82475, 82485, 82535, 82559, 82561, 82618, 82623, 82643, 82749, 82767, 82798, 82837, 82947, 82985, 83004, 83005, 83057, 83089, 83091, 83161, 83257, 83319, 83362, 83375, 83393, 83424, 83453, 83474, 83488, 83518, 83519, 83567, 83572, 83663, 83686, 83696, 83720, 83723, 83775, 83797, 83799, 83848, 83943, 83993, 84008, 84014, 84039, 84052, 84056, 84135, 84150, 84156, 84164, 84259, 84325, 84456, 84459, 84463, 84482, 84506, 84507, 84513, 84629, 84640, 84643, 84657, 84662, 84737, 84804, 84815, 84933, 85009, 85037, 85040, 85079, 85090, 85107, 85108, 85113, 85193, 85296, 85363, 85399, 85455, 85476, 85481, 85607, 85744, 85755, 85765, 85832, 85836, 85838, 85883, 85934, 85942, 85973, 85993, 86016, 86018, 86029, 86037, 86096, 86312, 86314, 86316, 86334, 86368, 86514, 86528, 86546, 86614, 86656, 86697, 86738, 86746, 86788, 86789, 86824, 86892, 86951, 86959, 86963, 86986, 87066, 87079, 87165, 87187, 87264, 87294, 87376, 87419, 87422, 87427, 87497, 87500, 87506, 87507, 87524, 87525, 87591, 87637, 87657, 87685, 87936, 87944, 88017, 88032, 88042, 88074, 88076, 88155, 88201, 88220, 88224, 88320, 88348, 88361, 88379, 88419, 88481, 88485, 88491, 88496, 88563, 88583, 88657, 88664, 88708, 88847, 88903, 88917, 88950, 88953, 88982, 88987, 89020, 89092, 89110, 89113, 89162, 89170, 89194, 89249, 89323, 89427, 89483, 89549, 89603, 89619, 89652, 89732, 89745, 89746, 89820, 89838, 89857, 89928, 89929, 90068, 90113, 90127, 90128, 90152, 90186, 90216, 90253, 90269, 90272, 90275, 90408, 90416, 90437, 90453, 90466, 90506, 90536, 90594, 90625, 90650, 90800, 90805, 90839, 90850, 90853, 90881, 90901, 90902, 90908, 90909, 90919, 90975, 90981, 91005, 91008, 91027, 91130, 91153, 91169, 91196, 91215, 91227, 91253, 91287, 91312, 91318, 91453, 91459, 91481, 91485, 91523, 91612, 91646, 91648, 91657, 91668, 91672, 91685, 91686, 91796, 91812, 91923, 91970, 92001, 92007, 92012, 92016, 92075, 92128, 92132, 92150, 92152, 92276, 92447, 92452, 92472, 92477, 92480, 92504, 92513, 92537, 92538, 92555, 92559, 92790, 92818, 92876, 92927, 92933, 92960, 92975, 92998, 93012, 93033, 93112, 93119, 93157, 93174, 93275, 93310, 93312, 93329, 93364, 93404, 93426, 93505, 93518, 93520, 93530, 93532, 93554, 93561, 93583, 93588, 93608, 93626, 93801, 93819, 93824, 93837, 93886, 93889, 93987, 93988, 94140, 94144, 94235, 94250, 94260, 94269, 94360, 94364, 94376, 94397, 94410, 94435, 94490, 94517, 94530, 94531, 94639, 94680, 94751, 94806, 94855, 94864, 94866, 94926, 94946, 94967, 94979, 95038, 95045, 95179, 95198, 95213, 95242, 95291, 95533, 95564, 95569, 95610, 95611, 95649, 95690, 95765, 95822, 95824, 95843, 95855, 95878, 95937, 95982, 96101, 96164, 96239, 96242, 96246, 96262, 96351, 96415, 96430, 96431, 96436, 96437, 96459, 96463, 96500, 96506, 96512, 96601, 96616, 96732, 96746, 96778, 96831, 96890, 96913, 96921, 96963, 97016, 97018, 97026, 97135, 97163, 97201, 97208, 97354, 97404, 97434, 97444, 97478, 97491, 97494, 97541, 97542, 97553, 97589, 97595, 97602, 97608, 97637, 97654, 97658, 97675, 97683, 97726, 97865, 97872, 97904, 97922, 97930, 97953, 98023, 98024, 98067, 98085, 98150, 98162, 98216, 98229, 98326, 98340, 98348, 98456, 98463, 98506, 98511, 98512, 98536, 98541, 98571, 98621, 98635, 98643, 98712, 98735, 98759, 98776, 98926, 98962, 98983, 99104, 99107, 99165, 99193, 99230, 99239, 99242, 99332, 99432, 99449, 99452, 99455, 99466, 99468, 99477, 99499, 99500, 99539, 99561, 99570, 99575, 99690, 99718, 99755, 99882, 99883, 100021, 100024, 100033, 100138, 100143, 100182, 100254, 100258, 100267, 100271, 100354, 100358, 100408, 100412, 100418, 100424, 100425, 100461, 100478, 100548, 100593, 100620, 100625, 100715, 100734, 100794, 100795, 100813, 100821, 100907, 100962, 100990, 101037, 101052, 101066, 101103, 101167, 101220, 101228, 101229, 101276, 101308, 101318, 101323, 101324, 101326, 101346, 101365, 101370, 101371, 101424, 101437, 101457, 101461, 101523, 101556, 101557, 101579, 101611, 101625, 101671, 101682, 101798, 101813, 101845, 101942, 101953, 102038, 102043, 102117, 102118, 102282, 102338, 102345, 102364, 102365, 102525, 102550, 102582, 102617, 102618, 102725, 102748, 102750, 102752, 102855, 102877, 102912, 102928, 102950, 103021, 103029, 103031, 103053, 103058, 103098, 103169, 103171, 103173, 103179, 103195, 103208, 103213, 103264, 103326, 103328, 103429, 103437, 103456, 103461, 103558, 103571, 103629, 103674, 103749, 103750, 103796, 103824, 103853, 104000, 104040, 104047, 104107, 104108, 104155, 104194, 104241, 104262, 104287, 104312, 104322, 104328, 104365, 104391, 104398, 104417, 104422, 104431, 104449, 104450, 104468, 104602, 104682, 104803, 104842, 104897, 104942, 104976, 105017, 105035, 105050, 105196, 105277, 105318, 105439, 105444, 105467, 105496, 105609, 105651, 105680, 105688, 105707, 105780, 105785, 105798, 105827, 105835, 105840, 105912, 106164, 106202, 106223, 106224, 106232, 106339, 106353, 106355, 106387, 106400, 106414, 106523, 106637, 106644, 106710, 106721, 106780, 106846, 106851, 106869, 106870, 106882, 106949, 106952, 106974, 107032, 107034, 107037, 107104, 107124, 107141, 107161, 107162, 107166, 107195, 107236, 107324, 107340, 107352, 107466, 107601, 107633, 107636, 107646, 107656, 107658, 107701, 107702, 107703, 107724, 107770, 107771, 107773, 107791, 107807, 107883, 108126, 108175, 108178, 108207, 108211, 108248, 108288, 108294, 108376, 108406, 108409, 108446, 108500, 108537, 108539, 108545, 108547, 108548, 108653, 108754, 108769, 108780, 108874, 108918, 108946, 108950, 108958, 109009, 109036, 109037, 109053, 109056, 109103, 109109, 109111, 109153, 109162, 109192, 109204, 109270, 109286, 109378, 109432, 109510, 109515, 109516, 109544, 109546, 109593, 109600, 109672, 109678, 109695, 109748, 109781, 109785, 109830, 110006, 110015, 110043, 110211, 110212, 110238, 110249, 110259, 110325, 110341, 110358, 110363, 110370, 110413, 110423, 110455, 110481, 110486, 110487, 110520, 110541, 110577, 110588, 110618, 110620, 110634, 110635, 110650, 110670, 110679, 110682, 110711, 110715, 110740, 110741, 110747, 110756, 110773, 110796, 110797, 110940, 111385, 111396, 111407, 111412, 111417, 111557, 111563, 111580, 111600, 111616, 111617, 111622, 111630, 111641, 111655, 111832, 111884, 111887, 111908, 111913, 111932, 111968, 111970, 111984, 112070, 112075, 112082, 112085, 112091, 112097, 112157, 112158, 112273, 112299, 112343, 112363, 112384, 112410, 112423, 112491, 112509, 112529, 112609, 112613, 112615, 112631, 112632, 112634, 112635, 112717, 112850, 112886, 112972, 113008, 113138, 113172, 113245, 113253, 113298, 113308, 113335, 113401, 113434, 113446, 113483, 113622, 113665, 113686, 113774, 113874, 113903, 113905, 113916, 114018, 114098, 114125, 114128, 114134, 114160, 114190, 114249, 114377, 114379, 114380, 114433, 114471, 114473, 114532, 114535, 114537, 114622, 114631, 114645, 114715, 114749, 114751, 114758, 114762, 114789, 114808, 114814, 114819, 114850, 114854, 114959, 114971, 115004, 115020, 115065, 115084, 115086, 115124, 115137, 115142, 115214, 115218, 115221, 115231, 115281, 115348, 115361, 115421, 115433, 115491, 115501, 115510, 115518, 115552, 115556, 115666, 115701, 115786, 115961, 115966, 115980, 116004, 116054, 116126, 116128, 116135, 116146, 116180, 116194, 116210, 116216, 116230, 116231, 116284, 116478, 116514, 116519, 116666, 116742, 116784, 116869, 116881, 116893, 116894, 116895, 116915, 116949, 116957, 116978, 116980, 116988, 117006, 117012, 117019, 117097, 117163, 117174, 117291, 117297, 117298, 117379, 117422, 117446, 117472, 117473, 117493, 117615, 117690, 117774, 117775, 117780, 117814, 117831, 117832, 117953, 117971, 117994, 118004, 118025, 118030, 118039, 118079, 118136, 118142, 118143, 118146, 118170, 118182, 118280, 118306, 118312, 118326, 118328, 118396, 118403, 118420, 118425, 118487, 118494, 118510, 118513, 118561, 118568, 118743, 118912, 118940, 118943, 118950, 118982, 119007, 119031, 119032, 119042, 119047, 119083, 119089, 119094, 119097, 119135, 119146, 119150, 119164, 119180, 119181, 119185, 119197, 119198, 119215, 119216, 119217, 119253, 119270, 119286, 119326, 119364, 119416, 119421, 119457, 119462, 119518, 119523, 119569, 119591, 119665, 119667, 119683, 119702, 119739, 119757, 119779, 119790, 119792, 119847, 119906, 119958, 119960, 119973, 119978, 120021, 120029, 120034, 120050, 120051, 120055, 120094, 120149, 120156, 120177, 120199, 120205, 120254, 120257, 120292, 120321, 120437, 120558, 120559, 120678, 120689, 120748, 120773, 120779, 120792, 120798, 120805, 120810, 120840, 120859, 120947, 120959, 120961, 121003, 121031, 121076, 121118, 121151, 121205, 121461, 121550, 121571, 121582, 121611, 121630, 121653, 121694, 121758, 121768, 121839, 121864, 121898, 121916, 121940, 121948, 121959, 121968, 122030, 122032, 122041, 122105, 122148, 122160, 122188, 122191, 122201, 122308, 122347, 122364, 122369, 122394, 122431, 122495, 122497, 122518, 122546, 122551, 122556, 122561, 122596, 122598, 122637, 122712, 122722, 122729, 122741, 122753, 122805, 122813, 122815, 122817, 122864, 122873, 122895, 122899, 122902, 122914, 122928, 122958, 122961, 122993, 123034, 123145, 123153, 123203, 123233, 123241, 123347, 123437, 123477, 123487, 123503, 123529, 123541, 123609, 123633, 123634, 123696, 123757, 123762, 123788, 123790, 123799, 123800, 123835, 123876, 123880, 123911, 123955, 124038, 124092, 124094, 124126, 124143, 124277, 124306, 124323, 124638, 124653, 124669, 124687, 124689, 124746, 124793, 124875, 124913, 124924, 124926, 124934, 124956, 125006, 125044, 125063, 125089, 125102, 125119, 125166, 125184, 125190, 125226, 125267, 125269, 125281, 125302, 125318, 125319, 125462, 125524, 125609, 125612, 125664, 125679, 125745, 125774, 125789, 125793, 125913, 125928, 125944, 126043, 126100, 126159, 126164, 126199, 126246, 126258, 126261, 126291, 126294, 126298, 126488, 126716, 126737, 126758, 126760, 126770, 126780, 126860, 126933, 126965, 126986, 127016, 127035, 127058, 127096, 127112, 127113, 127141, 127169, 127200, 127225, 127274, 127275, 127281, 127291, 127292, 127302, 127393, 127456, 127606, 127642, 127659, 127664, 127680, 127688, 127744, 127746, 127748, 127752, 127792, 127794, 127816, 127828, 127838, 127969, 127974, 128011, 128012, 128024, 128035, 128146, 128183, 128214, 128250, 128262, 128297, 128312, 128313, 128401, 128403, 128743, 128776, 128806, 128839, 128858, 128893, 128895, 128934, 128937, 128957, 128974, 129001, 129044, 129116, 129132, 129140, 129147, 129193, 129313, 129359, 129553, 129600, 129637, 129807, 129819, 129847, 129883, 129910, 129948, 129980, 130006, 130018, 130091, 130103, 130134, 130153, 130154, 130158, 130234, 130288, 130322, 130327, 130328, 130416, 130510, 130568, 130601, 130682, 130834, 130836, 130837, 130919, 130921, 130929, 130933, 130942, 131012, 131013, 131056, 131123, 131209, 131217, 131222, 131266, 131279, 131329, 131342, 131352, 131371, 131391, 131396, 131398, 131471, 131492, 131544, 131589, 131594, 131647, 131651, 131713, 131741, 131835, 131850, 131980, 131987, 131988, 132282, 132284, 132286, 132312, 132364, 132390, 132525, 132535, 132594, 132615, 132617, 132633, 132691, 132706, 132728, 132766, 132783, 132801, 132803, 132804, 132842, 132871, 132921, 132925, 132927, 132933, 132954, 132970, 133023, 133029, 133066, 133098, 133114, 133117, 133202, 133212, 133257, 133276]"
c1_random,My-Seeds,0.1,10%,0.2,20%,3581,14322,4200,3358,842,16796,12928,0.9026672252478705,False,311,13828,"[13, 124, 172, 333, 342, 349, 357, 424, 427, 497, 507, 543, 555, 568, 604, 623, 661, 749, 768, 773, 784, 811, 812, 813, 815, 839, 898, 1099, 1218, 1339, 1366, 1367, 1399, 1400, 1451, 1458, 1482, 1509, 1516, 1556, 1582, 1677, 1692, 1697, 1713, 1898, 1918, 1958, 1964, 2109, 2167, 2168, 2211, 2240, 2241, 2262, 2330, 2372, 2381, 2417, 2447, 2487, 2508, 2535, 2588, 2630, 2634, 2641, 2702, 2743, 2794, 2796, 2855, 2910, 2916, 2965, 2968, 2969, 3003, 3005, 3047, 3073, 3102, 3138, 3149, 3151, 3201, 3209, 3232, 3241, 3270, 3377, 3421, 3508, 3532, 3543, 3553, 3566, 3584, 3591, 3604, 3713, 3776, 3778, 3781, 3803, 3812, 3824, 3832, 3839, 3842, 3853, 3940, 4006, 4024, 4044, 4074, 4075, 4142, 4159, 4245, 4282, 4284, 4288, 4291, 4301, 4305, 4311, 4320, 4390, 4419, 4444, 4459, 4462, 4481, 4483, 4526, 4531, 4532, 4541, 4686, 4734, 4788, 4790, 4796, 4815, 4881, 4892, 4893, 4903, 4984, 4996, 5050, 5099, 5102, 5166, 5185, 5212, 5273, 5275, 5335, 5391, 5420, 5421, 5462, 5480, 5513, 5516, 5523, 5541, 5547, 5558, 5578, 5580, 5668, 5674, 5710, 5745, 5811, 5854, 5868, 5904, 5905, 5959, 6000, 6003, 6004, 6021, 6059, 6083, 6137, 6167, 6173, 6393, 6418, 6420, 6466, 6468, 6529, 6532, 6548, 6593, 6597, 6618, 6619, 6637, 6655, 6689, 6730, 6790, 6831, 6837, 6845, 6912, 6976, 6995, 6996, 7005, 7009, 7026, 7033, 7128, 7205, 7206, 7209, 7264, 7462, 7469, 7480, 7482, 7520, 7593, 7612, 7614, 7706, 7721, 7761, 7829, 7836, 7955, 7980, 7991, 8053, 8058, 8128, 8143, 8160, 8161, 8195, 8304, 8332, 8373, 8397, 8398, 8459, 8461, 8506, 8554, 8592, 8615, 8627, 8705, 8836, 8958, 8979, 9049, 9052, 9167, 9208, 9220, 9292, 9320, 9334, 9356, 9386, 9389, 9418, 9442, 9494, 9510, 9557, 9612, 9617, 9648, 9671, 9678, 9900, 9941, 9942, 9992, 9999, 10000, 10017, 10065, 10168, 10172, 10184, 10191, 10244, 10273, 10341, 10428, 10490, 10503, 10564, 10639, 10640, 10641, 10679, 10713, 10719, 10726, 10729, 10785, 10807, 10834, 10873, 10899, 10900, 11006, 11020, 11038, 11080, 11085, 11091, 11109, 11176, 11199, 11257, 11275, 11318, 11381, 11477, 11478, 11519, 11553, 11580, 11590, 11664, 11799, 11866, 11916, 11963, 12039, 12050, 12069, 12073, 12148, 12152, 12164, 12185, 12187, 12203, 12249, 12338, 12448, 12501, 12544, 12549, 12644, 12683, 12704, 12732, 12737, 12758, 12927, 12997, 13045, 13046, 13070, 13084, 13112, 13121, 13175, 13179, 13219, 13246, 13254, 13257, 13590, 13624, 13647, 13652, 13709, 13743, 13758, 13805, 13822, 13876, 13881, 13894, 13945, 13962, 13976, 14009, 14063, 14095, 14101, 14210, 14212, 14221, 14365, 14382, 14439, 14528, 14579, 14614, 14706, 14716, 14726, 14783, 14861, 14887, 14911, 15016, 15029, 15036, 15122, 15124, 15150, 15153, 15161, 15212, 15215, 15250, 15309, 15413, 15436, 15467, 15483, 15505, 15525, 15647, 15765, 15846, 15943, 16042, 16092, 16102, 16115, 16116, 16123, 16219, 16237, 16246, 16250, 16270, 16287, 16305, 16312, 16313, 16329, 16331, 16336, 16340, 16360, 16442, 16467, 16468, 16525, 16536, 16540, 16542, 16607, 16700, 16773, 16783, 16794, 16842, 16851, 16879, 16901, 16931, 16961, 16972, 16973, 17001, 17045, 17243, 17266, 17277, 17295, 17380, 17437, 17440, 17447, 17515, 17549, 17584, 17603, 17642, 17652, 17689, 17722, 17736, 17764, 17806, 17863, 17864, 17866, 17970, 17979, 17983, 18009, 18079, 18091, 18092, 18176, 18225, 18236, 18250, 18252, 18325, 18339, 18354, 18361, 18400, 18444, 18459, 18481, 18553, 18585, 18600, 18642, 18667, 18685, 18694, 18781, 18860, 18876, 18877, 18995, 19113, 19166, 19167, 19204, 19206, 19207, 19341, 19432, 19467, 19479, 19575, 19620, 19695, 19772, 19776, 19778, 19779, 19945, 19973, 19981, 20113, 20126, 20214, 20218, 20297, 20418, 20440, 20464, 20469, 20492, 20496, 20636, 20656, 20665, 20685, 20695, 20711, 20715, 20740, 20762, 20779, 20783, 20842, 20857, 20866, 20890, 20903, 21138, 21148, 21149, 21192, 21195, 21333, 21368, 21369, 21458, 21466, 21471, 21475, 21512, 21514, 21542, 21551, 21566, 21627, 21728, 21757, 21764, 21765, 21768, 21878, 22035, 22071, 22110, 22241, 22358, 22418, 22462, 22528, 22531, 22560, 22586, 22684, 22769, 22842, 22851, 23122, 23140, 23219, 23257, 23258, 23283, 23284, 23294, 23296, 23306, 23317, 23338, 23339, 23349, 23384, 23457, 23461, 23559, 23564, 23631, 23691, 23740, 23741, 23749, 23752, 23769, 23816, 23819, 23820, 23849, 23890, 24002, 24099, 24107, 24139, 24176, 24197, 24354, 24377, 24394, 24435, 24445, 24455, 24500, 24593, 24596, 24665, 24702, 24752, 24833, 24847, 24897, 24903, 25061, 25063, 25066, 25108, 25112, 25169, 25177, 25208, 25329, 25346, 25351, 25374, 25385, 25395, 25509, 25521, 25523, 25538, 25588, 25599, 25621, 25697, 25822, 25833, 25934, 25995, 26091, 26149, 26151, 26172, 26205, 26299, 26301, 26303, 26324, 26349, 26354, 26359, 26477, 26769, 26780, 26797, 26826, 26840, 26849, 26896, 26897, 26899, 26915, 26976, 26994, 27031, 27062, 27233, 27281, 27292, 27297, 27309, 27327, 27408, 27444, 27470, 27478, 27481, 27560, 27573, 27579, 27580, 27581, 27633, 27634, 27653, 27686, 27710, 27728, 27751, 27779, 27811, 27862, 27884, 27905, 27919, 27943, 28005, 28027, 28045, 28129, 28130, 28142, 28190, 28235, 28256, 28287, 28293, 28334, 28385, 28529, 28530, 28706, 28730, 28797, 28822, 28827, 28890, 28917, 28918, 28935, 28968, 29001, 29026, 29065, 29067, 29075, 29083, 29091, 29115, 29128, 29186, 29189, 29226, 29274, 29285, 29302, 29355, 29366, 29430, 29468, 29508, 29607, 29738, 29754, 29767, 29798, 29802, 29833, 29842, 29890, 29895, 29906, 29934, 29945, 29959, 29974, 30018, 30129, 30199, 30222, 30355, 30593, 30630, 30703, 30735, 30736, 30738, 30828, 30878, 30912, 30920, 30951, 30972, 31076, 31077, 31089, 31103, 31126, 31146, 31265, 31290, 31336, 31346, 31362, 31414, 31465, 31467, 31470, 31501, 31564, 31638, 31644, 31782, 31876, 31880, 31898, 32046, 32049, 32051, 32078, 32100, 32104, 32109, 32158, 32202, 32269, 32298, 32317, 32325, 32352, 32368, 32370, 32372, 32404, 32410, 32457, 32486, 32528, 32562, 32564, 32595, 32663, 32666, 32672, 32777, 33099, 33108, 33190, 33224, 33351, 33364, 33430, 33509, 33636, 33643, 33658, 33659, 33692, 33709, 33763, 33797, 33851, 33883, 33886, 33932, 34018, 34110, 34200, 34218, 34265, 34270, 34387, 34417, 34454, 34459, 34478, 34537, 34539, 34608, 34727, 34864, 34868, 34869, 34880, 34908, 34922, 34928, 35029, 35111, 35141, 35154, 35159, 35299, 35317, 35363, 35375, 35377, 35381, 35449, 35552, 35598, 35599, 35637, 35656, 35729, 35777, 35930, 35955, 35961, 36026, 36066, 36089, 36183, 36372, 36373, 36442, 36455, 36562, 36566, 36572, 36604, 36608, 36611, 36657, 36688, 36758, 36759, 36907, 36973, 36974, 36975, 37040, 37046, 37088, 37097, 37141, 37179, 37254, 37315, 37519, 37526, 37540, 37653, 37747, 37786, 37832, 37858, 37861, 37865, 37943, 38196, 38227, 38300, 38343, 38351, 38378, 38584, 38675, 38685, 38694, 38810, 38820, 38887, 38977, 38980, 38985, 39050, 39108, 39111, 39121, 39160, 39172, 39186, 39190, 39218, 39239, 39244, 39258, 39365, 39367, 39371, 39372, 39378, 39385, 39436, 39437, 39460, 39478, 39522, 39527, 39579, 39582, 39741, 39743, 39746, 39789, 39790, 39794, 39856, 39903, 39949, 39951, 39955, 39969, 39978, 40012, 40108, 40181, 40270, 40339, 40353, 40419, 40425, 40440, 40495, 40509, 40607, 40618, 40720, 40729, 40739, 40750, 40768, 40781, 40784, 40797, 40839, 41002, 41133, 41169, 41170, 41199, 41304, 41353, 41357, 41419, 41434, 41476, 41477, 41478, 41574, 41611, 41668, 41676, 41798, 41875, 41884, 41919, 42068, 42071, 42149, 42172, 42201, 42202, 42205, 42224, 42228, 42294, 42299, 42300, 42349, 42355, 42402, 42430, 42453, 42472, 42487, 42501, 42552, 42585, 42636, 42637, 42639, 42685, 42719, 42754, 42791, 42793, 42808, 42809, 42843, 42883, 42920, 42923, 43009, 43015, 43031, 43052, 43066, 43098, 43130, 43279, 43287, 43312, 43369, 43371, 43405, 43411, 43449, 43451, 43457, 43469, 43601, 43613, 43652, 43708, 43713, 43731, 43742, 43779, 43875, 43891, 44021, 44070, 44079, 44087, 44091, 44127, 44135, 44237, 44256, 44329, 44340, 44343, 44434, 44501, 44520, 44612, 44623, 44631, 44678, 44948, 45034, 45054, 45055, 45163, 45183, 45208, 45272, 45320, 45421, 45531, 45533, 45554, 45595, 45617, 45640, 45653, 45654, 45678, 45694, 45791, 45982, 46031, 46081, 46108, 46109, 46119, 46146, 46153, 46160, 46229, 46263, 46294, 46342, 46344, 46354, 46360, 46373, 46415, 46449, 46451, 46532, 46556, 46559, 46600, 46685, 46698, 46738, 46783, 46784, 46963, 46964, 46985, 47005, 47029, 47046, 47052, 47056, 47098, 47247, 47271, 47311, 47331, 47371, 47403, 47424, 47442, 47504, 47643, 47669, 47670, 47679, 47722, 47731, 47772, 47828, 47829, 47831, 47865, 47882, 47911, 47999, 48014, 48043, 48198, 48227, 48255, 48301, 48350, 48352, 48358, 48436, 48442, 48444, 48466, 48498, 48537, 48542, 48642, 48660, 48793, 48869, 48878, 48956, 49019, 49033, 49034, 49163, 49197, 49242, 49251, 49321, 49387, 49422, 49486, 49495, 49541, 49669, 49737, 49740, 49741, 49742, 49747, 49770, 49807, 49934, 49939, 49991, 49997, 50102, 50122, 50124, 50125, 50181, 50183, 50220, 50247, 50280, 50319, 50399, 50448, 50449, 50475, 50515, 50544, 50691, 50815, 50938, 50946, 51016, 51027, 51066, 51090, 51124, 51137, 51145, 51206, 51211, 51236, 51257, 51265, 51318, 51363, 51377, 51459, 51494, 51517, 51554, 51697, 51699, 51709, 51751, 51769, 51778, 51977, 52041, 52046, 52068, 52100, 52143, 52177, 52228, 52252, 52314, 52321, 52351, 52480, 52482, 52495, 52497, 52547, 52603, 52735, 52770, 52786, 52909, 52949, 52971, 52978, 53034, 53058, 53084, 53214, 53280, 53360, 53404, 53486, 53488, 53530, 53531, 53534, 53588, 53594, 53599, 53617, 53681, 53710, 53795, 53911, 53913, 53916, 53942, 53956, 54003, 54012, 54014, 54018, 54029, 54099, 54102, 54140, 54183, 54196, 54262, 54414, 54424, 54450, 54460, 54461, 54541, 54545, 54548, 54575, 54582, 54599, 54608, 54614, 54771, 54860, 54885, 54952, 55000, 55040, 55052, 55058, 55155, 55169, 55198, 55200, 55247, 55328, 55383, 55384, 55407, 55462, 55494, 55495, 55506, 55507, 55519, 55603, 55644, 55714, 55723, 55850, 55852, 55859, 55903, 55960, 55961, 56002, 56051, 56058, 56125, 56170, 56174, 56187, 56194, 56215, 56217, 56221, 56223, 56237, 56310, 56387, 56559, 56589, 56608, 56614, 56669, 56774, 56829, 56840, 56920, 56945, 56985, 57006, 57035, 57150, 57163, 57276, 57368, 57372, 57446, 57461, 57463, 57495, 57537, 57644, 57647, 57660, 57943, 57953, 58014, 58060, 58080, 58138, 58157, 58166, 58169, 58170, 58191, 58199, 58217, 58278, 58365, 58458, 58484, 58594, 58646, 58656, 58707, 58831, 58920, 58935, 58950, 58955, 59053, 59111, 59112, 59151, 59183, 59189, 59200, 59217, 59278, 59334, 59367, 59376, 59432, 59444, 59465, 59489, 59506, 59532, 59594, 59672, 59716, 59802, 59810, 59822, 60056, 60075, 60078, 60115, 60116, 60164, 60219, 60220, 60271, 60288, 60309, 60337, 60390, 60425, 60499, 60612, 60642, 60651, 60676, 60690, 60692, 60696, 60699, 60717, 60723, 60808, 60809, 60812, 60824, 60979, 60980, 61195, 61290, 61311, 61343, 61345, 61359, 61384, 61395, 61472, 61581, 61593, 61597, 61750, 61805, 61807, 61829, 61859, 61892, 61898, 62002, 62018, 62020, 62049, 62063, 62102, 62179, 62199, 62201, 62238, 62282, 62299, 62398, 62419, 62431, 62485, 62486, 62540, 62562, 62610, 62650, 62653, 62680, 62695, 62700, 62832, 62850, 62859, 62873, 62940, 62967, 63015, 63057, 63072, 63121, 63140, 63172, 63173, 63176, 63243, 63287, 63304, 63310, 63311, 63375, 63401, 63422, 63488, 63505, 63621, 63625, 63665, 63671, 63709, 63711, 63715, 63719, 63813, 63814, 63924, 63946, 63970, 64068, 64079, 64081, 64136, 64156, 64159, 64173, 64186, 64282, 64294, 64295, 64353, 64357, 64374, 64460, 64483, 64592, 64601, 64627, 64630, 64649, 64665, 64669, 64680, 64694, 64743, 64789, 64837, 64838, 64859, 64940, 64944, 64946, 64973, 65114, 65116, 65164, 65213, 65253, 65461, 65497, 65499, 65534, 65567, 65595, 65610, 65642, 65643, 65723, 65751, 65977, 66033, 66039, 66100, 66200, 66205, 66241, 66245, 66311, 66351, 66456, 66511, 66514, 66525, 66538, 66555, 66602, 66633, 66683, 66725, 66727, 66733, 66740, 66766, 66767, 66769, 66880, 67032, 67090, 67127, 67141, 67157, 67158, 67242, 67244, 67299, 67337, 67344, 67585, 67587, 67662, 67671, 67692, 67716, 67723, 67731, 67759, 67778, 67779, 67791, 67846, 67862, 67864, 67894, 67985, 67988, 68018, 68044, 68077, 68162, 68213, 68242, 68252, 68409, 68446, 68455, 68673, 68674, 68724, 68739, 68748, 68752, 68758, 68880, 68923, 68952, 68969, 69047, 69057, 69109, 69111, 69169, 69187, 69191, 69226, 69228, 69258, 69303, 69407, 69412, 69428, 69433, 69512, 69525, 69595, 69601, 69604, 69643, 69661, 69697, 69702, 69726, 69844, 69877, 69937, 69970, 70025, 70029, 70074, 70112, 70151, 70163, 70193, 70226, 70227, 70236, 70278, 70290, 70336, 70339, 70366, 70413, 70424, 70453, 70457, 70459, 70479, 70524, 70562, 70618, 70652, 70669, 70781, 70799, 70830, 70916, 70918, 70950, 71007, 71084, 71159, 71163, 71226, 71240, 71244, 71245, 71301, 71329, 71390, 71440, 71482, 71507, 71552, 71650, 71711, 71718, 71727, 71738, 71745, 71776, 71856, 71982, 71989, 72049, 72081, 72114, 72157, 72201, 72231, 72278, 72370, 72380, 72434, 72616, 72642, 72650, 72738, 72747, 72795, 72813, 72815, 72818, 72857, 72889, 72941, 72959, 72960, 73006, 73044, 73064, 73081, 73134, 73135, 73205, 73216, 73242, 73248, 73299, 73308, 73309, 73319, 73393, 73420, 73441, 73489, 73553, 73603, 73617, 73703, 73747, 73797, 73904, 73905, 73956, 74016, 74024, 74064, 74065, 74066, 74095, 74193, 74279, 74283, 74303, 74340, 74359, 74444, 74570, 74572, 74591, 74612, 74659, 74707, 74834, 74906, 74919, 74934, 74939, 74972, 74989, 75037, 75047, 75049, 75055, 75098, 75117, 75132, 75145, 75280, 75626, 75665, 75690, 75786, 75794, 75852, 75857, 75911, 76075, 76078, 76215, 76323, 76328, 76427, 76467, 76531, 76533, 76594, 76618, 76624, 76643, 76672, 76706, 76707, 76751, 76784, 76832, 76862, 76892, 76929, 76930, 76948, 76959, 76961, 76970, 77035, 77048, 77130, 77179, 77208, 77245, 77252, 77253, 77283, 77292, 77322, 77370, 77388, 77415, 77425, 77436, 77460, 77505, 77560, 77757, 77819, 77822, 77830, 77915, 77985, 78008, 78091, 78179, 78242, 78361, 78425, 78469, 78470, 78476, 78550, 78553, 78575, 78579, 78590, 78600, 78627, 78672, 78699, 78705, 78765, 78777, 78779, 78781, 78810, 78900, 79035, 79052, 79055, 79108, 79109, 79156, 79171, 79238, 79239, 79337, 79372, 79379, 79393, 79398, 79412, 79463, 79570, 79613, 79656, 79722, 79747, 79756, 79771, 79974, 80002, 80011, 80089, 80093, 80095, 80119, 80120, 80186, 80193, 80213, 80373, 80374, 80394, 80400, 80433, 80440, 80442, 80479, 80534, 80576, 80600, 80602, 80692, 80742, 80745, 80763, 80764, 80804, 80872, 81031, 81175, 81198, 81221, 81251, 81353, 81355, 81357, 81418, 81454, 81455, 81463, 81491, 81496, 81530, 81557, 81567, 81615, 81625, 81712, 81804, 81826, 81908, 81925, 81970, 82115, 82160, 82168, 82184, 82195, 82197, 82243, 82286, 82365, 82475, 82485, 82535, 82559, 82561, 82618, 82623, 82643, 82749, 82767, 82798, 82837, 82947, 82985, 83004, 83005, 83057, 83089, 83091, 83161, 83257, 83319, 83362, 83375, 83393, 83424, 83453, 83474, 83488, 83518, 83519, 83567, 83572, 83663, 83686, 83696, 83720, 83723, 83775, 83797, 83799, 83848, 83943, 83993, 84008, 84014, 84039, 84052, 84056, 84135, 84150, 84156, 84164, 84259, 84325, 84456, 84459, 84463, 84482, 84506, 84507, 84513, 84629, 84640, 84643, 84657, 84662, 84737, 84804, 84815, 84933, 85009, 85037, 85040, 85079, 85090, 85107, 85108, 85113, 85193, 85296, 85363, 85399, 85455, 85476, 85481, 85607, 85744, 85755, 85765, 85832, 85836, 85838, 85883, 85934, 85942, 85973, 85993, 86016, 86018, 86029, 86037, 86096, 86312, 86314, 86316, 86334, 86368, 86514, 86528, 86546, 86614, 86656, 86697, 86738, 86746, 86788, 86789, 86824, 86892, 86951, 86959, 86963, 86986, 87066, 87079, 87165, 87187, 87264, 87294, 87376, 87419, 87422, 87427, 87497, 87500, 87506, 87507, 87524, 87525, 87591, 87637, 87657, 87685, 87936, 87944, 88017, 88032, 88042, 88074, 88076, 88155, 88201, 88220, 88224, 88320, 88348, 88361, 88379, 88419, 88481, 88485, 88491, 88496, 88563, 88583, 88657, 88664, 88708, 88847, 88903, 88917, 88950, 88953, 88982, 88987, 89020, 89092, 89110, 89113, 89162, 89170, 89194, 89249, 89323, 89427, 89483, 89549, 89603, 89619, 89652, 89732, 89745, 89746, 89820, 89838, 89857, 89928, 89929, 90068, 90113, 90127, 90128, 90152, 90186, 90216, 90253, 90269, 90272, 90275, 90408, 90416, 90437, 90453, 90466, 90506, 90536, 90594, 90625, 90650, 90800, 90805, 90839, 90850, 90853, 90881, 90901, 90902, 90908, 90909, 90919, 90975, 90981, 91005, 91008, 91027, 91130, 91153, 91169, 91196, 91215, 91227, 91253, 91287, 91312, 91318, 91453, 91459, 91481, 91485, 91523, 91612, 91646, 91648, 91657, 91668, 91672, 91685, 91686, 91796, 91812, 91923, 91970, 92001, 92007, 92012, 92016, 92075, 92128, 92132, 92150, 92152, 92276, 92447, 92452, 92472, 92477, 92480, 92504, 92513, 92537, 92538, 92555, 92559, 92790, 92818, 92876, 92927, 92933, 92960, 92975, 92998, 93012, 93033, 93112, 93119, 93157, 93174, 93275, 93310, 93312, 93329, 93364, 93404, 93426, 93505, 93518, 93520, 93530, 93532, 93554, 93561, 93583, 93588, 93608, 93626, 93801, 93819, 93824, 93837, 93886, 93889, 93987, 93988, 94140, 94144, 94235, 94250, 94260, 94269, 94360, 94364, 94376, 94397, 94410, 94435, 94490, 94517, 94530, 94531, 94639, 94680, 94751, 94806, 94855, 94864, 94866, 94926, 94946, 94967, 94979, 95038, 95045, 95179, 95198, 95213, 95242, 95291, 95533, 95564, 95569, 95610, 95611, 95649, 95690, 95765, 95822, 95824, 95843, 95855, 95878, 95937, 95982, 96101, 96164, 96239, 96242, 96246, 96262, 96351, 96415, 96430, 96431, 96436, 96437, 96459, 96463, 96500, 96506, 96512, 96601, 96616, 96732, 96746, 96778, 96831, 96890, 96913, 96921, 96963, 97016, 97018, 97026, 97135, 97163, 97201, 97208, 97354, 97404, 97434, 97444, 97478, 97491, 97494, 97541, 97542, 97553, 97589, 97595, 97602, 97608, 97637, 97654, 97658, 97675, 97683, 97726, 97865, 97872, 97904, 97922, 97930, 97953, 98023, 98024, 98067, 98085, 98150, 98162, 98216, 98229, 98326, 98340, 98348, 98456, 98463, 98506, 98511, 98512, 98536, 98541, 98571, 98621, 98635, 98643, 98712, 98735, 98759, 98776, 98926, 98962, 98983, 99104, 99107, 99165, 99193, 99230, 99239, 99242, 99332, 99432, 99449, 99452, 99455, 99466, 99468, 99477, 99499, 99500, 99539, 99561, 99570, 99575, 99690, 99718, 99755, 99882, 99883, 100021, 100024, 100033, 100138, 100143, 100182, 100254, 100258, 100267, 100271, 100354, 100358, 100408, 100412, 100418, 100424, 100425, 100461, 100478, 100548, 100593, 100620, 100625, 100715, 100734, 100794, 100795, 100813, 100821, 100907, 100962, 100990, 101037, 101052, 101066, 101103, 101167, 101220, 101228, 101229, 101276, 101308, 101318, 101323, 101324, 101326, 101346, 101365, 101370, 101371, 101424, 101437, 101457, 101461, 101523, 101556, 101557, 101579, 101611, 101625, 101671, 101682, 101798, 101813, 101845, 101942, 101953, 102038, 102043, 102117, 102118, 102282, 102338, 102345, 102364, 102365, 102525, 102550, 102582, 102617, 102618, 102725, 102748, 102750, 102752, 102855, 102877, 102912, 102928, 102950, 103021, 103029, 103031, 103053, 103058, 103098, 103169, 103171, 103173, 103179, 103195, 103208, 103213, 103264, 103326, 103328, 103429, 103437, 103456, 103461, 103558, 103571, 103629, 103674, 103749, 103750, 103796, 103824, 103853, 104000, 104040, 104047, 104107, 104108, 104155, 104194, 104241, 104262, 104287, 104312, 104322, 104328, 104365, 104391, 104398, 104417, 104422, 104431, 104449, 104450, 104468, 104602, 104682, 104803, 104842, 104897, 104942, 104976, 105017, 105035, 105050, 105196, 105277, 105318, 105439, 105444, 105467, 105496, 105609, 105651, 105680, 105688, 105707, 105780, 105785, 105798, 105827, 105835, 105840, 105912, 106164, 106202, 106223, 106224, 106232, 106339, 106353, 106355, 106387, 106400, 106414, 106523, 106637, 106644, 106710, 106721, 106780, 106846, 106851, 106869, 106870, 106882, 106949, 106952, 106974, 107032, 107034, 107037, 107104, 107124, 107141, 107161, 107162, 107166, 107195, 107236, 107324, 107340, 107352, 107466, 107601, 107633, 107636, 107646, 107656, 107658, 107701, 107702, 107703, 107724, 107770, 107771, 107773, 107791, 107807, 107883, 108126, 108175, 108178, 108207, 108211, 108248, 108288, 108294, 108376, 108406, 108409, 108446, 108500, 108537, 108539, 108545, 108547, 108548, 108653, 108754, 108769, 108780, 108874, 108918, 108946, 108950, 108958, 109009, 109036, 109037, 109053, 109056, 109103, 109109, 109111, 109153, 109162, 109192, 109204, 109270, 109286, 109378, 109432, 109510, 109515, 109516, 109544, 109546, 109593, 109600, 109672, 109678, 109695, 109748, 109781, 109785, 109830, 110006, 110015, 110043, 110211, 110212, 110238, 110249, 110259, 110325, 110341, 110358, 110363, 110370, 110413, 110423, 110455, 110481, 110486, 110487, 110520, 110541, 110577, 110588, 110618, 110620, 110634, 110635, 110650, 110670, 110679, 110682, 110711, 110715, 110740, 110741, 110747, 110756, 110773, 110796, 110797, 110940, 111385, 111396, 111407, 111412, 111417, 111557, 111563, 111580, 111600, 111616, 111617, 111622, 111630, 111641, 111655, 111832, 111884, 111887, 111908, 111913, 111932, 111968, 111970, 111984, 112070, 112075, 112082, 112085, 112091, 112097, 112157, 112158, 112273, 112299, 112343, 112363, 112384, 112410, 112423, 112491, 112509, 112529, 112609, 112613, 112615, 112631, 112632, 112634, 112635, 112717, 112850, 112886, 112972, 113008, 113138, 113172, 113245, 113253, 113298, 113308, 113335, 113401, 113434, 113446, 113483, 113622, 113665, 113686, 113774, 113874, 113903, 113905, 113916, 114018, 114098, 114125, 114128, 114134, 114160, 114190, 114249, 114377, 114379, 114380, 114433, 114471, 114473, 114532, 114535, 114537, 114622, 114631, 114645, 114715, 114749, 114751, 114758, 114762, 114789, 114808, 114814, 114819, 114850, 114854, 114959, 114971, 115004, 115020, 115065, 115084, 115086, 115124, 115137, 115142, 115214, 115218, 115221, 115231, 115281, 115348, 115361, 115421, 115433, 115491, 115501, 115510, 115518, 115552, 115556, 115666, 115701, 115786, 115961, 115966, 115980, 116004, 116054, 116126, 116128, 116135, 116146, 116180, 116194, 116210, 116216, 116230, 116231, 116284, 116478, 116514, 116519, 116666, 116742, 116784, 116869, 116881, 116893, 116894, 116895, 116915, 116949, 116957, 116978, 116980, 116988, 117006, 117012, 117019, 117097, 117163, 117174, 117291, 117297, 117298, 117379, 117422, 117446, 117472, 117473, 117493, 117615, 117690, 117774, 117775, 117780, 117814, 117831, 117832, 117953, 117971, 117994, 118004, 118025, 118030, 118039, 118079, 118136, 118142, 118143, 118146, 118170, 118182, 118280, 118306, 118312, 118326, 118328, 118396, 118403, 118420, 118425, 118487, 118494, 118510, 118513, 118561, 118568, 118743, 118912, 118940, 118943, 118950, 118982, 119007, 119031, 119032, 119042, 119047, 119083, 119089, 119094, 119097, 119135, 119146, 119150, 119164, 119180, 119181, 119185, 119197, 119198, 119215, 119216, 119217, 119253, 119270, 119286, 119326, 119364, 119416, 119421, 119457, 119462, 119518, 119523, 119569, 119591, 119665, 119667, 119683, 119702, 119739, 119757, 119779, 119790, 119792, 119847, 119906, 119958, 119960, 119973, 119978, 120021, 120029, 120034, 120050, 120051, 120055, 120094, 120149, 120156, 120177, 120199, 120205, 120254, 120257, 120292, 120321, 120437, 120558, 120559, 120678, 120689, 120748, 120773, 120779, 120792, 120798, 120805, 120810, 120840, 120859, 120947, 120959, 120961, 121003, 121031, 121076, 121118, 121151, 121205, 121461, 121550, 121571, 121582, 121611, 121630, 121653, 121694, 121758, 121768, 121839, 121864, 121898, 121916, 121940, 121948, 121959, 121968, 122030, 122032, 122041, 122105, 122148, 122160, 122188, 122191, 122201, 122308, 122347, 122364, 122369, 122394, 122431, 122495, 122497, 122518, 122546, 122551, 122556, 122561, 122596, 122598, 122637, 122712, 122722, 122729, 122741, 122753, 122805, 122813, 122815, 122817, 122864, 122873, 122895, 122899, 122902, 122914, 122928, 122958, 122961, 122993, 123034, 123145, 123153, 123203, 123233, 123241, 123347, 123437, 123477, 123487, 123503, 123529, 123541, 123609, 123633, 123634, 123696, 123757, 123762, 123788, 123790, 123799, 123800, 123835, 123876, 123880, 123911, 123955, 124038, 124092, 124094, 124126, 124143, 124277, 124306, 124323, 124638, 124653, 124669, 124687, 124689, 124746, 124793, 124875, 124913, 124924, 124926, 124934, 124956, 125006, 125044, 125063, 125089, 125102, 125119, 125166, 125184, 125190, 125226, 125267, 125269, 125281, 125302, 125318, 125319, 125462, 125524, 125609, 125612, 125664, 125679, 125745, 125774, 125789, 125793, 125913, 125928, 125944, 126043, 126100, 126159, 126164, 126199, 126246, 126258, 126261, 126291, 126294, 126298, 126488, 126716, 126737, 126758, 126760, 126770, 126780, 126860, 126933, 126965, 126986, 127016, 127035, 127058, 127096, 127112, 127113, 127141, 127169, 127200, 127225, 127274, 127275, 127281, 127291, 127292, 127302, 127393, 127456, 127606, 127642, 127659, 127664, 127680, 127688, 127744, 127746, 127748, 127752, 127792, 127794, 127816, 127828, 127838, 127969, 127974, 128011, 128012, 128024, 128035, 128146, 128183, 128214, 128250, 128262, 128297, 128312, 128313, 128401, 128403, 128743, 128776, 128806, 128839, 128858, 128893, 128895, 128934, 128937, 128957, 128974, 129001, 129044, 129116, 129132, 129140, 129147, 129193, 129313, 129359, 129553, 129600, 129637, 129807, 129819, 129847, 129883, 129910, 129948, 129980, 130006, 130018, 130091, 130103, 130134, 130153, 130154, 130158, 130234, 130288, 130322, 130327, 130328, 130416, 130510, 130568, 130601, 130682, 130834, 130836, 130837, 130919, 130921, 130929, 130933, 130942, 131012, 131013, 131056, 131123, 131209, 131217, 131222, 131266, 131279, 131329, 131342, 131352, 131371, 131391, 131396, 131398, 131471, 131492, 131544, 131589, 131594, 131647, 131651, 131713, 131741, 131835, 131850, 131980, 131987, 131988, 132282, 132284, 132286, 132312, 132364, 132390, 132525, 132535, 132594, 132615, 132617, 132633, 132691, 132706, 132728, 132766, 132783, 132801, 132803, 132804, 132842, 132871, 132921, 132925, 132927, 132933, 132954, 132970, 133023, 133029, 133066, 133098, 133114, 133117, 133202, 133212, 133257, 133276]"
c2_degree,Greedy-f1,0.1,10%,0.2,20%,3581,14322,1807,1448,359,2445,1991,0.1390168970814132,False,311,13828,"[13, 124, 172, 333, 342, 349, 357, 424, 427, 497, 507, 543, 555, 568, 604, 623, 661, 749, 768, 773, 784, 811, 812, 813, 815, 839, 898, 1099, 1218, 1339, 1366, 1367, 1399, 1400, 1451, 1458, 1482, 1509, 1516, 1556, 1582, 1677, 1692, 1697, 1713, 1898, 1918, 1958, 1964, 2109, 2167, 2168, 2211, 2240, 2241, 2262, 2330, 2372, 2381, 2417, 2447, 2487, 2508, 2535, 2588, 2630, 2634, 2641, 2702, 2743, 2794, 2796, 2855, 2910, 2916, 2965, 2968, 2969, 3003, 3005, 3047, 3073, 3102, 3138, 3149, 3151, 3201, 3209, 3232, 3241, 3270, 3377, 3421, 3508, 3532, 3543, 3553, 3566, 3584, 3591, 3604, 3713, 3776, 3778, 3781, 3803, 3812, 3824, 3832, 3839, 3842, 3853, 3940, 4006, 4024, 4044, 4074, 4075, 4142, 4159, 4245, 4282, 4284, 4288, 4291, 4301, 4305, 4311, 4320, 4390, 4419, 4444, 4459, 4462, 4481, 4483, 4526, 4531, 4532, 4541, 4686, 4734, 4788, 4790, 4796, 4815, 4881, 4892, 4893, 4903, 4984, 4996, 5050, 5099, 5102, 5166, 5185, 5212, 5273, 5275, 5335, 5391, 5420, 5421, 5462, 5480, 5513, 5516, 5523, 5541, 5547, 5558, 5578, 5580, 5668, 5674, 5710, 5745, 5811, 5854, 5868, 5904, 5905, 5959, 6000, 6003, 6004, 6021, 6059, 6083, 6137, 6167, 6173, 6393, 6418, 6420, 6466, 6468, 6529, 6532, 6548, 6593, 6597, 6618, 6619, 6637, 6655, 6689, 6730, 6790, 6831, 6837, 6845, 6912, 6976, 6995, 6996, 7005, 7009, 7026, 7033, 7128, 7205, 7206, 7209, 7264, 7462, 7469, 7480, 7482, 7520, 7593, 7612, 7614, 7706, 7721, 7761, 7829, 7836, 7955, 7980, 7991, 8053, 8058, 8128, 8143, 8160, 8161, 8195, 8304, 8332, 8373, 8397, 8398, 8459, 8461, 8506, 8554, 8592, 8615, 8627, 8705, 8836, 8958, 8979, 9049, 9052, 9167, 9208, 9220, 9292, 9320, 9334, 9356, 9386, 9389, 9418, 9442, 9494, 9510, 9557, 9612, 9617, 9648, 9671, 9678, 9900, 9941, 9942, 9992, 9999, 10000, 10017, 10065, 10168, 10172, 10184, 10191, 10244, 10273, 10341, 10428, 10490, 10503, 10564, 10639, 10640, 10641, 10679, 10713, 10719, 10726, 10729, 10785, 10807, 10834, 10873, 10899, 10900, 11006, 11020, 11038, 11080, 11085, 11091, 11109, 11176, 11199, 11257, 11275, 11318, 11381, 11477, 11478, 11519, 11553, 11580, 11590, 11664, 11799, 11866, 11916, 11963, 12039, 12050, 12069, 12073, 12148, 12152, 12164, 12185, 12187, 12203, 12249, 12338, 12448, 12501, 12544, 12549, 12644, 12683, 12704, 12732, 12737, 12758, 12927, 12997, 13045, 13046, 13070, 13084, 13112, 13121, 13175, 13179, 13219, 13246, 13254, 13257, 13590, 13624, 13647, 13652, 13709, 13743, 13758, 13805, 13822, 13876, 13881, 13894, 13945, 13962, 13976, 14009, 14063, 14095, 14101, 14210, 14212, 14221, 14365, 14382, 14439, 14528, 14579, 14614, 14706, 14716, 14726, 14783, 14861, 14887, 14911, 15016, 15029, 15036, 15122, 15124, 15150, 15153, 15161, 15212, 15215, 15250, 15309, 15413, 15436, 15467, 15483, 15505, 15525, 15647, 15765, 15846, 15943, 16042, 16092, 16102, 16115, 16116, 16123, 16219, 16237, 16246, 16250, 16270, 16287, 16305, 16312, 16313, 16329, 16331, 16336, 16340, 16360, 16442, 16467, 16468, 16525, 16536, 16540, 16542, 16607, 16700, 16773, 16783, 16794, 16842, 16851, 16879, 16901, 16931, 16961, 16972, 16973, 17001, 17045, 17243, 17266, 17277, 17295, 17380, 17437, 17440, 17447, 17515, 17549, 17584, 17603, 17642, 17652, 17689, 17722, 17736, 17764, 17806, 17863, 17864, 17866, 17970, 17979, 17983, 18009, 18079, 18091, 18092, 18176, 18225, 18236, 18250, 18252, 18325, 18339, 18354, 18361, 18400, 18444, 18459, 18481, 18553, 18585, 18600, 18642, 18667, 18685, 18694, 18781, 18860, 18876, 18877, 18995, 19113, 19166, 19167, 19204, 19206, 19207, 19341, 19432, 19467, 19479, 19575, 19620, 19695, 19772, 19776, 19778, 19779, 19945, 19973, 19981, 20113, 20126, 20214, 20218, 20297, 20418, 20440, 20464, 20469, 20492, 20496, 20636, 20656, 20665, 20685, 20695, 20711, 20715, 20740, 20762, 20779, 20783, 20842, 20857, 20866, 20890, 20903, 21138, 21148, 21149, 21192, 21195, 21333, 21368, 21369, 21458, 21466, 21471, 21475, 21512, 21514, 21542, 21551, 21566, 21627, 21728, 21757, 21764, 21765, 21768, 21878, 22035, 22071, 22110, 22241, 22358, 22418, 22462, 22528, 22531, 22560, 22586, 22684, 22769, 22842, 22851, 23122, 23140, 23219, 23257, 23258, 23283, 23284, 23294, 23296, 23306, 23317, 23338, 23339, 23349, 23384, 23457, 23461, 23559, 23564, 23631, 23691, 23740, 23741, 23749, 23752, 23769, 23816, 23819, 23820, 23849, 23890, 24002, 24099, 24107, 24139, 24176, 24197, 24354, 24377, 24394, 24435, 24445, 24455, 24500, 24593, 24596, 24665, 24702, 24752, 24833, 24847, 24897, 24903, 25061, 25063, 25066, 25108, 25112, 25169, 25177, 25208, 25329, 25346, 25351, 25374, 25385, 25395, 25509, 25521, 25523, 25538, 25588, 25599, 25621, 25697, 25822, 25833, 25934, 25995, 26091, 26149, 26151, 26172, 26205, 26299, 26301, 26303, 26324, 26349, 26354, 26359, 26477, 26769, 26780, 26797, 26826, 26840, 26849, 26896, 26897, 26899, 26915, 26976, 26994, 27031, 27062, 27233, 27281, 27292, 27297, 27309, 27327, 27408, 27444, 27470, 27478, 27481, 27560, 27573, 27579, 27580, 27581, 27633, 27634, 27653, 27686, 27710, 27728, 27751, 27779, 27811, 27862, 27884, 27905, 27919, 27943, 28005, 28027, 28045, 28129, 28130, 28142, 28190, 28235, 28256, 28287, 28293, 28334, 28385, 28529, 28530, 28706, 28730, 28797, 28822, 28827, 28890, 28917, 28918, 28935, 28968, 29001, 29026, 29065, 29067, 29075, 29083, 29091, 29115, 29128, 29186, 29189, 29226, 29274, 29285, 29302, 29355, 29366, 29430, 29468, 29508, 29607, 29738, 29754, 29767, 29798, 29802, 29833, 29842, 29890, 29895, 29906, 29934, 29945, 29959, 29974, 30018, 30129, 30199, 30222, 30355, 30593, 30630, 30703, 30735, 30736, 30738, 30828, 30878, 30912, 30920, 30951, 30972, 31076, 31077, 31089, 31103, 31126, 31146, 31265, 31290, 31336, 31346, 31362, 31414, 31465, 31467, 31470, 31501, 31564, 31638, 31644, 31782, 31876, 31880, 31898, 32046, 32049, 32051, 32078, 32100, 32104, 32109, 32158, 32202, 32269, 32298, 32317, 32325, 32352, 32368, 32370, 32372, 32404, 32410, 32457, 32486, 32528, 32562, 32564, 32595, 32663, 32666, 32672, 32777, 33099, 33108, 33190, 33224, 33351, 33364, 33430, 33509, 33636, 33643, 33658, 33659, 33692, 33709, 33763, 33797, 33851, 33883, 33886, 33932, 34018, 34110, 34200, 34218, 34265, 34270, 34387, 34417, 34454, 34459, 34478, 34537, 34539, 34608, 34727, 34864, 34868, 34869, 34880, 34908, 34922, 34928, 35029, 35111, 35141, 35154, 35159, 35299, 35317, 35363, 35375, 35377, 35381, 35449, 35552, 35598, 35599, 35637, 35656, 35729, 35777, 35930, 35955, 35961, 36026, 36066, 36089, 36183, 36372, 36373, 36442, 36455, 36562, 36566, 36572, 36604, 36608, 36611, 36657, 36688, 36758, 36759, 36907, 36973, 36974, 36975, 37040, 37046, 37088, 37097, 37141, 37179, 37254, 37315, 37519, 37526, 37540, 37653, 37747, 37786, 37832, 37858, 37861, 37865, 37943, 38196, 38227, 38300, 38343, 38351, 38378, 38584, 38675, 38685, 38694, 38810, 38820, 38887, 38977, 38980, 38985, 39050, 39108, 39111, 39121, 39160, 39172, 39186, 39190, 39218, 39239, 39244, 39258, 39365, 39367, 39371, 39372, 39378, 39385, 39436, 39437, 39460, 39478, 39522, 39527, 39579, 39582, 39741, 39743, 39746, 39789, 39790, 39794, 39856, 39903, 39949, 39951, 39955, 39969, 39978, 40012, 40108, 40181, 40270, 40339, 40353, 40419, 40425, 40440, 40495, 40509, 40607, 40618, 40720, 40729, 40739, 40750, 40768, 40781, 40784, 40797, 40839, 41002, 41133, 41169, 41170, 41199, 41304, 41353, 41357, 41419, 41434, 41476, 41477, 41478, 41574, 41611, 41668, 41676, 41798, 41875, 41884, 41919, 42068, 42071, 42149, 42172, 42201, 42202, 42205, 42224, 42228, 42294, 42299, 42300, 42349, 42355, 42402, 42430, 42453, 42472, 42487, 42501, 42552, 42585, 42636, 42637, 42639, 42685, 42719, 42754, 42791, 42793, 42808, 42809, 42843, 42883, 42920, 42923, 43009, 43015, 43031, 43052, 43066, 43098, 43130, 43279, 43287, 43312, 43369, 43371, 43405, 43411, 43449, 43451, 43457, 43469, 43601, 43613, 43652, 43708, 43713, 43731, 43742, 43779, 43875, 43891, 44021, 44070, 44079, 44087, 44091, 44127, 44135, 44237, 44256, 44329, 44340, 44343, 44434, 44501, 44520, 44612, 44623, 44631, 44678, 44948, 45034, 45054, 45055, 45163, 45183, 45208, 45272, 45320, 45421, 45531, 45533, 45554, 45595, 45617, 45640, 45653, 45654, 45678, 45694, 45791, 45982, 46031, 46081, 46108, 46109, 46119, 46146, 46153, 46160, 46229, 46263, 46294, 46342, 46344, 46354, 46360, 46373, 46415, 46449, 46451, 46532, 46556, 46559, 46600, 46685, 46698, 46738, 46783, 46784, 46963, 46964, 46985, 47005, 47029, 47046, 47052, 47056, 47098, 47247, 47271, 47311, 47331, 47371, 47403, 47424, 47442, 47504, 47643, 47669, 47670, 47679, 47722, 47731, 47772, 47828, 47829, 47831, 47865, 47882, 47911, 47999, 48014, 48043, 48198, 48227, 48255, 48301, 48350, 48352, 48358, 48436, 48442, 48444, 48466, 48498, 48537, 48542, 48642, 48660, 48793, 48869, 48878, 48956, 49019, 49033, 49034, 49163, 49197, 49242, 49251, 49321, 49387, 49422, 49486, 49495, 49541, 49669, 49737, 49740, 49741, 49742, 49747, 49770, 49807, 49934, 49939, 49991, 49997, 50102, 50122, 50124, 50125, 50181, 50183, 50220, 50247, 50280, 50319, 50399, 50448, 50449, 50475, 50515, 50544, 50691, 50815, 50938, 50946, 51016, 51027, 51066, 51090, 51124, 51137, 51145, 51206, 51211, 51236, 51257, 51265, 51318, 51363, 51377, 51459, 51494, 51517, 51554, 51697, 51699, 51709, 51751, 51769, 51778, 51977, 52041, 52046, 52068, 52100, 52143, 52177, 52228, 52252, 52314, 52321, 52351, 52480, 52482, 52495, 52497, 52547, 52603, 52735, 52770, 52786, 52909, 52949, 52971, 52978, 53034, 53058, 53084, 53214, 53280, 53360, 53404, 53486, 53488, 53530, 53531, 53534, 53588, 53594, 53599, 53617, 53681, 53710, 53795, 53911, 53913, 53916, 53942, 53956, 54003, 54012, 54014, 54018, 54029, 54099, 54102, 54140, 54183, 54196, 54262, 54414, 54424, 54450, 54460, 54461, 54541, 54545, 54548, 54575, 54582, 54599, 54608, 54614, 54771, 54860, 54885, 54952, 55000, 55040, 55052, 55058, 55155, 55169, 55198, 55200, 55247, 55328, 55383, 55384, 55407, 55462, 55494, 55495, 55506, 55507, 55519, 55603, 55644, 55714, 55723, 55850, 55852, 55859, 55903, 55960, 55961, 56002, 56051, 56058, 56125, 56170, 56174, 56187, 56194, 56215, 56217, 56221, 56223, 56237, 56310, 56387, 56559, 56589, 56608, 56614, 56669, 56774, 56829, 56840, 56920, 56945, 56985, 57006, 57035, 57150, 57163, 57276, 57368, 57372, 57446, 57461, 57463, 57495, 57537, 57644, 57647, 57660, 57943, 57953, 58014, 58060, 58080, 58138, 58157, 58166, 58169, 58170, 58191, 58199, 58217, 58278, 58365, 58458, 58484, 58594, 58646, 58656, 58707, 58831, 58920, 58935, 58950, 58955, 59053, 59111, 59112, 59151, 59183, 59189, 59200, 59217, 59278, 59334, 59367, 59376, 59432, 59444, 59465, 59489, 59506, 59532, 59594, 59672, 59716, 59802, 59810, 59822, 60056, 60075, 60078, 60115, 60116, 60164, 60219, 60220, 60271, 60288, 60309, 60337, 60390, 60425, 60499, 60612, 60642, 60651, 60676, 60690, 60692, 60696, 60699, 60717, 60723, 60808, 60809, 60812, 60824, 60979, 60980, 61195, 61290, 61311, 61343, 61345, 61359, 61384, 61395, 61472, 61581, 61593, 61597, 61750, 61805, 61807, 61829, 61859, 61892, 61898, 62002, 62018, 62020, 62049, 62063, 62102, 62179, 62199, 62201, 62238, 62282, 62299, 62398, 62419, 62431, 62485, 62486, 62540, 62562, 62610, 62650, 62653, 62680, 62695, 62700, 62832, 62850, 62859, 62873, 62940, 62967, 63015, 63057, 63072, 63121, 63140, 63172, 63173, 63176, 63243, 63287, 63304, 63310, 63311, 63375, 63401, 63422, 63488, 63505, 63621, 63625, 63665, 63671, 63709, 63711, 63715, 63719, 63813, 63814, 63924, 63946, 63970, 64068, 64079, 64081, 64136, 64156, 64159, 64173, 64186, 64282, 64294, 64295, 64353, 64357, 64374, 64460, 64483, 64592, 64601, 64627, 64630, 64649, 64665, 64669, 64680, 64694, 64743, 64789, 64837, 64838, 64859, 64940, 64944, 64946, 64973, 65114, 65116, 65164, 65213, 65253, 65461, 65497, 65499, 65534, 65567, 65595, 65610, 65642, 65643, 65723, 65751, 65977, 66033, 66039, 66100, 66200, 66205, 66241, 66245, 66311, 66351, 66456, 66511, 66514, 66525, 66538, 66555, 66602, 66633, 66683, 66725, 66727, 66733, 66740, 66766, 66767, 66769, 66880, 67032, 67090, 67127, 67141, 67157, 67158, 67242, 67244, 67299, 67337, 67344, 67585, 67587, 67662, 67671, 67692, 67716, 67723, 67731, 67759, 67778, 67779, 67791, 67846, 67862, 67864, 67894, 67985, 67988, 68018, 68044, 68077, 68162, 68213, 68242, 68252, 68409, 68446, 68455, 68673, 68674, 68724, 68739, 68748, 68752, 68758, 68880, 68923, 68952, 68969, 69047, 69057, 69109, 69111, 69169, 69187, 69191, 69226, 69228, 69258, 69303, 69407, 69412, 69428, 69433, 69512, 69525, 69595, 69601, 69604, 69643, 69661, 69697, 69702, 69726, 69844, 69877, 69937, 69970, 70025, 70029, 70074, 70112, 70151, 70163, 70193, 70226, 70227, 70236, 70278, 70290, 70336, 70339, 70366, 70413, 70424, 70453, 70457, 70459, 70479, 70524, 70562, 70618, 70652, 70669, 70781, 70799, 70830, 70916, 70918, 70950, 71007, 71084, 71159, 71163, 71226, 71240, 71244, 71245, 71301, 71329, 71390, 71440, 71482, 71507, 71552, 71650, 71711, 71718, 71727, 71738, 71745, 71776, 71856, 71982, 71989, 72049, 72081, 72114, 72157, 72201, 72231, 72278, 72370, 72380, 72434, 72616, 72642, 72650, 72738, 72747, 72795, 72813, 72815, 72818, 72857, 72889, 72941, 72959, 72960, 73006, 73044, 73064, 73081, 73134, 73135, 73205, 73216, 73242, 73248, 73299, 73308, 73309, 73319, 73393, 73420, 73441, 73489, 73553, 73603, 73617, 73703, 73747, 73797, 73904, 73905, 73956, 74016, 74024, 74064, 74065, 74066, 74095, 74193, 74279, 74283, 74303, 74340, 74359, 74444, 74570, 74572, 74591, 74612, 74659, 74707, 74834, 74906, 74919, 74934, 74939, 74972, 74989, 75037, 75047, 75049, 75055, 75098, 75117, 75132, 75145, 75280, 75626, 75665, 75690, 75786, 75794, 75852, 75857, 75911, 76075, 76078, 76215, 76323, 76328, 76427, 76467, 76531, 76533, 76594, 76618, 76624, 76643, 76672, 76706, 76707, 76751, 76784, 76832, 76862, 76892, 76929, 76930, 76948, 76959, 76961, 76970, 77035, 77048, 77130, 77179, 77208, 77245, 77252, 77253, 77283, 77292, 77322, 77370, 77388, 77415, 77425, 77436, 77460, 77505, 77560, 77757, 77819, 77822, 77830, 77915, 77985, 78008, 78091, 78179, 78242, 78361, 78425, 78469, 78470, 78476, 78550, 78553, 78575, 78579, 78590, 78600, 78627, 78672, 78699, 78705, 78765, 78777, 78779, 78781, 78810, 78900, 79035, 79052, 79055, 79108, 79109, 79156, 79171, 79238, 79239, 79337, 79372, 79379, 79393, 79398, 79412, 79463, 79570, 79613, 79656, 79722, 79747, 79756, 79771, 79974, 80002, 80011, 80089, 80093, 80095, 80119, 80120, 80186, 80193, 80213, 80373, 80374, 80394, 80400, 80433, 80440, 80442, 80479, 80534, 80576, 80600, 80602, 80692, 80742, 80745, 80763, 80764, 80804, 80872, 81031, 81175, 81198, 81221, 81251, 81353, 81355, 81357, 81418, 81454, 81455, 81463, 81491, 81496, 81530, 81557, 81567, 81615, 81625, 81712, 81804, 81826, 81908, 81925, 81970, 82115, 82160, 82168, 82184, 82195, 82197, 82243, 82286, 82365, 82475, 82485, 82535, 82559, 82561, 82618, 82623, 82643, 82749, 82767, 82798, 82837, 82947, 82985, 83004, 83005, 83057, 83089, 83091, 83161, 83257, 83319, 83362, 83375, 83393, 83424, 83453, 83474, 83488, 83518, 83519, 83567, 83572, 83663, 83686, 83696, 83720, 83723, 83775, 83797, 83799, 83848, 83943, 83993, 84008, 84014, 84039, 84052, 84056, 84135, 84150, 84156, 84164, 84259, 84325, 84456, 84459, 84463, 84482, 84506, 84507, 84513, 84629, 84640, 84643, 84657, 84662, 84737, 84804, 84815, 84933, 85009, 85037, 85040, 85079, 85090, 85107, 85108, 85113, 85193, 85296, 85363, 85399, 85455, 85476, 85481, 85607, 85744, 85755, 85765, 85832, 85836, 85838, 85883, 85934, 85942, 85973, 85993, 86016, 86018, 86029, 86037, 86096, 86312, 86314, 86316, 86334, 86368, 86514, 86528, 86546, 86614, 86656, 86697, 86738, 86746, 86788, 86789, 86824, 86892, 86951, 86959, 86963, 86986, 87066, 87079, 87165, 87187, 87264, 87294, 87376, 87419, 87422, 87427, 87497, 87500, 87506, 87507, 87524, 87525, 87591, 87637, 87657, 87685, 87936, 87944, 88017, 88032, 88042, 88074, 88076, 88155, 88201, 88220, 88224, 88320, 88348, 88361, 88379, 88419, 88481, 88485, 88491, 88496, 88563, 88583, 88657, 88664, 88708, 88847, 88903, 88917, 88950, 88953, 88982, 88987, 89020, 89092, 89110, 89113, 89162, 89170, 89194, 89249, 89323, 89427, 89483, 89549, 89603, 89619, 89652, 89732, 89745, 89746, 89820, 89838, 89857, 89928, 89929, 90068, 90113, 90127, 90128, 90152, 90186, 90216, 90253, 90269, 90272, 90275, 90408, 90416, 90437, 90453, 90466, 90506, 90536, 90594, 90625, 90650, 90800, 90805, 90839, 90850, 90853, 90881, 90901, 90902, 90908, 90909, 90919, 90975, 90981, 91005, 91008, 91027, 91130, 91153, 91169, 91196, 91215, 91227, 91253, 91287, 91312, 91318, 91453, 91459, 91481, 91485, 91523, 91612, 91646, 91648, 91657, 91668, 91672, 91685, 91686, 91796, 91812, 91923, 91970, 92001, 92007, 92012, 92016, 92075, 92128, 92132, 92150, 92152, 92276, 92447, 92452, 92472, 92477, 92480, 92504, 92513, 92537, 92538, 92555, 92559, 92790, 92818, 92876, 92927, 92933, 92960, 92975, 92998, 93012, 93033, 93112, 93119, 93157, 93174, 93275, 93310, 93312, 93329, 93364, 93404, 93426, 93505, 93518, 93520, 93530, 93532, 93554, 93561, 93583, 93588, 93608, 93626, 93801, 93819, 93824, 93837, 93886, 93889, 93987, 93988, 94140, 94144, 94235, 94250, 94260, 94269, 94360, 94364, 94376, 94397, 94410, 94435, 94490, 94517, 94530, 94531, 94639, 94680, 94751, 94806, 94855, 94864, 94866, 94926, 94946, 94967, 94979, 95038, 95045, 95179, 95198, 95213, 95242, 95291, 95533, 95564, 95569, 95610, 95611, 95649, 95690, 95765, 95822, 95824, 95843, 95855, 95878, 95937, 95982, 96101, 96164, 96239, 96242, 96246, 96262, 96351, 96415, 96430, 96431, 96436, 96437, 96459, 96463, 96500, 96506, 96512, 96601, 96616, 96732, 96746, 96778, 96831, 96890, 96913, 96921, 96963, 97016, 97018, 97026, 97135, 97163, 97201, 97208, 97354, 97404, 97434, 97444, 97478, 97491, 97494, 97541, 97542, 97553, 97589, 97595, 97602, 97608, 97637, 97654, 97658, 97675, 97683, 97726, 97865, 97872, 97904, 97922, 97930, 97953, 98023, 98024, 98067, 98085, 98150, 98162, 98216, 98229, 98326, 98340, 98348, 98456, 98463, 98506, 98511, 98512, 98536, 98541, 98571, 98621, 98635, 98643, 98712, 98735, 98759, 98776, 98926, 98962, 98983, 99104, 99107, 99165, 99193, 99230, 99239, 99242, 99332, 99432, 99449, 99452, 99455, 99466, 99468, 99477, 99499, 99500, 99539, 99561, 99570, 99575, 99690, 99718, 99755, 99882, 99883, 100021, 100024, 100033, 100138, 100143, 100182, 100254, 100258, 100267, 100271, 100354, 100358, 100408, 100412, 100418, 100424, 100425, 100461, 100478, 100548, 100593, 100620, 100625, 100715, 100734, 100794, 100795, 100813, 100821, 100907, 100962, 100990, 101037, 101052, 101066, 101103, 101167, 101220, 101228, 101229, 101276, 101308, 101318, 101323, 101324, 101326, 101346, 101365, 101370, 101371, 101424, 101437, 101457, 101461, 101523, 101556, 101557, 101579, 101611, 101625, 101671, 101682, 101798, 101813, 101845, 101942, 101953, 102038, 102043, 102117, 102118, 102282, 102338, 102345, 102364, 102365, 102525, 102550, 102582, 102617, 102618, 102725, 102748, 102750, 102752, 102855, 102877, 102912, 102928, 102950, 103021, 103029, 103031, 103053, 103058, 103098, 103169, 103171, 103173, 103179, 103195, 103208, 103213, 103264, 103326, 103328, 103429, 103437, 103456, 103461, 103558, 103571, 103629, 103674, 103749, 103750, 103796, 103824, 103853, 104000, 104040, 104047, 104107, 104108, 104155, 104194, 104241, 104262, 104287, 104312, 104322, 104328, 104365, 104391, 104398, 104417, 104422, 104431, 104449, 104450, 104468, 104602, 104682, 104803, 104842, 104897, 104942, 104976, 105017, 105035, 105050, 105196, 105277, 105318, 105439, 105444, 105467, 105496, 105609, 105651, 105680, 105688, 105707, 105780, 105785, 105798, 105827, 105835, 105840, 105912, 106164, 106202, 106223, 106224, 106232, 106339, 106353, 106355, 106387, 106400, 106414, 106523, 106637, 106644, 106710, 106721, 106780, 106846, 106851, 106869, 106870, 106882, 106949, 106952, 106974, 107032, 107034, 107037, 107104, 107124, 107141, 107161, 107162, 107166, 107195, 107236, 107324, 107340, 107352, 107466, 107601, 107633, 107636, 107646, 107656, 107658, 107701, 107702, 107703, 107724, 107770, 107771, 107773, 107791, 107807, 107883, 108126, 108175, 108178, 108207, 108211, 108248, 108288, 108294, 108376, 108406, 108409, 108446, 108500, 108537, 108539, 108545, 108547, 108548, 108653, 108754, 108769, 108780, 108874, 108918, 108946, 108950, 108958, 109009, 109036, 109037, 109053, 109056, 109103, 109109, 109111, 109153, 109162, 109192, 109204, 109270, 109286, 109378, 109432, 109510, 109515, 109516, 109544, 109546, 109593, 109600, 109672, 109678, 109695, 109748, 109781, 109785, 109830, 110006, 110015, 110043, 110211, 110212, 110238, 110249, 110259, 110325, 110341, 110358, 110363, 110370, 110413, 110423, 110455, 110481, 110486, 110487, 110520, 110541, 110577, 110588, 110618, 110620, 110634, 110635, 110650, 110670, 110679, 110682, 110711, 110715, 110740, 110741, 110747, 110756, 110773, 110796, 110797, 110940, 111385, 111396, 111407, 111412, 111417, 111557, 111563, 111580, 111600, 111616, 111617, 111622, 111630, 111641, 111655, 111832, 111884, 111887, 111908, 111913, 111932, 111968, 111970, 111984, 112070, 112075, 112082, 112085, 112091, 112097, 112157, 112158, 112273, 112299, 112343, 112363, 112384, 112410, 112423, 112491, 112509, 112529, 112609, 112613, 112615, 112631, 112632, 112634, 112635, 112717, 112850, 112886, 112972, 113008, 113138, 113172, 113245, 113253, 113298, 113308, 113335, 113401, 113434, 113446, 113483, 113622, 113665, 113686, 113774, 113874, 113903, 113905, 113916, 114018, 114098, 114125, 114128, 114134, 114160, 114190, 114249, 114377, 114379, 114380, 114433, 114471, 114473, 114532, 114535, 114537, 114622, 114631, 114645, 114715, 114749, 114751, 114758, 114762, 114789, 114808, 114814, 114819, 114850, 114854, 114959, 114971, 115004, 115020, 115065, 115084, 115086, 115124, 115137, 115142, 115214, 115218, 115221, 115231, 115281, 115348, 115361, 115421, 115433, 115491, 115501, 115510, 115518, 115552, 115556, 115666, 115701, 115786, 115961, 115966, 115980, 116004, 116054, 116126, 116128, 116135, 116146, 116180, 116194, 116210, 116216, 116230, 116231, 116284, 116478, 116514, 116519, 116666, 116742, 116784, 116869, 116881, 116893, 116894, 116895, 116915, 116949, 116957, 116978, 116980, 116988, 117006, 117012, 117019, 117097, 117163, 117174, 117291, 117297, 117298, 117379, 117422, 117446, 117472, 117473, 117493, 117615, 117690, 117774, 117775, 117780, 117814, 117831, 117832, 117953, 117971, 117994, 118004, 118025, 118030, 118039, 118079, 118136, 118142, 118143, 118146, 118170, 118182, 118280, 118306, 118312, 118326, 118328, 118396, 118403, 118420, 118425, 118487, 118494, 118510, 118513, 118561, 118568, 118743, 118912, 118940, 118943, 118950, 118982, 119007, 119031, 119032, 119042, 119047, 119083, 119089, 119094, 119097, 119135, 119146, 119150, 119164, 119180, 119181, 119185, 119197, 119198, 119215, 119216, 119217, 119253, 119270, 119286, 119326, 119364, 119416, 119421, 119457, 119462, 119518, 119523, 119569, 119591, 119665, 119667, 119683, 119702, 119739, 119757, 119779, 119790, 119792, 119847, 119906, 119958, 119960, 119973, 119978, 120021, 120029, 120034, 120050, 120051, 120055, 120094, 120149, 120156, 120177, 120199, 120205, 120254, 120257, 120292, 120321, 120437, 120558, 120559, 120678, 120689, 120748, 120773, 120779, 120792, 120798, 120805, 120810, 120840, 120859, 120947, 120959, 120961, 121003, 121031, 121076, 121118, 121151, 121205, 121461, 121550, 121571, 121582, 121611, 121630, 121653, 121694, 121758, 121768, 121839, 121864, 121898, 121916, 121940, 121948, 121959, 121968, 122030, 122032, 122041, 122105, 122148, 122160, 122188, 122191, 122201, 122308, 122347, 122364, 122369, 122394, 122431, 122495, 122497, 122518, 122546, 122551, 122556, 122561, 122596, 122598, 122637, 122712, 122722, 122729, 122741, 122753, 122805, 122813, 122815, 122817, 122864, 122873, 122895, 122899, 122902, 122914, 122928, 122958, 122961, 122993, 123034, 123145, 123153, 123203, 123233, 123241, 123347, 123437, 123477, 123487, 123503, 123529, 123541, 123609, 123633, 123634, 123696, 123757, 123762, 123788, 123790, 123799, 123800, 123835, 123876, 123880, 123911, 123955, 124038, 124092, 124094, 124126, 124143, 124277, 124306, 124323, 124638, 124653, 124669, 124687, 124689, 124746, 124793, 124875, 124913, 124924, 124926, 124934, 124956, 125006, 125044, 125063, 125089, 125102, 125119, 125166, 125184, 125190, 125226, 125267, 125269, 125281, 125302, 125318, 125319, 125462, 125524, 125609, 125612, 125664, 125679, 125745, 125774, 125789, 125793, 125913, 125928, 125944, 126043, 126100, 126159, 126164, 126199, 126246, 126258, 126261, 126291, 126294, 126298, 126488, 126716, 126737, 126758, 126760, 126770, 126780, 126860, 126933, 126965, 126986, 127016, 127035, 127058, 127096, 127112, 127113, 127141, 127169, 127200, 127225, 127274, 127275, 127281, 127291, 127292, 127302, 127393, 127456, 127606, 127642, 127659, 127664, 127680, 127688, 127744, 127746, 127748, 127752, 127792, 127794, 127816, 127828, 127838, 127969, 127974, 128011, 128012, 128024, 128035, 128146, 128183, 128214, 128250, 128262, 128297, 128312, 128313, 128401, 128403, 128743, 128776, 128806, 128839, 128858, 128893, 128895, 128934, 128937, 128957, 128974, 129001, 129044, 129116, 129132, 129140, 129147, 129193, 129313, 129359, 129553, 129600, 129637, 129807, 129819, 129847, 129883, 129910, 129948, 129980, 130006, 130018, 130091, 130103, 130134, 130153, 130154, 130158, 130234, 130288, 130322, 130327, 130328, 130416, 130510, 130568, 130601, 130682, 130834, 130836, 130837, 130919, 130921, 130929, 130933, 130942, 131012, 131013, 131056, 131123, 131209, 131217, 131222, 131266, 131279, 131329, 131342, 131352, 131371, 131391, 131396, 131398, 131471, 131492, 131544, 131589, 131594, 131647, 131651, 131713, 131741, 131835, 131850, 131980, 131987, 131988, 132282, 132284, 132286, 132312, 132364, 132390, 132525, 132535, 132594, 132615, 132617, 132633, 132691, 132706, 132728, 132766, 132783, 132801, 132803, 132804, 132842, 132871, 132921, 132925, 132927, 132933, 132954, 132970, 133023, 133029, 133066, 133098, 133114, 133117, 133202, 133212, 133257, 133276]"
c2_degree,Greedy-f2,0.1,10%,0.2,20%,3581,14322,1327,1060,267,1386,1116,0.07792207792207792,False,311,13828,"[13, 124, 172, 333, 342, 349, 357, 424, 427, 497, 507, 543, 555, 568, 604, 623, 661, 749, 768, 773, 784, 811, 812, 813, 815, 839, 898, 1099, 1218, 1339, 1366, 1367, 1399, 1400, 1451, 1458, 1482, 1509, 1516, 1556, 1582, 1677, 1692, 1697, 1713, 1898, 1918, 1958, 1964, 2109, 2167, 2168, 2211, 2240, 2241, 2262, 2330, 2372, 2381, 2417, 2447, 2487, 2508, 2535, 2588, 2630, 2634, 2641, 2702, 2743, 2794, 2796, 2855, 2910, 2916, 2965, 2968, 2969, 3003, 3005, 3047, 3073, 3102, 3138, 3149, 3151, 3201, 3209, 3232, 3241, 3270, 3377, 3421, 3508, 3532, 3543, 3553, 3566, 3584, 3591, 3604, 3713, 3776, 3778, 3781, 3803, 3812, 3824, 3832, 3839, 3842, 3853, 3940, 4006, 4024, 4044, 4074, 4075, 4142, 4159, 4245, 4282, 4284, 4288, 4291, 4301, 4305, 4311, 4320, 4390, 4419, 4444, 4459, 4462, 4481, 4483, 4526, 4531, 4532, 4541, 4686, 4734, 4788, 4790, 4796, 4815, 4881, 4892, 4893, 4903, 4984, 4996, 5050, 5099, 5102, 5166, 5185, 5212, 5273, 5275, 5335, 5391, 5420, 5421, 5462, 5480, 5513, 5516, 5523, 5541, 5547, 5558, 5578, 5580, 5668, 5674, 5710, 5745, 5811, 5854, 5868, 5904, 5905, 5959, 6000, 6003, 6004, 6021, 6059, 6083, 6137, 6167, 6173, 6393, 6418, 6420, 6466, 6468, 6529, 6532, 6548, 6593, 6597, 6618, 6619, 6637, 6655, 6689, 6730, 6790, 6831, 6837, 6845, 6912, 6976, 6995, 6996, 7005, 7009, 7026, 7033, 7128, 7205, 7206, 7209, 7264, 7462, 7469, 7480, 7482, 7520, 7593, 7612, 7614, 7706, 7721, 7761, 7829, 7836, 7955, 7980, 7991, 8053, 8058, 8128, 8143, 8160, 8161, 8195, 8304, 8332, 8373, 8397, 8398, 8459, 8461, 8506, 8554, 8592, 8615, 8627, 8705, 8836, 8958, 8979, 9049, 9052, 9167, 9208, 9220, 9292, 9320, 9334, 9356, 9386, 9389, 9418, 9442, 9494, 9510, 9557, 9612, 9617, 9648, 9671, 9678, 9900, 9941, 9942, 9992, 9999, 10000, 10017, 10065, 10168, 10172, 10184, 10191, 10244, 10273, 10341, 10428, 10490, 10503, 10564, 10639, 10640, 10641, 10679, 10713, 10719, 10726, 10729, 10785, 10807, 10834, 10873, 10899, 10900, 11006, 11020, 11038, 11080, 11085, 11091, 11109, 11176, 11199, 11257, 11275, 11318, 11381, 11477, 11478, 11519, 11553, 11580, 11590, 11664, 11799, 11866, 11916, 11963, 12039, 12050, 12069, 12073, 12148, 12152, 12164, 12185, 12187, 12203, 12249, 12338, 12448, 12501, 12544, 12549, 12644, 12683, 12704, 12732, 12737, 12758, 12927, 12997, 13045, 13046, 13070, 13084, 13112, 13121, 13175, 13179, 13219, 13246, 13254, 13257, 13590, 13624, 13647, 13652, 13709, 13743, 13758, 13805, 13822, 13876, 13881, 13894, 13945, 13962, 13976, 14009, 14063, 14095, 14101, 14210, 14212, 14221, 14365, 14382, 14439, 14528, 14579, 14614, 14706, 14716, 14726, 14783, 14861, 14887, 14911, 15016, 15029, 15036, 15122, 15124, 15150, 15153, 15161, 15212, 15215, 15250, 15309, 15413, 15436, 15467, 15483, 15505, 15525, 15647, 15765, 15846, 15943, 16042, 16092, 16102, 16115, 16116, 16123, 16219, 16237, 16246, 16250, 16270, 16287, 16305, 16312, 16313, 16329, 16331, 16336, 16340, 16360, 16442, 16467, 16468, 16525, 16536, 16540, 16542, 16607, 16700, 16773, 16783, 16794, 16842, 16851, 16879, 16901, 16931, 16961, 16972, 16973, 17001, 17045, 17243, 17266, 17277, 17295, 17380, 17437, 17440, 17447, 17515, 17549, 17584, 17603, 17642, 17652, 17689, 17722, 17736, 17764, 17806, 17863, 17864, 17866, 17970, 17979, 17983, 18009, 18079, 18091, 18092, 18176, 18225, 18236, 18250, 18252, 18325, 18339, 18354, 18361, 18400, 18444, 18459, 18481, 18553, 18585, 18600, 18642, 18667, 18685, 18694, 18781, 18860, 18876, 18877, 18995, 19113, 19166, 19167, 19204, 19206, 19207, 19341, 19432, 19467, 19479, 19575, 19620, 19695, 19772, 19776, 19778, 19779, 19945, 19973, 19981, 20113, 20126, 20214, 20218, 20297, 20418, 20440, 20464, 20469, 20492, 20496, 20636, 20656, 20665, 20685, 20695, 20711, 20715, 20740, 20762, 20779, 20783, 20842, 20857, 20866, 20890, 20903, 21138, 21148, 21149, 21192, 21195, 21333, 21368, 21369, 21458, 21466, 21471, 21475, 21512, 21514, 21542, 21551, 21566, 21627, 21728, 21757, 21764, 21765, 21768, 21878, 22035, 22071, 22110, 22241, 22358, 22418, 22462, 22528, 22531, 22560, 22586, 22684, 22769, 22842, 22851, 23122, 23140, 23219, 23257, 23258, 23283, 23284, 23294, 23296, 23306, 23317, 23338, 23339, 23349, 23384, 23457, 23461, 23559, 23564, 23631, 23691, 23740, 23741, 23749, 23752, 23769, 23816, 23819, 23820, 23849, 23890, 24002, 24099, 24107, 24139, 24176, 24197, 24354, 24377, 24394, 24435, 24445, 24455, 24500, 24593, 24596, 24665, 24702, 24752, 24833, 24847, 24897, 24903, 25061, 25063, 25066, 25108, 25112, 25169, 25177, 25208, 25329, 25346, 25351, 25374, 25385, 25395, 25509, 25521, 25523, 25538, 25588, 25599, 25621, 25697, 25822, 25833, 25934, 25995, 26091, 26149, 26151, 26172, 26205, 26299, 26301, 26303, 26324, 26349, 26354, 26359, 26477, 26769, 26780, 26797, 26826, 26840, 26849, 26896, 26897, 26899, 26915, 26976, 26994, 27031, 27062, 27233, 27281, 27292, 27297, 27309, 27327, 27408, 27444, 27470, 27478, 27481, 27560, 27573, 27579, 27580, 27581, 27633, 27634, 27653, 27686, 27710, 27728, 27751, 27779, 27811, 27862, 27884, 27905, 27919, 27943, 28005, 28027, 28045, 28129, 28130, 28142, 28190, 28235, 28256, 28287, 28293, 28334, 28385, 28529, 28530, 28706, 28730, 28797, 28822, 28827, 28890, 28917, 28918, 28935, 28968, 29001, 29026, 29065, 29067, 29075, 29083, 29091, 29115, 29128, 29186, 29189, 29226, 29274, 29285, 29302, 29355, 29366, 29430, 29468, 29508, 29607, 29738, 29754, 29767, 29798, 29802, 29833, 29842, 29890, 29895, 29906, 29934, 29945, 29959, 29974, 30018, 30129, 30199, 30222, 30355, 30593, 30630, 30703, 30735, 30736, 30738, 30828, 30878, 30912, 30920, 30951, 30972, 31076, 31077, 31089, 31103, 31126, 31146, 31265, 31290, 31336, 31346, 31362, 31414, 31465, 31467, 31470, 31501, 31564, 31638, 31644, 31782, 31876, 31880, 31898, 32046, 32049, 32051, 32078, 32100, 32104, 32109, 32158, 32202, 32269, 32298, 32317, 32325, 32352, 32368, 32370, 32372, 32404, 32410, 32457, 32486, 32528, 32562, 32564, 32595, 32663, 32666, 32672, 32777, 33099, 33108, 33190, 33224, 33351, 33364, 33430, 33509, 33636, 33643, 33658, 33659, 33692, 33709, 33763, 33797, 33851, 33883, 33886, 33932, 34018, 34110, 34200, 34218, 34265, 34270, 34387, 34417, 34454, 34459, 34478, 34537, 34539, 34608, 34727, 34864, 34868, 34869, 34880, 34908, 34922, 34928, 35029, 35111, 35141, 35154, 35159, 35299, 35317, 35363, 35375, 35377, 35381, 35449, 35552, 35598, 35599, 35637, 35656, 35729, 35777, 35930, 35955, 35961, 36026, 36066, 36089, 36183, 36372, 36373, 36442, 36455, 36562, 36566, 36572, 36604, 36608, 36611, 36657, 36688, 36758, 36759, 36907, 36973, 36974, 36975, 37040, 37046, 37088, 37097, 37141, 37179, 37254, 37315, 37519, 37526, 37540, 37653, 37747, 37786, 37832, 37858, 37861, 37865, 37943, 38196, 38227, 38300, 38343, 38351, 38378, 38584, 38675, 38685, 38694, 38810, 38820, 38887, 38977, 38980, 38985, 39050, 39108, 39111, 39121, 39160, 39172, 39186, 39190, 39218, 39239, 39244, 39258, 39365, 39367, 39371, 39372, 39378, 39385, 39436, 39437, 39460, 39478, 39522, 39527, 39579, 39582, 39741, 39743, 39746, 39789, 39790, 39794, 39856, 39903, 39949, 39951, 39955, 39969, 39978, 40012, 40108, 40181, 40270, 40339, 40353, 40419, 40425, 40440, 40495, 40509, 40607, 40618, 40720, 40729, 40739, 40750, 40768, 40781, 40784, 40797, 40839, 41002, 41133, 41169, 41170, 41199, 41304, 41353, 41357, 41419, 41434, 41476, 41477, 41478, 41574, 41611, 41668, 41676, 41798, 41875, 41884, 41919, 42068, 42071, 42149, 42172, 42201, 42202, 42205, 42224, 42228, 42294, 42299, 42300, 42349, 42355, 42402, 42430, 42453, 42472, 42487, 42501, 42552, 42585, 42636, 42637, 42639, 42685, 42719, 42754, 42791, 42793, 42808, 42809, 42843, 42883, 42920, 42923, 43009, 43015, 43031, 43052, 43066, 43098, 43130, 43279, 43287, 43312, 43369, 43371, 43405, 43411, 43449, 43451, 43457, 43469, 43601, 43613, 43652, 43708, 43713, 43731, 43742, 43779, 43875, 43891, 44021, 44070, 44079, 44087, 44091, 44127, 44135, 44237, 44256, 44329, 44340, 44343, 44434, 44501, 44520, 44612, 44623, 44631, 44678, 44948, 45034, 45054, 45055, 45163, 45183, 45208, 45272, 45320, 45421, 45531, 45533, 45554, 45595, 45617, 45640, 45653, 45654, 45678, 45694, 45791, 45982, 46031, 46081, 46108, 46109, 46119, 46146, 46153, 46160, 46229, 46263, 46294, 46342, 46344, 46354, 46360, 46373, 46415, 46449, 46451, 46532, 46556, 46559, 46600, 46685, 46698, 46738, 46783, 46784, 46963, 46964, 46985, 47005, 47029, 47046, 47052, 47056, 47098, 47247, 47271, 47311, 47331, 47371, 47403, 47424, 47442, 47504, 47643, 47669, 47670, 47679, 47722, 47731, 47772, 47828, 47829, 47831, 47865, 47882, 47911, 47999, 48014, 48043, 48198, 48227, 48255, 48301, 48350, 48352, 48358, 48436, 48442, 48444, 48466, 48498, 48537, 48542, 48642, 48660, 48793, 48869, 48878, 48956, 49019, 49033, 49034, 49163, 49197, 49242, 49251, 49321, 49387, 49422, 49486, 49495, 49541, 49669, 49737, 49740, 49741, 49742, 49747, 49770, 49807, 49934, 49939, 49991, 49997, 50102, 50122, 50124, 50125, 50181, 50183, 50220, 50247, 50280, 50319, 50399, 50448, 50449, 50475, 50515, 50544, 50691, 50815, 50938, 50946, 51016, 51027, 51066, 51090, 51124, 51137, 51145, 51206, 51211, 51236, 51257, 51265, 51318, 51363, 51377, 51459, 51494, 51517, 51554, 51697, 51699, 51709, 51751, 51769, 51778, 51977, 52041, 52046, 52068, 52100, 52143, 52177, 52228, 52252, 52314, 52321, 52351, 52480, 52482, 52495, 52497, 52547, 52603, 52735, 52770, 52786, 52909, 52949, 52971, 52978, 53034, 53058, 53084, 53214, 53280, 53360, 53404, 53486, 53488, 53530, 53531, 53534, 53588, 53594, 53599, 53617, 53681, 53710, 53795, 53911, 53913, 53916, 53942, 53956, 54003, 54012, 54014, 54018, 54029, 54099, 54102, 54140, 54183, 54196, 54262, 54414, 54424, 54450, 54460, 54461, 54541, 54545, 54548, 54575, 54582, 54599, 54608, 54614, 54771, 54860, 54885, 54952, 55000, 55040, 55052, 55058, 55155, 55169, 55198, 55200, 55247, 55328, 55383, 55384, 55407, 55462, 55494, 55495, 55506, 55507, 55519, 55603, 55644, 55714, 55723, 55850, 55852, 55859, 55903, 55960, 55961, 56002, 56051, 56058, 56125, 56170, 56174, 56187, 56194, 56215, 56217, 56221, 56223, 56237, 56310, 56387, 56559, 56589, 56608, 56614, 56669, 56774, 56829, 56840, 56920, 56945, 56985, 57006, 57035, 57150, 57163, 57276, 57368, 57372, 57446, 57461, 57463, 57495, 57537, 57644, 57647, 57660, 57943, 57953, 58014, 58060, 58080, 58138, 58157, 58166, 58169, 58170, 58191, 58199, 58217, 58278, 58365, 58458, 58484, 58594, 58646, 58656, 58707, 58831, 58920, 58935, 58950, 58955, 59053, 59111, 59112, 59151, 59183, 59189, 59200, 59217, 59278, 59334, 59367, 59376, 59432, 59444, 59465, 59489, 59506, 59532, 59594, 59672, 59716, 59802, 59810, 59822, 60056, 60075, 60078, 60115, 60116, 60164, 60219, 60220, 60271, 60288, 60309, 60337, 60390, 60425, 60499, 60612, 60642, 60651, 60676, 60690, 60692, 60696, 60699, 60717, 60723, 60808, 60809, 60812, 60824, 60979, 60980, 61195, 61290, 61311, 61343, 61345, 61359, 61384, 61395, 61472, 61581, 61593, 61597, 61750, 61805, 61807, 61829, 61859, 61892, 61898, 62002, 62018, 62020, 62049, 62063, 62102, 62179, 62199, 62201, 62238, 62282, 62299, 62398, 62419, 62431, 62485, 62486, 62540, 62562, 62610, 62650, 62653, 62680, 62695, 62700, 62832, 62850, 62859, 62873, 62940, 62967, 63015, 63057, 63072, 63121, 63140, 63172, 63173, 63176, 63243, 63287, 63304, 63310, 63311, 63375, 63401, 63422, 63488, 63505, 63621, 63625, 63665, 63671, 63709, 63711, 63715, 63719, 63813, 63814, 63924, 63946, 63970, 64068, 64079, 64081, 64136, 64156, 64159, 64173, 64186, 64282, 64294, 64295, 64353, 64357, 64374, 64460, 64483, 64592, 64601, 64627, 64630, 64649, 64665, 64669, 64680, 64694, 64743, 64789, 64837, 64838, 64859, 64940, 64944, 64946, 64973, 65114, 65116, 65164, 65213, 65253, 65461, 65497, 65499, 65534, 65567, 65595, 65610, 65642, 65643, 65723, 65751, 65977, 66033, 66039, 66100, 66200, 66205, 66241, 66245, 66311, 66351, 66456, 66511, 66514, 66525, 66538, 66555, 66602, 66633, 66683, 66725, 66727, 66733, 66740, 66766, 66767, 66769, 66880, 67032, 67090, 67127, 67141, 67157, 67158, 67242, 67244, 67299, 67337, 67344, 67585, 67587, 67662, 67671, 67692, 67716, 67723, 67731, 67759, 67778, 67779, 67791, 67846, 67862, 67864, 67894, 67985, 67988, 68018, 68044, 68077, 68162, 68213, 68242, 68252, 68409, 68446, 68455, 68673, 68674, 68724, 68739, 68748, 68752, 68758, 68880, 68923, 68952, 68969, 69047, 69057, 69109, 69111, 69169, 69187, 69191, 69226, 69228, 69258, 69303, 69407, 69412, 69428, 69433, 69512, 69525, 69595, 69601, 69604, 69643, 69661, 69697, 69702, 69726, 69844, 69877, 69937, 69970, 70025, 70029, 70074, 70112, 70151, 70163, 70193, 70226, 70227, 70236, 70278, 70290, 70336, 70339, 70366, 70413, 70424, 70453, 70457, 70459, 70479, 70524, 70562, 70618, 70652, 70669, 70781, 70799, 70830, 70916, 70918, 70950, 71007, 71084, 71159, 71163, 71226, 71240, 71244, 71245, 71301, 71329, 71390, 71440, 71482, 71507, 71552, 71650, 71711, 71718, 71727, 71738, 71745, 71776, 71856, 71982, 71989, 72049, 72081, 72114, 72157, 72201, 72231, 72278, 72370, 72380, 72434, 72616, 72642, 72650, 72738, 72747, 72795, 72813, 72815, 72818, 72857, 72889, 72941, 72959, 72960, 73006, 73044, 73064, 73081, 73134, 73135, 73205, 73216, 73242, 73248, 73299, 73308, 73309, 73319, 73393, 73420, 73441, 73489, 73553, 73603, 73617, 73703, 73747, 73797, 73904, 73905, 73956, 74016, 74024, 74064, 74065, 74066, 74095, 74193, 74279, 74283, 74303, 74340, 74359, 74444, 74570, 74572, 74591, 74612, 74659, 74707, 74834, 74906, 74919, 74934, 74939, 74972, 74989, 75037, 75047, 75049, 75055, 75098, 75117, 75132, 75145, 75280, 75626, 75665, 75690, 75786, 75794, 75852, 75857, 75911, 76075, 76078, 76215, 76323, 76328, 76427, 76467, 76531, 76533, 76594, 76618, 76624, 76643, 76672, 76706, 76707, 76751, 76784, 76832, 76862, 76892, 76929, 76930, 76948, 76959, 76961, 76970, 77035, 77048, 77130, 77179, 77208, 77245, 77252, 77253, 77283, 77292, 77322, 77370, 77388, 77415, 77425, 77436, 77460, 77505, 77560, 77757, 77819, 77822, 77830, 77915, 77985, 78008, 78091, 78179, 78242, 78361, 78425, 78469, 78470, 78476, 78550, 78553, 78575, 78579, 78590, 78600, 78627, 78672, 78699, 78705, 78765, 78777, 78779, 78781, 78810, 78900, 79035, 79052, 79055, 79108, 79109, 79156, 79171, 79238, 79239, 79337, 79372, 79379, 79393, 79398, 79412, 79463, 79570, 79613, 79656, 79722, 79747, 79756, 79771, 79974, 80002, 80011, 80089, 80093, 80095, 80119, 80120, 80186, 80193, 80213, 80373, 80374, 80394, 80400, 80433, 80440, 80442, 80479, 80534, 80576, 80600, 80602, 80692, 80742, 80745, 80763, 80764, 80804, 80872, 81031, 81175, 81198, 81221, 81251, 81353, 81355, 81357, 81418, 81454, 81455, 81463, 81491, 81496, 81530, 81557, 81567, 81615, 81625, 81712, 81804, 81826, 81908, 81925, 81970, 82115, 82160, 82168, 82184, 82195, 82197, 82243, 82286, 82365, 82475, 82485, 82535, 82559, 82561, 82618, 82623, 82643, 82749, 82767, 82798, 82837, 82947, 82985, 83004, 83005, 83057, 83089, 83091, 83161, 83257, 83319, 83362, 83375, 83393, 83424, 83453, 83474, 83488, 83518, 83519, 83567, 83572, 83663, 83686, 83696, 83720, 83723, 83775, 83797, 83799, 83848, 83943, 83993, 84008, 84014, 84039, 84052, 84056, 84135, 84150, 84156, 84164, 84259, 84325, 84456, 84459, 84463, 84482, 84506, 84507, 84513, 84629, 84640, 84643, 84657, 84662, 84737, 84804, 84815, 84933, 85009, 85037, 85040, 85079, 85090, 85107, 85108, 85113, 85193, 85296, 85363, 85399, 85455, 85476, 85481, 85607, 85744, 85755, 85765, 85832, 85836, 85838, 85883, 85934, 85942, 85973, 85993, 86016, 86018, 86029, 86037, 86096, 86312, 86314, 86316, 86334, 86368, 86514, 86528, 86546, 86614, 86656, 86697, 86738, 86746, 86788, 86789, 86824, 86892, 86951, 86959, 86963, 86986, 87066, 87079, 87165, 87187, 87264, 87294, 87376, 87419, 87422, 87427, 87497, 87500, 87506, 87507, 87524, 87525, 87591, 87637, 87657, 87685, 87936, 87944, 88017, 88032, 88042, 88074, 88076, 88155, 88201, 88220, 88224, 88320, 88348, 88361, 88379, 88419, 88481, 88485, 88491, 88496, 88563, 88583, 88657, 88664, 88708, 88847, 88903, 88917, 88950, 88953, 88982, 88987, 89020, 89092, 89110, 89113, 89162, 89170, 89194, 89249, 89323, 89427, 89483, 89549, 89603, 89619, 89652, 89732, 89745, 89746, 89820, 89838, 89857, 89928, 89929, 90068, 90113, 90127, 90128, 90152, 90186, 90216, 90253, 90269, 90272, 90275, 90408, 90416, 90437, 90453, 90466, 90506, 90536, 90594, 90625, 90650, 90800, 90805, 90839, 90850, 90853, 90881, 90901, 90902, 90908, 90909, 90919, 90975, 90981, 91005, 91008, 91027, 91130, 91153, 91169, 91196, 91215, 91227, 91253, 91287, 91312, 91318, 91453, 91459, 91481, 91485, 91523, 91612, 91646, 91648, 91657, 91668, 91672, 91685, 91686, 91796, 91812, 91923, 91970, 92001, 92007, 92012, 92016, 92075, 92128, 92132, 92150, 92152, 92276, 92447, 92452, 92472, 92477, 92480, 92504, 92513, 92537, 92538, 92555, 92559, 92790, 92818, 92876, 92927, 92933, 92960, 92975, 92998, 93012, 93033, 93112, 93119, 93157, 93174, 93275, 93310, 93312, 93329, 93364, 93404, 93426, 93505, 93518, 93520, 93530, 93532, 93554, 93561, 93583, 93588, 93608, 93626, 93801, 93819, 93824, 93837, 93886, 93889, 93987, 93988, 94140, 94144, 94235, 94250, 94260, 94269, 94360, 94364, 94376, 94397, 94410, 94435, 94490, 94517, 94530, 94531, 94639, 94680, 94751, 94806, 94855, 94864, 94866, 94926, 94946, 94967, 94979, 95038, 95045, 95179, 95198, 95213, 95242, 95291, 95533, 95564, 95569, 95610, 95611, 95649, 95690, 95765, 95822, 95824, 95843, 95855, 95878, 95937, 95982, 96101, 96164, 96239, 96242, 96246, 96262, 96351, 96415, 96430, 96431, 96436, 96437, 96459, 96463, 96500, 96506, 96512, 96601, 96616, 96732, 96746, 96778, 96831, 96890, 96913, 96921, 96963, 97016, 97018, 97026, 97135, 97163, 97201, 97208, 97354, 97404, 97434, 97444, 97478, 97491, 97494, 97541, 97542, 97553, 97589, 97595, 97602, 97608, 97637, 97654, 97658, 97675, 97683, 97726, 97865, 97872, 97904, 97922, 97930, 97953, 98023, 98024, 98067, 98085, 98150, 98162, 98216, 98229, 98326, 98340, 98348, 98456, 98463, 98506, 98511, 98512, 98536, 98541, 98571, 98621, 98635, 98643, 98712, 98735, 98759, 98776, 98926, 98962, 98983, 99104, 99107, 99165, 99193, 99230, 99239, 99242, 99332, 99432, 99449, 99452, 99455, 99466, 99468, 99477, 99499, 99500, 99539, 99561, 99570, 99575, 99690, 99718, 99755, 99882, 99883, 100021, 100024, 100033, 100138, 100143, 100182, 100254, 100258, 100267, 100271, 100354, 100358, 100408, 100412, 100418, 100424, 100425, 100461, 100478, 100548, 100593, 100620, 100625, 100715, 100734, 100794, 100795, 100813, 100821, 100907, 100962, 100990, 101037, 101052, 101066, 101103, 101167, 101220, 101228, 101229, 101276, 101308, 101318, 101323, 101324, 101326, 101346, 101365, 101370, 101371, 101424, 101437, 101457, 101461, 101523, 101556, 101557, 101579, 101611, 101625, 101671, 101682, 101798, 101813, 101845, 101942, 101953, 102038, 102043, 102117, 102118, 102282, 102338, 102345, 102364, 102365, 102525, 102550, 102582, 102617, 102618, 102725, 102748, 102750, 102752, 102855, 102877, 102912, 102928, 102950, 103021, 103029, 103031, 103053, 103058, 103098, 103169, 103171, 103173, 103179, 103195, 103208, 103213, 103264, 103326, 103328, 103429, 103437, 103456, 103461, 103558, 103571, 103629, 103674, 103749, 103750, 103796, 103824, 103853, 104000, 104040, 104047, 104107, 104108, 104155, 104194, 104241, 104262, 104287, 104312, 104322, 104328, 104365, 104391, 104398, 104417, 104422, 104431, 104449, 104450, 104468, 104602, 104682, 104803, 104842, 104897, 104942, 104976, 105017, 105035, 105050, 105196, 105277, 105318, 105439, 105444, 105467, 105496, 105609, 105651, 105680, 105688, 105707, 105780, 105785, 105798, 105827, 105835, 105840, 105912, 106164, 106202, 106223, 106224, 106232, 106339, 106353, 106355, 106387, 106400, 106414, 106523, 106637, 106644, 106710, 106721, 106780, 106846, 106851, 106869, 106870, 106882, 106949, 106952, 106974, 107032, 107034, 107037, 107104, 107124, 107141, 107161, 107162, 107166, 107195, 107236, 107324, 107340, 107352, 107466, 107601, 107633, 107636, 107646, 107656, 107658, 107701, 107702, 107703, 107724, 107770, 107771, 107773, 107791, 107807, 107883, 108126, 108175, 108178, 108207, 108211, 108248, 108288, 108294, 108376, 108406, 108409, 108446, 108500, 108537, 108539, 108545, 108547, 108548, 108653, 108754, 108769, 108780, 108874, 108918, 108946, 108950, 108958, 109009, 109036, 109037, 109053, 109056, 109103, 109109, 109111, 109153, 109162, 109192, 109204, 109270, 109286, 109378, 109432, 109510, 109515, 109516, 109544, 109546, 109593, 109600, 109672, 109678, 109695, 109748, 109781, 109785, 109830, 110006, 110015, 110043, 110211, 110212, 110238, 110249, 110259, 110325, 110341, 110358, 110363, 110370, 110413, 110423, 110455, 110481, 110486, 110487, 110520, 110541, 110577, 110588, 110618, 110620, 110634, 110635, 110650, 110670, 110679, 110682, 110711, 110715, 110740, 110741, 110747, 110756, 110773, 110796, 110797, 110940, 111385, 111396, 111407, 111412, 111417, 111557, 111563, 111580, 111600, 111616, 111617, 111622, 111630, 111641, 111655, 111832, 111884, 111887, 111908, 111913, 111932, 111968, 111970, 111984, 112070, 112075, 112082, 112085, 112091, 112097, 112157, 112158, 112273, 112299, 112343, 112363, 112384, 112410, 112423, 112491, 112509, 112529, 112609, 112613, 112615, 112631, 112632, 112634, 112635, 112717, 112850, 112886, 112972, 113008, 113138, 113172, 113245, 113253, 113298, 113308, 113335, 113401, 113434, 113446, 113483, 113622, 113665, 113686, 113774, 113874, 113903, 113905, 113916, 114018, 114098, 114125, 114128, 114134, 114160, 114190, 114249, 114377, 114379, 114380, 114433, 114471, 114473, 114532, 114535, 114537, 114622, 114631, 114645, 114715, 114749, 114751, 114758, 114762, 114789, 114808, 114814, 114819, 114850, 114854, 114959, 114971, 115004, 115020, 115065, 115084, 115086, 115124, 115137, 115142, 115214, 115218, 115221, 115231, 115281, 115348, 115361, 115421, 115433, 115491, 115501, 115510, 115518, 115552, 115556, 115666, 115701, 115786, 115961, 115966, 115980, 116004, 116054, 116126, 116128, 116135, 116146, 116180, 116194, 116210, 116216, 116230, 116231, 116284, 116478, 116514, 116519, 116666, 116742, 116784, 116869, 116881, 116893, 116894, 116895, 116915, 116949, 116957, 116978, 116980, 116988, 117006, 117012, 117019, 117097, 117163, 117174, 117291, 117297, 117298, 117379, 117422, 117446, 117472, 117473, 117493, 117615, 117690, 117774, 117775, 117780, 117814, 117831, 117832, 117953, 117971, 117994, 118004, 118025, 118030, 118039, 118079, 118136, 118142, 118143, 118146, 118170, 118182, 118280, 118306, 118312, 118326, 118328, 118396, 118403, 118420, 118425, 118487, 118494, 118510, 118513, 118561, 118568, 118743, 118912, 118940, 118943, 118950, 118982, 119007, 119031, 119032, 119042, 119047, 119083, 119089, 119094, 119097, 119135, 119146, 119150, 119164, 119180, 119181, 119185, 119197, 119198, 119215, 119216, 119217, 119253, 119270, 119286, 119326, 119364, 119416, 119421, 119457, 119462, 119518, 119523, 119569, 119591, 119665, 119667, 119683, 119702, 119739, 119757, 119779, 119790, 119792, 119847, 119906, 119958, 119960, 119973, 119978, 120021, 120029, 120034, 120050, 120051, 120055, 120094, 120149, 120156, 120177, 120199, 120205, 120254, 120257, 120292, 120321, 120437, 120558, 120559, 120678, 120689, 120748, 120773, 120779, 120792, 120798, 120805, 120810, 120840, 120859, 120947, 120959, 120961, 121003, 121031, 121076, 121118, 121151, 121205, 121461, 121550, 121571, 121582, 121611, 121630, 121653, 121694, 121758, 121768, 121839, 121864, 121898, 121916, 121940, 121948, 121959, 121968, 122030, 122032, 122041, 122105, 122148, 122160, 122188, 122191, 122201, 122308, 122347, 122364, 122369, 122394, 122431, 122495, 122497, 122518, 122546, 122551, 122556, 122561, 122596, 122598, 122637, 122712, 122722, 122729, 122741, 122753, 122805, 122813, 122815, 122817, 122864, 122873, 122895, 122899, 122902, 122914, 122928, 122958, 122961, 122993, 123034, 123145, 123153, 123203, 123233, 123241, 123347, 123437, 123477, 123487, 123503, 123529, 123541, 123609, 123633, 123634, 123696, 123757, 123762, 123788, 123790, 123799, 123800, 123835, 123876, 123880, 123911, 123955, 124038, 124092, 124094, 124126, 124143, 124277, 124306, 124323, 124638, 124653, 124669, 124687, 124689, 124746, 124793, 124875, 124913, 124924, 124926, 124934, 124956, 125006, 125044, 125063, 125089, 125102, 125119, 125166, 125184, 125190, 125226, 125267, 125269, 125281, 125302, 125318, 125319, 125462, 125524, 125609, 125612, 125664, 125679, 125745, 125774, 125789, 125793, 125913, 125928, 125944, 126043, 126100, 126159, 126164, 126199, 126246, 126258, 126261, 126291, 126294, 126298, 126488, 126716, 126737, 126758, 126760, 126770, 126780, 126860, 126933, 126965, 126986, 127016, 127035, 127058, 127096, 127112, 127113, 127141, 127169, 127200, 127225, 127274, 127275, 127281, 127291, 127292, 127302, 127393, 127456, 127606, 127642, 127659, 127664, 127680, 127688, 127744, 127746, 127748, 127752, 127792, 127794, 127816, 127828, 127838, 127969, 127974, 128011, 128012, 128024, 128035, 128146, 128183, 128214, 128250, 128262, 128297, 128312, 128313, 128401, 128403, 128743, 128776, 128806, 128839, 128858, 128893, 128895, 128934, 128937, 128957, 128974, 129001, 129044, 129116, 129132, 129140, 129147, 129193, 129313, 129359, 129553, 129600, 129637, 129807, 129819, 129847, 129883, 129910, 129948, 129980, 130006, 130018, 130091, 130103, 130134, 130153, 130154, 130158, 130234, 130288, 130322, 130327, 130328, 130416, 130510, 130568, 130601, 130682, 130834, 130836, 130837, 130919, 130921, 130929, 130933, 130942, 131012, 131013, 131056, 131123, 131209, 131217, 131222, 131266, 131279, 131329, 131342, 131352, 131371, 131391, 131396, 131398, 131471, 131492, 131544, 131589, 131594, 131647, 131651, 131713, 131741, 131835, 131850, 131980, 131987, 131988, 132282, 132284, 132286, 132312, 132364, 132390, 132525, 132535, 132594, 132615, 132617, 132633, 132691, 132706, 132728, 132766, 132783, 132801, 132803, 132804, 132842, 132871, 132921, 132925, 132927, 132933, 132954, 132970, 133023, 133029, 133066, 133098, 133114, 133117, 133202, 133212, 133257, 133276]"
c2_degree,Greedy-f3,0.1,10%,0.2,20%,3581,14322,2666,2134,532,4157,3501,0.24444909928780897,False,311,13828,"[13, 124, 172, 333, 342, 349, 357, 424, 427, 497, 507, 543, 555, 568, 604, 623, 661, 749, 768, 773, 784, 811, 812, 813, 815, 839, 898, 1099, 1218, 1339, 1366, 1367, 1399, 1400, 1451, 1458, 1482, 1509, 1516, 1556, 1582, 1677, 1692, 1697, 1713, 1898, 1918, 1958, 1964, 2109, 2167, 2168, 2211, 2240, 2241, 2262, 2330, 2372, 2381, 2417, 2447, 2487, 2508, 2535, 2588, 2630, 2634, 2641, 2702, 2743, 2794, 2796, 2855, 2910, 2916, 2965, 2968, 2969, 3003, 3005, 3047, 3073, 3102, 3138, 3149, 3151, 3201, 3209, 3232, 3241, 3270, 3377, 3421, 3508, 3532, 3543, 3553, 3566, 3584, 3591, 3604, 3713, 3776, 3778, 3781, 3803, 3812, 3824, 3832, 3839, 3842, 3853, 3940, 4006, 4024, 4044, 4074, 4075, 4142, 4159, 4245, 4282, 4284, 4288, 4291, 4301, 4305, 4311, 4320, 4390, 4419, 4444, 4459, 4462, 4481, 4483, 4526, 4531, 4532, 4541, 4686, 4734, 4788, 4790, 4796, 4815, 4881, 4892, 4893, 4903, 4984, 4996, 5050, 5099, 5102, 5166, 5185, 5212, 5273, 5275, 5335, 5391, 5420, 5421, 5462, 5480, 5513, 5516, 5523, 5541, 5547, 5558, 5578, 5580, 5668, 5674, 5710, 5745, 5811, 5854, 5868, 5904, 5905, 5959, 6000, 6003, 6004, 6021, 6059, 6083, 6137, 6167, 6173, 6393, 6418, 6420, 6466, 6468, 6529, 6532, 6548, 6593, 6597, 6618, 6619, 6637, 6655, 6689, 6730, 6790, 6831, 6837, 6845, 6912, 6976, 6995, 6996, 7005, 7009, 7026, 7033, 7128, 7205, 7206, 7209, 7264, 7462, 7469, 7480, 7482, 7520, 7593, 7612, 7614, 7706, 7721, 7761, 7829, 7836, 7955, 7980, 7991, 8053, 8058, 8128, 8143, 8160, 8161, 8195, 8304, 8332, 8373, 8397, 8398, 8459, 8461, 8506, 8554, 8592, 8615, 8627, 8705, 8836, 8958, 8979, 9049, 9052, 9167, 9208, 9220, 9292, 9320, 9334, 9356, 9386, 9389, 9418, 9442, 9494, 9510, 9557, 9612, 9617, 9648, 9671, 9678, 9900, 9941, 9942, 9992, 9999, 10000, 10017, 10065, 10168, 10172, 10184, 10191, 10244, 10273, 10341, 10428, 10490, 10503, 10564, 10639, 10640, 10641, 10679, 10713, 10719, 10726, 10729, 10785, 10807, 10834, 10873, 10899, 10900, 11006, 11020, 11038, 11080, 11085, 11091, 11109, 11176, 11199, 11257, 11275, 11318, 11381, 11477, 11478, 11519, 11553, 11580, 11590, 11664, 11799, 11866, 11916, 11963, 12039, 12050, 12069, 12073, 12148, 12152, 12164, 12185, 12187, 12203, 12249, 12338, 12448, 12501, 12544, 12549, 12644, 12683, 12704, 12732, 12737, 12758, 12927, 12997, 13045, 13046, 13070, 13084, 13112, 13121, 13175, 13179, 13219, 13246, 13254, 13257, 13590, 13624, 13647, 13652, 13709, 13743, 13758, 13805, 13822, 13876, 13881, 13894, 13945, 13962, 13976, 14009, 14063, 14095, 14101, 14210, 14212, 14221, 14365, 14382, 14439, 14528, 14579, 14614, 14706, 14716, 14726, 14783, 14861, 14887, 14911, 15016, 15029, 15036, 15122, 15124, 15150, 15153, 15161, 15212, 15215, 15250, 15309, 15413, 15436, 15467, 15483, 15505, 15525, 15647, 15765, 15846, 15943, 16042, 16092, 16102, 16115, 16116, 16123, 16219, 16237, 16246, 16250, 16270, 16287, 16305, 16312, 16313, 16329, 16331, 16336, 16340, 16360, 16442, 16467, 16468, 16525, 16536, 16540, 16542, 16607, 16700, 16773, 16783, 16794, 16842, 16851, 16879, 16901, 16931, 16961, 16972, 16973, 17001, 17045, 17243, 17266, 17277, 17295, 17380, 17437, 17440, 17447, 17515, 17549, 17584, 17603, 17642, 17652, 17689, 17722, 17736, 17764, 17806, 17863, 17864, 17866, 17970, 17979, 17983, 18009, 18079, 18091, 18092, 18176, 18225, 18236, 18250, 18252, 18325, 18339, 18354, 18361, 18400, 18444, 18459, 18481, 18553, 18585, 18600, 18642, 18667, 18685, 18694, 18781, 18860, 18876, 18877, 18995, 19113, 19166, 19167, 19204, 19206, 19207, 19341, 19432, 19467, 19479, 19575, 19620, 19695, 19772, 19776, 19778, 19779, 19945, 19973, 19981, 20113, 20126, 20214, 20218, 20297, 20418, 20440, 20464, 20469, 20492, 20496, 20636, 20656, 20665, 20685, 20695, 20711, 20715, 20740, 20762, 20779, 20783, 20842, 20857, 20866, 20890, 20903, 21138, 21148, 21149, 21192, 21195, 21333, 21368, 21369, 21458, 21466, 21471, 21475, 21512, 21514, 21542, 21551, 21566, 21627, 21728, 21757, 21764, 21765, 21768, 21878, 22035, 22071, 22110, 22241, 22358, 22418, 22462, 22528, 22531, 22560, 22586, 22684, 22769, 22842, 22851, 23122, 23140, 23219, 23257, 23258, 23283, 23284, 23294, 23296, 23306, 23317, 23338, 23339, 23349, 23384, 23457, 23461, 23559, 23564, 23631, 23691, 23740, 23741, 23749, 23752, 23769, 23816, 23819, 23820, 23849, 23890, 24002, 24099, 24107, 24139, 24176, 24197, 24354, 24377, 24394, 24435, 24445, 24455, 24500, 24593, 24596, 24665, 24702, 24752, 24833, 24847, 24897, 24903, 25061, 25063, 25066, 25108, 25112, 25169, 25177, 25208, 25329, 25346, 25351, 25374, 25385, 25395, 25509, 25521, 25523, 25538, 25588, 25599, 25621, 25697, 25822, 25833, 25934, 25995, 26091, 26149, 26151, 26172, 26205, 26299, 26301, 26303, 26324, 26349, 26354, 26359, 26477, 26769, 26780, 26797, 26826, 26840, 26849, 26896, 26897, 26899, 26915, 26976, 26994, 27031, 27062, 27233, 27281, 27292, 27297, 27309, 27327, 27408, 27444, 27470, 27478, 27481, 27560, 27573, 27579, 27580, 27581, 27633, 27634, 27653, 27686, 27710, 27728, 27751, 27779, 27811, 27862, 27884, 27905, 27919, 27943, 28005, 28027, 28045, 28129, 28130, 28142, 28190, 28235, 28256, 28287, 28293, 28334, 28385, 28529, 28530, 28706, 28730, 28797, 28822, 28827, 28890, 28917, 28918, 28935, 28968, 29001, 29026, 29065, 29067, 29075, 29083, 29091, 29115, 29128, 29186, 29189, 29226, 29274, 29285, 29302, 29355, 29366, 29430, 29468, 29508, 29607, 29738, 29754, 29767, 29798, 29802, 29833, 29842, 29890, 29895, 29906, 29934, 29945, 29959, 29974, 30018, 30129, 30199, 30222, 30355, 30593, 30630, 30703, 30735, 30736, 30738, 30828, 30878, 30912, 30920, 30951, 30972, 31076, 31077, 31089, 31103, 31126, 31146, 31265, 31290, 31336, 31346, 31362, 31414, 31465, 31467, 31470, 31501, 31564, 31638, 31644, 31782, 31876, 31880, 31898, 32046, 32049, 32051, 32078, 32100, 32104, 32109, 32158, 32202, 32269, 32298, 32317, 32325, 32352, 32368, 32370, 32372, 32404, 32410, 32457, 32486, 32528, 32562, 32564, 32595, 32663, 32666, 32672, 32777, 33099, 33108, 33190, 33224, 33351, 33364, 33430, 33509, 33636, 33643, 33658, 33659, 33692, 33709, 33763, 33797, 33851, 33883, 33886, 33932, 34018, 34110, 34200, 34218, 34265, 34270, 34387, 34417, 34454, 34459, 34478, 34537, 34539, 34608, 34727, 34864, 34868, 34869, 34880, 34908, 34922, 34928, 35029, 35111, 35141, 35154, 35159, 35299, 35317, 35363, 35375, 35377, 35381, 35449, 35552, 35598, 35599, 35637, 35656, 35729, 35777, 35930, 35955, 35961, 36026, 36066, 36089, 36183, 36372, 36373, 36442, 36455, 36562, 36566, 36572, 36604, 36608, 36611, 36657, 36688, 36758, 36759, 36907, 36973, 36974, 36975, 37040, 37046, 37088, 37097, 37141, 37179, 37254, 37315, 37519, 37526, 37540, 37653, 37747, 37786, 37832, 37858, 37861, 37865, 37943, 38196, 38227, 38300, 38343, 38351, 38378, 38584, 38675, 38685, 38694, 38810, 38820, 38887, 38977, 38980, 38985, 39050, 39108, 39111, 39121, 39160, 39172, 39186, 39190, 39218, 39239, 39244, 39258, 39365, 39367, 39371, 39372, 39378, 39385, 39436, 39437, 39460, 39478, 39522, 39527, 39579, 39582, 39741, 39743, 39746, 39789, 39790, 39794, 39856, 39903, 39949, 39951, 39955, 39969, 39978, 40012, 40108, 40181, 40270, 40339, 40353, 40419, 40425, 40440, 40495, 40509, 40607, 40618, 40720, 40729, 40739, 40750, 40768, 40781, 40784, 40797, 40839, 41002, 41133, 41169, 41170, 41199, 41304, 41353, 41357, 41419, 41434, 41476, 41477, 41478, 41574, 41611, 41668, 41676, 41798, 41875, 41884, 41919, 42068, 42071, 42149, 42172, 42201, 42202, 42205, 42224, 42228, 42294, 42299, 42300, 42349, 42355, 42402, 42430, 42453, 42472, 42487, 42501, 42552, 42585, 42636, 42637, 42639, 42685, 42719, 42754, 42791, 42793, 42808, 42809, 42843, 42883, 42920, 42923, 43009, 43015, 43031, 43052, 43066, 43098, 43130, 43279, 43287, 43312, 43369, 43371, 43405, 43411, 43449, 43451, 43457, 43469, 43601, 43613, 43652, 43708, 43713, 43731, 43742, 43779, 43875, 43891, 44021, 44070, 44079, 44087, 44091, 44127, 44135, 44237, 44256, 44329, 44340, 44343, 44434, 44501, 44520, 44612, 44623, 44631, 44678, 44948, 45034, 45054, 45055, 45163, 45183, 45208, 45272, 45320, 45421, 45531, 45533, 45554, 45595, 45617, 45640, 45653, 45654, 45678, 45694, 45791, 45982, 46031, 46081, 46108, 46109, 46119, 46146, 46153, 46160, 46229, 46263, 46294, 46342, 46344, 46354, 46360, 46373, 46415, 46449, 46451, 46532, 46556, 46559, 46600, 46685, 46698, 46738, 46783, 46784, 46963, 46964, 46985, 47005, 47029, 47046, 47052, 47056, 47098, 47247, 47271, 47311, 47331, 47371, 47403, 47424, 47442, 47504, 47643, 47669, 47670, 47679, 47722, 47731, 47772, 47828, 47829, 47831, 47865, 47882, 47911, 47999, 48014, 48043, 48198, 48227, 48255, 48301, 48350, 48352, 48358, 48436, 48442, 48444, 48466, 48498, 48537, 48542, 48642, 48660, 48793, 48869, 48878, 48956, 49019, 49033, 49034, 49163, 49197, 49242, 49251, 49321, 49387, 49422, 49486, 49495, 49541, 49669, 49737, 49740, 49741, 49742, 49747, 49770, 49807, 49934, 49939, 49991, 49997, 50102, 50122, 50124, 50125, 50181, 50183, 50220, 50247, 50280, 50319, 50399, 50448, 50449, 50475, 50515, 50544, 50691, 50815, 50938, 50946, 51016, 51027, 51066, 51090, 51124, 51137, 51145, 51206, 51211, 51236, 51257, 51265, 51318, 51363, 51377, 51459, 51494, 51517, 51554, 51697, 51699, 51709, 51751, 51769, 51778, 51977, 52041, 52046, 52068, 52100, 52143, 52177, 52228, 52252, 52314, 52321, 52351, 52480, 52482, 52495, 52497, 52547, 52603, 52735, 52770, 52786, 52909, 52949, 52971, 52978, 53034, 53058, 53084, 53214, 53280, 53360, 53404, 53486, 53488, 53530, 53531, 53534, 53588, 53594, 53599, 53617, 53681, 53710, 53795, 53911, 53913, 53916, 53942, 53956, 54003, 54012, 54014, 54018, 54029, 54099, 54102, 54140, 54183, 54196, 54262, 54414, 54424, 54450, 54460, 54461, 54541, 54545, 54548, 54575, 54582, 54599, 54608, 54614, 54771, 54860, 54885, 54952, 55000, 55040, 55052, 55058, 55155, 55169, 55198, 55200, 55247, 55328, 55383, 55384, 55407, 55462, 55494, 55495, 55506, 55507, 55519, 55603, 55644, 55714, 55723, 55850, 55852, 55859, 55903, 55960, 55961, 56002, 56051, 56058, 56125, 56170, 56174, 56187, 56194, 56215, 56217, 56221, 56223, 56237, 56310, 56387, 56559, 56589, 56608, 56614, 56669, 56774, 56829, 56840, 56920, 56945, 56985, 57006, 57035, 57150, 57163, 57276, 57368, 57372, 57446, 57461, 57463, 57495, 57537, 57644, 57647, 57660, 57943, 57953, 58014, 58060, 58080, 58138, 58157, 58166, 58169, 58170, 58191, 58199, 58217, 58278, 58365, 58458, 58484, 58594, 58646, 58656, 58707, 58831, 58920, 58935, 58950, 58955, 59053, 59111, 59112, 59151, 59183, 59189, 59200, 59217, 59278, 59334, 59367, 59376, 59432, 59444, 59465, 59489, 59506, 59532, 59594, 59672, 59716, 59802, 59810, 59822, 60056, 60075, 60078, 60115, 60116, 60164, 60219, 60220, 60271, 60288, 60309, 60337, 60390, 60425, 60499, 60612, 60642, 60651, 60676, 60690, 60692, 60696, 60699, 60717, 60723, 60808, 60809, 60812, 60824, 60979, 60980, 61195, 61290, 61311, 61343, 61345, 61359, 61384, 61395, 61472, 61581, 61593, 61597, 61750, 61805, 61807, 61829, 61859, 61892, 61898, 62002, 62018, 62020, 62049, 62063, 62102, 62179, 62199, 62201, 62238, 62282, 62299, 62398, 62419, 62431, 62485, 62486, 62540, 62562, 62610, 62650, 62653, 62680, 62695, 62700, 62832, 62850, 62859, 62873, 62940, 62967, 63015, 63057, 63072, 63121, 63140, 63172, 63173, 63176, 63243, 63287, 63304, 63310, 63311, 63375, 63401, 63422, 63488, 63505, 63621, 63625, 63665, 63671, 63709, 63711, 63715, 63719, 63813, 63814, 63924, 63946, 63970, 64068, 64079, 64081, 64136, 64156, 64159, 64173, 64186, 64282, 64294, 64295, 64353, 64357, 64374, 64460, 64483, 64592, 64601, 64627, 64630, 64649, 64665, 64669, 64680, 64694, 64743, 64789, 64837, 64838, 64859, 64940, 64944, 64946, 64973, 65114, 65116, 65164, 65213, 65253, 65461, 65497, 65499, 65534, 65567, 65595, 65610, 65642, 65643, 65723, 65751, 65977, 66033, 66039, 66100, 66200, 66205, 66241, 66245, 66311, 66351, 66456, 66511, 66514, 66525, 66538, 66555, 66602, 66633, 66683, 66725, 66727, 66733, 66740, 66766, 66767, 66769, 66880, 67032, 67090, 67127, 67141, 67157, 67158, 67242, 67244, 67299, 67337, 67344, 67585, 67587, 67662, 67671, 67692, 67716, 67723, 67731, 67759, 67778, 67779, 67791, 67846, 67862, 67864, 67894, 67985, 67988, 68018, 68044, 68077, 68162, 68213, 68242, 68252, 68409, 68446, 68455, 68673, 68674, 68724, 68739, 68748, 68752, 68758, 68880, 68923, 68952, 68969, 69047, 69057, 69109, 69111, 69169, 69187, 69191, 69226, 69228, 69258, 69303, 69407, 69412, 69428, 69433, 69512, 69525, 69595, 69601, 69604, 69643, 69661, 69697, 69702, 69726, 69844, 69877, 69937, 69970, 70025, 70029, 70074, 70112, 70151, 70163, 70193, 70226, 70227, 70236, 70278, 70290, 70336, 70339, 70366, 70413, 70424, 70453, 70457, 70459, 70479, 70524, 70562, 70618, 70652, 70669, 70781, 70799, 70830, 70916, 70918, 70950, 71007, 71084, 71159, 71163, 71226, 71240, 71244, 71245, 71301, 71329, 71390, 71440, 71482, 71507, 71552, 71650, 71711, 71718, 71727, 71738, 71745, 71776, 71856, 71982, 71989, 72049, 72081, 72114, 72157, 72201, 72231, 72278, 72370, 72380, 72434, 72616, 72642, 72650, 72738, 72747, 72795, 72813, 72815, 72818, 72857, 72889, 72941, 72959, 72960, 73006, 73044, 73064, 73081, 73134, 73135, 73205, 73216, 73242, 73248, 73299, 73308, 73309, 73319, 73393, 73420, 73441, 73489, 73553, 73603, 73617, 73703, 73747, 73797, 73904, 73905, 73956, 74016, 74024, 74064, 74065, 74066, 74095, 74193, 74279, 74283, 74303, 74340, 74359, 74444, 74570, 74572, 74591, 74612, 74659, 74707, 74834, 74906, 74919, 74934, 74939, 74972, 74989, 75037, 75047, 75049, 75055, 75098, 75117, 75132, 75145, 75280, 75626, 75665, 75690, 75786, 75794, 75852, 75857, 75911, 76075, 76078, 76215, 76323, 76328, 76427, 76467, 76531, 76533, 76594, 76618, 76624, 76643, 76672, 76706, 76707, 76751, 76784, 76832, 76862, 76892, 76929, 76930, 76948, 76959, 76961, 76970, 77035, 77048, 77130, 77179, 77208, 77245, 77252, 77253, 77283, 77292, 77322, 77370, 77388, 77415, 77425, 77436, 77460, 77505, 77560, 77757, 77819, 77822, 77830, 77915, 77985, 78008, 78091, 78179, 78242, 78361, 78425, 78469, 78470, 78476, 78550, 78553, 78575, 78579, 78590, 78600, 78627, 78672, 78699, 78705, 78765, 78777, 78779, 78781, 78810, 78900, 79035, 79052, 79055, 79108, 79109, 79156, 79171, 79238, 79239, 79337, 79372, 79379, 79393, 79398, 79412, 79463, 79570, 79613, 79656, 79722, 79747, 79756, 79771, 79974, 80002, 80011, 80089, 80093, 80095, 80119, 80120, 80186, 80193, 80213, 80373, 80374, 80394, 80400, 80433, 80440, 80442, 80479, 80534, 80576, 80600, 80602, 80692, 80742, 80745, 80763, 80764, 80804, 80872, 81031, 81175, 81198, 81221, 81251, 81353, 81355, 81357, 81418, 81454, 81455, 81463, 81491, 81496, 81530, 81557, 81567, 81615, 81625, 81712, 81804, 81826, 81908, 81925, 81970, 82115, 82160, 82168, 82184, 82195, 82197, 82243, 82286, 82365, 82475, 82485, 82535, 82559, 82561, 82618, 82623, 82643, 82749, 82767, 82798, 82837, 82947, 82985, 83004, 83005, 83057, 83089, 83091, 83161, 83257, 83319, 83362, 83375, 83393, 83424, 83453, 83474, 83488, 83518, 83519, 83567, 83572, 83663, 83686, 83696, 83720, 83723, 83775, 83797, 83799, 83848, 83943, 83993, 84008, 84014, 84039, 84052, 84056, 84135, 84150, 84156, 84164, 84259, 84325, 84456, 84459, 84463, 84482, 84506, 84507, 84513, 84629, 84640, 84643, 84657, 84662, 84737, 84804, 84815, 84933, 85009, 85037, 85040, 85079, 85090, 85107, 85108, 85113, 85193, 85296, 85363, 85399, 85455, 85476, 85481, 85607, 85744, 85755, 85765, 85832, 85836, 85838, 85883, 85934, 85942, 85973, 85993, 86016, 86018, 86029, 86037, 86096, 86312, 86314, 86316, 86334, 86368, 86514, 86528, 86546, 86614, 86656, 86697, 86738, 86746, 86788, 86789, 86824, 86892, 86951, 86959, 86963, 86986, 87066, 87079, 87165, 87187, 87264, 87294, 87376, 87419, 87422, 87427, 87497, 87500, 87506, 87507, 87524, 87525, 87591, 87637, 87657, 87685, 87936, 87944, 88017, 88032, 88042, 88074, 88076, 88155, 88201, 88220, 88224, 88320, 88348, 88361, 88379, 88419, 88481, 88485, 88491, 88496, 88563, 88583, 88657, 88664, 88708, 88847, 88903, 88917, 88950, 88953, 88982, 88987, 89020, 89092, 89110, 89113, 89162, 89170, 89194, 89249, 89323, 89427, 89483, 89549, 89603, 89619, 89652, 89732, 89745, 89746, 89820, 89838, 89857, 89928, 89929, 90068, 90113, 90127, 90128, 90152, 90186, 90216, 90253, 90269, 90272, 90275, 90408, 90416, 90437, 90453, 90466, 90506, 90536, 90594, 90625, 90650, 90800, 90805, 90839, 90850, 90853, 90881, 90901, 90902, 90908, 90909, 90919, 90975, 90981, 91005, 91008, 91027, 91130, 91153, 91169, 91196, 91215, 91227, 91253, 91287, 91312, 91318, 91453, 91459, 91481, 91485, 91523, 91612, 91646, 91648, 91657, 91668, 91672, 91685, 91686, 91796, 91812, 91923, 91970, 92001, 92007, 92012, 92016, 92075, 92128, 92132, 92150, 92152, 92276, 92447, 92452, 92472, 92477, 92480, 92504, 92513, 92537, 92538, 92555, 92559, 92790, 92818, 92876, 92927, 92933, 92960, 92975, 92998, 93012, 93033, 93112, 93119, 93157, 93174, 93275, 93310, 93312, 93329, 93364, 93404, 93426, 93505, 93518, 93520, 93530, 93532, 93554, 93561, 93583, 93588, 93608, 93626, 93801, 93819, 93824, 93837, 93886, 93889, 93987, 93988, 94140, 94144, 94235, 94250, 94260, 94269, 94360, 94364, 94376, 94397, 94410, 94435, 94490, 94517, 94530, 94531, 94639, 94680, 94751, 94806, 94855, 94864, 94866, 94926, 94946, 94967, 94979, 95038, 95045, 95179, 95198, 95213, 95242, 95291, 95533, 95564, 95569, 95610, 95611, 95649, 95690, 95765, 95822, 95824, 95843, 95855, 95878, 95937, 95982, 96101, 96164, 96239, 96242, 96246, 96262, 96351, 96415, 96430, 96431, 96436, 96437, 96459, 96463, 96500, 96506, 96512, 96601, 96616, 96732, 96746, 96778, 96831, 96890, 96913, 96921, 96963, 97016, 97018, 97026, 97135, 97163, 97201, 97208, 97354, 97404, 97434, 97444, 97478, 97491, 97494, 97541, 97542, 97553, 97589, 97595, 97602, 97608, 97637, 97654, 97658, 97675, 97683, 97726, 97865, 97872, 97904, 97922, 97930, 97953, 98023, 98024, 98067, 98085, 98150, 98162, 98216, 98229, 98326, 98340, 98348, 98456, 98463, 98506, 98511, 98512, 98536, 98541, 98571, 98621, 98635, 98643, 98712, 98735, 98759, 98776, 98926, 98962, 98983, 99104, 99107, 99165, 99193, 99230, 99239, 99242, 99332, 99432, 99449, 99452, 99455, 99466, 99468, 99477, 99499, 99500, 99539, 99561, 99570, 99575, 99690, 99718, 99755, 99882, 99883, 100021, 100024, 100033, 100138, 100143, 100182, 100254, 100258, 100267, 100271, 100354, 100358, 100408, 100412, 100418, 100424, 100425, 100461, 100478, 100548, 100593, 100620, 100625, 100715, 100734, 100794, 100795, 100813, 100821, 100907, 100962, 100990, 101037, 101052, 101066, 101103, 101167, 101220, 101228, 101229, 101276, 101308, 101318, 101323, 101324, 101326, 101346, 101365, 101370, 101371, 101424, 101437, 101457, 101461, 101523, 101556, 101557, 101579, 101611, 101625, 101671, 101682, 101798, 101813, 101845, 101942, 101953, 102038, 102043, 102117, 102118, 102282, 102338, 102345, 102364, 102365, 102525, 102550, 102582, 102617, 102618, 102725, 102748, 102750, 102752, 102855, 102877, 102912, 102928, 102950, 103021, 103029, 103031, 103053, 103058, 103098, 103169, 103171, 103173, 103179, 103195, 103208, 103213, 103264, 103326, 103328, 103429, 103437, 103456, 103461, 103558, 103571, 103629, 103674, 103749, 103750, 103796, 103824, 103853, 104000, 104040, 104047, 104107, 104108, 104155, 104194, 104241, 104262, 104287, 104312, 104322, 104328, 104365, 104391, 104398, 104417, 104422, 104431, 104449, 104450, 104468, 104602, 104682, 104803, 104842, 104897, 104942, 104976, 105017, 105035, 105050, 105196, 105277, 105318, 105439, 105444, 105467, 105496, 105609, 105651, 105680, 105688, 105707, 105780, 105785, 105798, 105827, 105835, 105840, 105912, 106164, 106202, 106223, 106224, 106232, 106339, 106353, 106355, 106387, 106400, 106414, 106523, 106637, 106644, 106710, 106721, 106780, 106846, 106851, 106869, 106870, 106882, 106949, 106952, 106974, 107032, 107034, 107037, 107104, 107124, 107141, 107161, 107162, 107166, 107195, 107236, 107324, 107340, 107352, 107466, 107601, 107633, 107636, 107646, 107656, 107658, 107701, 107702, 107703, 107724, 107770, 107771, 107773, 107791, 107807, 107883, 108126, 108175, 108178, 108207, 108211, 108248, 108288, 108294, 108376, 108406, 108409, 108446, 108500, 108537, 108539, 108545, 108547, 108548, 108653, 108754, 108769, 108780, 108874, 108918, 108946, 108950, 108958, 109009, 109036, 109037, 109053, 109056, 109103, 109109, 109111, 109153, 109162, 109192, 109204, 109270, 109286, 109378, 109432, 109510, 109515, 109516, 109544, 109546, 109593, 109600, 109672, 109678, 109695, 109748, 109781, 109785, 109830, 110006, 110015, 110043, 110211, 110212, 110238, 110249, 110259, 110325, 110341, 110358, 110363, 110370, 110413, 110423, 110455, 110481, 110486, 110487, 110520, 110541, 110577, 110588, 110618, 110620, 110634, 110635, 110650, 110670, 110679, 110682, 110711, 110715, 110740, 110741, 110747, 110756, 110773, 110796, 110797, 110940, 111385, 111396, 111407, 111412, 111417, 111557, 111563, 111580, 111600, 111616, 111617, 111622, 111630, 111641, 111655, 111832, 111884, 111887, 111908, 111913, 111932, 111968, 111970, 111984, 112070, 112075, 112082, 112085, 112091, 112097, 112157, 112158, 112273, 112299, 112343, 112363, 112384, 112410, 112423, 112491, 112509, 112529, 112609, 112613, 112615, 112631, 112632, 112634, 112635, 112717, 112850, 112886, 112972, 113008, 113138, 113172, 113245, 113253, 113298, 113308, 113335, 113401, 113434, 113446, 113483, 113622, 113665, 113686, 113774, 113874, 113903, 113905, 113916, 114018, 114098, 114125, 114128, 114134, 114160, 114190, 114249, 114377, 114379, 114380, 114433, 114471, 114473, 114532, 114535, 114537, 114622, 114631, 114645, 114715, 114749, 114751, 114758, 114762, 114789, 114808, 114814, 114819, 114850, 114854, 114959, 114971, 115004, 115020, 115065, 115084, 115086, 115124, 115137, 115142, 115214, 115218, 115221, 115231, 115281, 115348, 115361, 115421, 115433, 115491, 115501, 115510, 115518, 115552, 115556, 115666, 115701, 115786, 115961, 115966, 115980, 116004, 116054, 116126, 116128, 116135, 116146, 116180, 116194, 116210, 116216, 116230, 116231, 116284, 116478, 116514, 116519, 116666, 116742, 116784, 116869, 116881, 116893, 116894, 116895, 116915, 116949, 116957, 116978, 116980, 116988, 117006, 117012, 117019, 117097, 117163, 117174, 117291, 117297, 117298, 117379, 117422, 117446, 117472, 117473, 117493, 117615, 117690, 117774, 117775, 117780, 117814, 117831, 117832, 117953, 117971, 117994, 118004, 118025, 118030, 118039, 118079, 118136, 118142, 118143, 118146, 118170, 118182, 118280, 118306, 118312, 118326, 118328, 118396, 118403, 118420, 118425, 118487, 118494, 118510, 118513, 118561, 118568, 118743, 118912, 118940, 118943, 118950, 118982, 119007, 119031, 119032, 119042, 119047, 119083, 119089, 119094, 119097, 119135, 119146, 119150, 119164, 119180, 119181, 119185, 119197, 119198, 119215, 119216, 119217, 119253, 119270, 119286, 119326, 119364, 119416, 119421, 119457, 119462, 119518, 119523, 119569, 119591, 119665, 119667, 119683, 119702, 119739, 119757, 119779, 119790, 119792, 119847, 119906, 119958, 119960, 119973, 119978, 120021, 120029, 120034, 120050, 120051, 120055, 120094, 120149, 120156, 120177, 120199, 120205, 120254, 120257, 120292, 120321, 120437, 120558, 120559, 120678, 120689, 120748, 120773, 120779, 120792, 120798, 120805, 120810, 120840, 120859, 120947, 120959, 120961, 121003, 121031, 121076, 121118, 121151, 121205, 121461, 121550, 121571, 121582, 121611, 121630, 121653, 121694, 121758, 121768, 121839, 121864, 121898, 121916, 121940, 121948, 121959, 121968, 122030, 122032, 122041, 122105, 122148, 122160, 122188, 122191, 122201, 122308, 122347, 122364, 122369, 122394, 122431, 122495, 122497, 122518, 122546, 122551, 122556, 122561, 122596, 122598, 122637, 122712, 122722, 122729, 122741, 122753, 122805, 122813, 122815, 122817, 122864, 122873, 122895, 122899, 122902, 122914, 122928, 122958, 122961, 122993, 123034, 123145, 123153, 123203, 123233, 123241, 123347, 123437, 123477, 123487, 123503, 123529, 123541, 123609, 123633, 123634, 123696, 123757, 123762, 123788, 123790, 123799, 123800, 123835, 123876, 123880, 123911, 123955, 124038, 124092, 124094, 124126, 124143, 124277, 124306, 124323, 124638, 124653, 124669, 124687, 124689, 124746, 124793, 124875, 124913, 124924, 124926, 124934, 124956, 125006, 125044, 125063, 125089, 125102, 125119, 125166, 125184, 125190, 125226, 125267, 125269, 125281, 125302, 125318, 125319, 125462, 125524, 125609, 125612, 125664, 125679, 125745, 125774, 125789, 125793, 125913, 125928, 125944, 126043, 126100, 126159, 126164, 126199, 126246, 126258, 126261, 126291, 126294, 126298, 126488, 126716, 126737, 126758, 126760, 126770, 126780, 126860, 126933, 126965, 126986, 127016, 127035, 127058, 127096, 127112, 127113, 127141, 127169, 127200, 127225, 127274, 127275, 127281, 127291, 127292, 127302, 127393, 127456, 127606, 127642, 127659, 127664, 127680, 127688, 127744, 127746, 127748, 127752, 127792, 127794, 127816, 127828, 127838, 127969, 127974, 128011, 128012, 128024, 128035, 128146, 128183, 128214, 128250, 128262, 128297, 128312, 128313, 128401, 128403, 128743, 128776, 128806, 128839, 128858, 128893, 128895, 128934, 128937, 128957, 128974, 129001, 129044, 129116, 129132, 129140, 129147, 129193, 129313, 129359, 129553, 129600, 129637, 129807, 129819, 129847, 129883, 129910, 129948, 129980, 130006, 130018, 130091, 130103, 130134, 130153, 130154, 130158, 130234, 130288, 130322, 130327, 130328, 130416, 130510, 130568, 130601, 130682, 130834, 130836, 130837, 130919, 130921, 130929, 130933, 130942, 131012, 131013, 131056, 131123, 131209, 131217, 131222, 131266, 131279, 131329, 131342, 131352, 131371, 131391, 131396, 131398, 131471, 131492, 131544, 131589, 131594, 131647, 131651, 131713, 131741, 131835, 131850, 131980, 131987, 131988, 132282, 132284, 132286, 132312, 132364, 132390, 132525, 132535, 132594, 132615, 132617, 132633, 132691, 132706, 132728, 132766, 132783, 132801, 132803, 132804, 132842, 132871, 132921, 132925, 132927, 132933, 132954, 132970, 133023, 133029, 133066, 133098, 133114, 133117, 133202, 133212, 133257, 133276]"
c2_degree,WTSS,0.1,10%,0.2,20%,3581,14322,3289,2602,687,3822,3085,0.21540287669319927,False,311,13828,"[13, 124, 172, 333, 342, 349, 357, 424, 427, 497, 507, 543, 555, 568, 604, 623, 661, 749, 768, 773, 784, 811, 812, 813, 815, 839, 898, 1099, 1218, 1339, 1366, 1367, 1399, 1400, 1451, 1458, 1482, 1509, 1516, 1556, 1582, 1677, 1692, 1697, 1713, 1898, 1918, 1958, 1964, 2109, 2167, 2168, 2211, 2240, 2241, 2262, 2330, 2372, 2381, 2417, 2447, 2487, 2508, 2535, 2588, 2630, 2634, 2641, 2702, 2743, 2794, 2796, 2855, 2910, 2916, 2965, 2968, 2969, 3003, 3005, 3047, 3073, 3102, 3138, 3149, 3151, 3201, 3209, 3232, 3241, 3270, 3377, 3421, 3508, 3532, 3543, 3553, 3566, 3584, 3591, 3604, 3713, 3776, 3778, 3781, 3803, 3812, 3824, 3832, 3839, 3842, 3853, 3940, 4006, 4024, 4044, 4074, 4075, 4142, 4159, 4245, 4282, 4284, 4288, 4291, 4301, 4305, 4311, 4320, 4390, 4419, 4444, 4459, 4462, 4481, 4483, 4526, 4531, 4532, 4541, 4686, 4734, 4788, 4790, 4796, 4815, 4881, 4892, 4893, 4903, 4984, 4996, 5050, 5099, 5102, 5166, 5185, 5212, 5273, 5275, 5335, 5391, 5420, 5421, 5462, 5480, 5513, 5516, 5523, 5541, 5547, 5558, 5578, 5580, 5668, 5674, 5710, 5745, 5811, 5854, 5868, 5904, 5905, 5959, 6000, 6003, 6004, 6021, 6059, 6083, 6137, 6167, 6173, 6393, 6418, 6420, 6466, 6468, 6529, 6532, 6548, 6593, 6597, 6618, 6619, 6637, 6655, 6689, 6730, 6790, 6831, 6837, 6845, 6912, 6976, 6995, 6996, 7005, 7009, 7026, 7033, 7128, 7205, 7206, 7209, 7264, 7462, 7469, 7480, 7482, 7520, 7593, 7612, 7614, 7706, 7721, 7761, 7829, 7836, 7955, 7980, 7991, 8053, 8058, 8128, 8143, 8160, 8161, 8195, 8304, 8332, 8373, 8397, 8398, 8459, 8461, 8506, 8554, 8592, 8615, 8627, 8705, 8836, 8958, 8979, 9049, 9052, 9167, 9208, 9220, 9292, 9320, 9334, 9356, 9386, 9389, 9418, 9442, 9494, 9510, 9557, 9612, 9617, 9648, 9671, 9678, 9900, 9941, 9942, 9992, 9999, 10000, 10017, 10065, 10168, 10172, 10184, 10191, 10244, 10273, 10341, 10428, 10490, 10503, 10564, 10639, 10640, 10641, 10679, 10713, 10719, 10726, 10729, 10785, 10807, 10834, 10873, 10899, 10900, 11006, 11020, 11038, 11080, 11085, 11091, 11109, 11176, 11199, 11257, 11275, 11318, 11381, 11477, 11478, 11519, 11553, 11580, 11590, 11664, 11799, 11866, 11916, 11963, 12039, 12050, 12069, 12073, 12148, 12152, 12164, 12185, 12187, 12203, 12249, 12338, 12448, 12501, 12544, 12549, 12644, 12683, 12704, 12732, 12737, 12758, 12927, 12997, 13045, 13046, 13070, 13084, 13112, 13121, 13175, 13179, 13219, 13246, 13254, 13257, 13590, 13624, 13647, 13652, 13709, 13743, 13758, 13805, 13822, 13876, 13881, 13894, 13945, 13962, 13976, 14009, 14063, 14095, 14101, 14210, 14212, 14221, 14365, 14382, 14439, 14528, 14579, 14614, 14706, 14716, 14726, 14783, 14861, 14887, 14911, 15016, 15029, 15036, 15122, 15124, 15150, 15153, 15161, 15212, 15215, 15250, 15309, 15413, 15436, 15467, 15483, 15505, 15525, 15647, 15765, 15846, 15943, 16042, 16092, 16102, 16115, 16116, 16123, 16219, 16237, 16246, 16250, 16270, 16287, 16305, 16312, 16313, 16329, 16331, 16336, 16340, 16360, 16442, 16467, 16468, 16525, 16536, 16540, 16542, 16607, 16700, 16773, 16783, 16794, 16842, 16851, 16879, 16901, 16931, 16961, 16972, 16973, 17001, 17045, 17243, 17266, 17277, 17295, 17380, 17437, 17440, 17447, 17515, 17549, 17584, 17603, 17642, 17652, 17689, 17722, 17736, 17764, 17806, 17863, 17864, 17866, 17970, 17979, 17983, 18009, 18079, 18091, 18092, 18176, 18225, 18236, 18250, 18252, 18325, 18339, 18354, 18361, 18400, 18444, 18459, 18481, 18553, 18585, 18600, 18642, 18667, 18685, 18694, 18781, 18860, 18876, 18877, 18995, 19113, 19166, 19167, 19204, 19206, 19207, 19341, 19432, 19467, 19479, 19575, 19620, 19695, 19772, 19776, 19778, 19779, 19945, 19973, 19981, 20113, 20126, 20214, 20218, 20297, 20418, 20440, 20464, 20469, 20492, 20496, 20636, 20656, 20665, 20685, 20695, 20711, 20715, 20740, 20762, 20779, 20783, 20842, 20857, 20866, 20890, 20903, 21138, 21148, 21149, 21192, 21195, 21333, 21368, 21369, 21458, 21466, 21471, 21475, 21512, 21514, 21542, 21551, 21566, 21627, 21728, 21757, 21764, 21765, 21768, 21878, 22035, 22071, 22110, 22241, 22358, 22418, 22462, 22528, 22531, 22560, 22586, 22684, 22769, 22842, 22851, 23122, 23140, 23219, 23257, 23258, 23283, 23284, 23294, 23296, 23306, 23317, 23338, 23339, 23349, 23384, 23457, 23461, 23559, 23564, 23631, 23691, 23740, 23741, 23749, 23752, 23769, 23816, 23819, 23820, 23849, 23890, 24002, 24099, 24107, 24139, 24176, 24197, 24354, 24377, 24394, 24435, 24445, 24455, 24500, 24593, 24596, 24665, 24702, 24752, 24833, 24847, 24897, 24903, 25061, 25063, 25066, 25108, 25112, 25169, 25177, 25208, 25329, 25346, 25351, 25374, 25385, 25395, 25509, 25521, 25523, 25538, 25588, 25599, 25621, 25697, 25822, 25833, 25934, 25995, 26091, 26149, 26151, 26172, 26205, 26299, 26301, 26303, 26324, 26349, 26354, 26359, 26477, 26769, 26780, 26797, 26826, 26840, 26849, 26896, 26897, 26899, 26915, 26976, 26994, 27031, 27062, 27233, 27281, 27292, 27297, 27309, 27327, 27408, 27444, 27470, 27478, 27481, 27560, 27573, 27579, 27580, 27581, 27633, 27634, 27653, 27686, 27710, 27728, 27751, 27779, 27811, 27862, 27884, 27905, 27919, 27943, 28005, 28027, 28045, 28129, 28130, 28142, 28190, 28235, 28256, 28287, 28293, 28334, 28385, 28529, 28530, 28706, 28730, 28797, 28822, 28827, 28890, 28917, 28918, 28935, 28968, 29001, 29026, 29065, 29067, 29075, 29083, 29091, 29115, 29128, 29186, 29189, 29226, 29274, 29285, 29302, 29355, 29366, 29430, 29468, 29508, 29607, 29738, 29754, 29767, 29798, 29802, 29833, 29842, 29890, 29895, 29906, 29934, 29945, 29959, 29974, 30018, 30129, 30199, 30222, 30355, 30593, 30630, 30703, 30735, 30736, 30738, 30828, 30878, 30912, 30920, 30951, 30972, 31076, 31077, 31089, 31103, 31126, 31146, 31265, 31290, 31336, 31346, 31362, 31414, 31465, 31467, 31470, 31501, 31564, 31638, 31644, 31782, 31876, 31880, 31898, 32046, 32049, 32051, 32078, 32100, 32104, 32109, 32158, 32202, 32269, 32298, 32317, 32325, 32352, 32368, 32370, 32372, 32404, 32410, 32457, 32486, 32528, 32562, 32564, 32595, 32663, 32666, 32672, 32777, 33099, 33108, 33190, 33224, 33351, 33364, 33430, 33509, 33636, 33643, 33658, 33659, 33692, 33709, 33763, 33797, 33851, 33883, 33886, 33932, 34018, 34110, 34200, 34218, 34265, 34270, 34387, 34417, 34454, 34459, 34478, 34537, 34539, 34608, 34727, 34864, 34868, 34869, 34880, 34908, 34922, 34928, 35029, 35111, 35141, 35154, 35159, 35299, 35317, 35363, 35375, 35377, 35381, 35449, 35552, 35598, 35599, 35637, 35656, 35729, 35777, 35930, 35955, 35961, 36026, 36066, 36089, 36183, 36372, 36373, 36442, 36455, 36562, 36566, 36572, 36604, 36608, 36611, 36657, 36688, 36758, 36759, 36907, 36973, 36974, 36975, 37040, 37046, 37088, 37097, 37141, 37179, 37254, 37315, 37519, 37526, 37540, 37653, 37747, 37786, 37832, 37858, 37861, 37865, 37943, 38196, 38227, 38300, 38343, 38351, 38378, 38584, 38675, 38685, 38694, 38810, 38820, 38887, 38977, 38980, 38985, 39050, 39108, 39111, 39121, 39160, 39172, 39186, 39190, 39218, 39239, 39244, 39258, 39365, 39367, 39371, 39372, 39378, 39385, 39436, 39437, 39460, 39478, 39522, 39527, 39579, 39582, 39741, 39743, 39746, 39789, 39790, 39794, 39856, 39903, 39949, 39951, 39955, 39969, 39978, 40012, 40108, 40181, 40270, 40339, 40353, 40419, 40425, 40440, 40495, 40509, 40607, 40618, 40720, 40729, 40739, 40750, 40768, 40781, 40784, 40797, 40839, 41002, 41133, 41169, 41170, 41199, 41304, 41353, 41357, 41419, 41434, 41476, 41477, 41478, 41574, 41611, 41668, 41676, 41798, 41875, 41884, 41919, 42068, 42071, 42149, 42172, 42201, 42202, 42205, 42224, 42228, 42294, 42299, 42300, 42349, 42355, 42402, 42430, 42453, 42472, 42487, 42501, 42552, 42585, 42636, 42637, 42639, 42685, 42719, 42754, 42791, 42793, 42808, 42809, 42843, 42883, 42920, 42923, 43009, 43015, 43031, 43052, 43066, 43098, 43130, 43279, 43287, 43312, 43369, 43371, 43405, 43411, 43449, 43451, 43457, 43469, 43601, 43613, 43652, 43708, 43713, 43731, 43742, 43779, 43875, 43891, 44021, 44070, 44079, 44087, 44091, 44127, 44135, 44237, 44256, 44329, 44340, 44343, 44434, 44501, 44520, 44612, 44623, 44631, 44678, 44948, 45034, 45054, 45055, 45163, 45183, 45208, 45272, 45320, 45421, 45531, 45533, 45554, 45595, 45617, 45640, 45653, 45654, 45678, 45694, 45791, 45982, 46031, 46081, 46108, 46109, 46119, 46146, 46153, 46160, 46229, 46263, 46294, 46342, 46344, 46354, 46360, 46373, 46415, 46449, 46451, 46532, 46556, 46559, 46600, 46685, 46698, 46738, 46783, 46784, 46963, 46964, 46985, 47005, 47029, 47046, 47052, 47056, 47098, 47247, 47271, 47311, 47331, 47371, 47403, 47424, 47442, 47504, 47643, 47669, 47670, 47679, 47722, 47731, 47772, 47828, 47829, 47831, 47865, 47882, 47911, 47999, 48014, 48043, 48198, 48227, 48255, 48301, 48350, 48352, 48358, 48436, 48442, 48444, 48466, 48498, 48537, 48542, 48642, 48660, 48793, 48869, 48878, 48956, 49019, 49033, 49034, 49163, 49197, 49242, 49251, 49321, 49387, 49422, 49486, 49495, 49541, 49669, 49737, 49740, 49741, 49742, 49747, 49770, 49807, 49934, 49939, 49991, 49997, 50102, 50122, 50124, 50125, 50181, 50183, 50220, 50247, 50280, 50319, 50399, 50448, 50449, 50475, 50515, 50544, 50691, 50815, 50938, 50946, 51016, 51027, 51066, 51090, 51124, 51137, 51145, 51206, 51211, 51236, 51257, 51265, 51318, 51363, 51377, 51459, 51494, 51517, 51554, 51697, 51699, 51709, 51751, 51769, 51778, 51977, 52041, 52046, 52068, 52100, 52143, 52177, 52228, 52252, 52314, 52321, 52351, 52480, 52482, 52495, 52497, 52547, 52603, 52735, 52770, 52786, 52909, 52949, 52971, 52978, 53034, 53058, 53084, 53214, 53280, 53360, 53404, 53486, 53488, 53530, 53531, 53534, 53588, 53594, 53599, 53617, 53681, 53710, 53795, 53911, 53913, 53916, 53942, 53956, 54003, 54012, 54014, 54018, 54029, 54099, 54102, 54140, 54183, 54196, 54262, 54414, 54424, 54450, 54460, 54461, 54541, 54545, 54548, 54575, 54582, 54599, 54608, 54614, 54771, 54860, 54885, 54952, 55000, 55040, 55052, 55058, 55155, 55169, 55198, 55200, 55247, 55328, 55383, 55384, 55407, 55462, 55494, 55495, 55506, 55507, 55519, 55603, 55644, 55714, 55723, 55850, 55852, 55859, 55903, 55960, 55961, 56002, 56051, 56058, 56125, 56170, 56174, 56187, 56194, 56215, 56217, 56221, 56223, 56237, 56310, 56387, 56559, 56589, 56608, 56614, 56669, 56774, 56829, 56840, 56920, 56945, 56985, 57006, 57035, 57150, 57163, 57276, 57368, 57372, 57446, 57461, 57463, 57495, 57537, 57644, 57647, 57660, 57943, 57953, 58014, 58060, 58080, 58138, 58157, 58166, 58169, 58170, 58191, 58199, 58217, 58278, 58365, 58458, 58484, 58594, 58646, 58656, 58707, 58831, 58920, 58935, 58950, 58955, 59053, 59111, 59112, 59151, 59183, 59189, 59200, 59217, 59278, 59334, 59367, 59376, 59432, 59444, 59465, 59489, 59506, 59532, 59594, 59672, 59716, 59802, 59810, 59822, 60056, 60075, 60078, 60115, 60116, 60164, 60219, 60220, 60271, 60288, 60309, 60337, 60390, 60425, 60499, 60612, 60642, 60651, 60676, 60690, 60692, 60696, 60699, 60717, 60723, 60808, 60809, 60812, 60824, 60979, 60980, 61195, 61290, 61311, 61343, 61345, 61359, 61384, 61395, 61472, 61581, 61593, 61597, 61750, 61805, 61807, 61829, 61859, 61892, 61898, 62002, 62018, 62020, 62049, 62063, 62102, 62179, 62199, 62201, 62238, 62282, 62299, 62398, 62419, 62431, 62485, 62486, 62540, 62562, 62610, 62650, 62653, 62680, 62695, 62700, 62832, 62850, 62859, 62873, 62940, 62967, 63015, 63057, 63072, 63121, 63140, 63172, 63173, 63176, 63243, 63287, 63304, 63310, 63311, 63375, 63401, 63422, 63488, 63505, 63621, 63625, 63665, 63671, 63709, 63711, 63715, 63719, 63813, 63814, 63924, 63946, 63970, 64068, 64079, 64081, 64136, 64156, 64159, 64173, 64186, 64282, 64294, 64295, 64353, 64357, 64374, 64460, 64483, 64592, 64601, 64627, 64630, 64649, 64665, 64669, 64680, 64694, 64743, 64789, 64837, 64838, 64859, 64940, 64944, 64946, 64973, 65114, 65116, 65164, 65213, 65253, 65461, 65497, 65499, 65534, 65567, 65595, 65610, 65642, 65643, 65723, 65751, 65977, 66033, 66039, 66100, 66200, 66205, 66241, 66245, 66311, 66351, 66456, 66511, 66514, 66525, 66538, 66555, 66602, 66633, 66683, 66725, 66727, 66733, 66740, 66766, 66767, 66769, 66880, 67032, 67090, 67127, 67141, 67157, 67158, 67242, 67244, 67299, 67337, 67344, 67585, 67587, 67662, 67671, 67692, 67716, 67723, 67731, 67759, 67778, 67779, 67791, 67846, 67862, 67864, 67894, 67985, 67988, 68018, 68044, 68077, 68162, 68213, 68242, 68252, 68409, 68446, 68455, 68673, 68674, 68724, 68739, 68748, 68752, 68758, 68880, 68923, 68952, 68969, 69047, 69057, 69109, 69111, 69169, 69187, 69191, 69226, 69228, 69258, 69303, 69407, 69412, 69428, 69433, 69512, 69525, 69595, 69601, 69604, 69643, 69661, 69697, 69702, 69726, 69844, 69877, 69937, 69970, 70025, 70029, 70074, 70112, 70151, 70163, 70193, 70226, 70227, 70236, 70278, 70290, 70336, 70339, 70366, 70413, 70424, 70453, 70457, 70459, 70479, 70524, 70562, 70618, 70652, 70669, 70781, 70799, 70830, 70916, 70918, 70950, 71007, 71084, 71159, 71163, 71226, 71240, 71244, 71245, 71301, 71329, 71390, 71440, 71482, 71507, 71552, 71650, 71711, 71718, 71727, 71738, 71745, 71776, 71856, 71982, 71989, 72049, 72081, 72114, 72157, 72201, 72231, 72278, 72370, 72380, 72434, 72616, 72642, 72650, 72738, 72747, 72795, 72813, 72815, 72818, 72857, 72889, 72941, 72959, 72960, 73006, 73044, 73064, 73081, 73134, 73135, 73205, 73216, 73242, 73248, 73299, 73308, 73309, 73319, 73393, 73420, 73441, 73489, 73553, 73603, 73617, 73703, 73747, 73797, 73904, 73905, 73956, 74016, 74024, 74064, 74065, 74066, 74095, 74193, 74279, 74283, 74303, 74340, 74359, 74444, 74570, 74572, 74591, 74612, 74659, 74707, 74834, 74906, 74919, 74934, 74939, 74972, 74989, 75037, 75047, 75049, 75055, 75098, 75117, 75132, 75145, 75280, 75626, 75665, 75690, 75786, 75794, 75852, 75857, 75911, 76075, 76078, 76215, 76323, 76328, 76427, 76467, 76531, 76533, 76594, 76618, 76624, 76643, 76672, 76706, 76707, 76751, 76784, 76832, 76862, 76892, 76929, 76930, 76948, 76959, 76961, 76970, 77035, 77048, 77130, 77179, 77208, 77245, 77252, 77253, 77283, 77292, 77322, 77370, 77388, 77415, 77425, 77436, 77460, 77505, 77560, 77757, 77819, 77822, 77830, 77915, 77985, 78008, 78091, 78179, 78242, 78361, 78425, 78469, 78470, 78476, 78550, 78553, 78575, 78579, 78590, 78600, 78627, 78672, 78699, 78705, 78765, 78777, 78779, 78781, 78810, 78900, 79035, 79052, 79055, 79108, 79109, 79156, 79171, 79238, 79239, 79337, 79372, 79379, 79393, 79398, 79412, 79463, 79570, 79613, 79656, 79722, 79747, 79756, 79771, 79974, 80002, 80011, 80089, 80093, 80095, 80119, 80120, 80186, 80193, 80213, 80373, 80374, 80394, 80400, 80433, 80440, 80442, 80479, 80534, 80576, 80600, 80602, 80692, 80742, 80745, 80763, 80764, 80804, 80872, 81031, 81175, 81198, 81221, 81251, 81353, 81355, 81357, 81418, 81454, 81455, 81463, 81491, 81496, 81530, 81557, 81567, 81615, 81625, 81712, 81804, 81826, 81908, 81925, 81970, 82115, 82160, 82168, 82184, 82195, 82197, 82243, 82286, 82365, 82475, 82485, 82535, 82559, 82561, 82618, 82623, 82643, 82749, 82767, 82798, 82837, 82947, 82985, 83004, 83005, 83057, 83089, 83091, 83161, 83257, 83319, 83362, 83375, 83393, 83424, 83453, 83474, 83488, 83518, 83519, 83567, 83572, 83663, 83686, 83696, 83720, 83723, 83775, 83797, 83799, 83848, 83943, 83993, 84008, 84014, 84039, 84052, 84056, 84135, 84150, 84156, 84164, 84259, 84325, 84456, 84459, 84463, 84482, 84506, 84507, 84513, 84629, 84640, 84643, 84657, 84662, 84737, 84804, 84815, 84933, 85009, 85037, 85040, 85079, 85090, 85107, 85108, 85113, 85193, 85296, 85363, 85399, 85455, 85476, 85481, 85607, 85744, 85755, 85765, 85832, 85836, 85838, 85883, 85934, 85942, 85973, 85993, 86016, 86018, 86029, 86037, 86096, 86312, 86314, 86316, 86334, 86368, 86514, 86528, 86546, 86614, 86656, 86697, 86738, 86746, 86788, 86789, 86824, 86892, 86951, 86959, 86963, 86986, 87066, 87079, 87165, 87187, 87264, 87294, 87376, 87419, 87422, 87427, 87497, 87500, 87506, 87507, 87524, 87525, 87591, 87637, 87657, 87685, 87936, 87944, 88017, 88032, 88042, 88074, 88076, 88155, 88201, 88220, 88224, 88320, 88348, 88361, 88379, 88419, 88481, 88485, 88491, 88496, 88563, 88583, 88657, 88664, 88708, 88847, 88903, 88917, 88950, 88953, 88982, 88987, 89020, 89092, 89110, 89113, 89162, 89170, 89194, 89249, 89323, 89427, 89483, 89549, 89603, 89619, 89652, 89732, 89745, 89746, 89820, 89838, 89857, 89928, 89929, 90068, 90113, 90127, 90128, 90152, 90186, 90216, 90253, 90269, 90272, 90275, 90408, 90416, 90437, 90453, 90466, 90506, 90536, 90594, 90625, 90650, 90800, 90805, 90839, 90850, 90853, 90881, 90901, 90902, 90908, 90909, 90919, 90975, 90981, 91005, 91008, 91027, 91130, 91153, 91169, 91196, 91215, 91227, 91253, 91287, 91312, 91318, 91453, 91459, 91481, 91485, 91523, 91612, 91646, 91648, 91657, 91668, 91672, 91685, 91686, 91796, 91812, 91923, 91970, 92001, 92007, 92012, 92016, 92075, 92128, 92132, 92150, 92152, 92276, 92447, 92452, 92472, 92477, 92480, 92504, 92513, 92537, 92538, 92555, 92559, 92790, 92818, 92876, 92927, 92933, 92960, 92975, 92998, 93012, 93033, 93112, 93119, 93157, 93174, 93275, 93310, 93312, 93329, 93364, 93404, 93426, 93505, 93518, 93520, 93530, 93532, 93554, 93561, 93583, 93588, 93608, 93626, 93801, 93819, 93824, 93837, 93886, 93889, 93987, 93988, 94140, 94144, 94235, 94250, 94260, 94269, 94360, 94364, 94376, 94397, 94410, 94435, 94490, 94517, 94530, 94531, 94639, 94680, 94751, 94806, 94855, 94864, 94866, 94926, 94946, 94967, 94979, 95038, 95045, 95179, 95198, 95213, 95242, 95291, 95533, 95564, 95569, 95610, 95611, 95649, 95690, 95765, 95822, 95824, 95843, 95855, 95878, 95937, 95982, 96101, 96164, 96239, 96242, 96246, 96262, 96351, 96415, 96430, 96431, 96436, 96437, 96459, 96463, 96500, 96506, 96512, 96601, 96616, 96732, 96746, 96778, 96831, 96890, 96913, 96921, 96963, 97016, 97018, 97026, 97135, 97163, 97201, 97208, 97354, 97404, 97434, 97444, 97478, 97491, 97494, 97541, 97542, 97553, 97589, 97595, 97602, 97608, 97637, 97654, 97658, 97675, 97683, 97726, 97865, 97872, 97904, 97922, 97930, 97953, 98023, 98024, 98067, 98085, 98150, 98162, 98216, 98229, 98326, 98340, 98348, 98456, 98463, 98506, 98511, 98512, 98536, 98541, 98571, 98621, 98635, 98643, 98712, 98735, 98759, 98776, 98926, 98962, 98983, 99104, 99107, 99165, 99193, 99230, 99239, 99242, 99332, 99432, 99449, 99452, 99455, 99466, 99468, 99477, 99499, 99500, 99539, 99561, 99570, 99575, 99690, 99718, 99755, 99882, 99883, 100021, 100024, 100033, 100138, 100143, 100182, 100254, 100258, 100267, 100271, 100354, 100358, 100408, 100412, 100418, 100424, 100425, 100461, 100478, 100548, 100593, 100620, 100625, 100715, 100734, 100794, 100795, 100813, 100821, 100907, 100962, 100990, 101037, 101052, 101066, 101103, 101167, 101220, 101228, 101229, 101276, 101308, 101318, 101323, 101324, 101326, 101346, 101365, 101370, 101371, 101424, 101437, 101457, 101461, 101523, 101556, 101557, 101579, 101611, 101625, 101671, 101682, 101798, 101813, 101845, 101942, 101953, 102038, 102043, 102117, 102118, 102282, 102338, 102345, 102364, 102365, 102525, 102550, 102582, 102617, 102618, 102725, 102748, 102750, 102752, 102855, 102877, 102912, 102928, 102950, 103021, 103029, 103031, 103053, 103058, 103098, 103169, 103171, 103173, 103179, 103195, 103208, 103213, 103264, 103326, 103328, 103429, 103437, 103456, 103461, 103558, 103571, 103629, 103674, 103749, 103750, 103796, 103824, 103853, 104000, 104040, 104047, 104107, 104108, 104155, 104194, 104241, 104262, 104287, 104312, 104322, 104328, 104365, 104391, 104398, 104417, 104422, 104431, 104449, 104450, 104468, 104602, 104682, 104803, 104842, 104897, 104942, 104976, 105017, 105035, 105050, 105196, 105277, 105318, 105439, 105444, 105467, 105496, 105609, 105651, 105680, 105688, 105707, 105780, 105785, 105798, 105827, 105835, 105840, 105912, 106164, 106202, 106223, 106224, 106232, 106339, 106353, 106355, 106387, 106400, 106414, 106523, 106637, 106644, 106710, 106721, 106780, 106846, 106851, 106869, 106870, 106882, 106949, 106952, 106974, 107032, 107034, 107037, 107104, 107124, 107141, 107161, 107162, 107166, 107195, 107236, 107324, 107340, 107352, 107466, 107601, 107633, 107636, 107646, 107656, 107658, 107701, 107702, 107703, 107724, 107770, 107771, 107773, 107791, 107807, 107883, 108126, 108175, 108178, 108207, 108211, 108248, 108288, 108294, 108376, 108406, 108409, 108446, 108500, 108537, 108539, 108545, 108547, 108548, 108653, 108754, 108769, 108780, 108874, 108918, 108946, 108950, 108958, 109009, 109036, 109037, 109053, 109056, 109103, 109109, 109111, 109153, 109162, 109192, 109204, 109270, 109286, 109378, 109432, 109510, 109515, 109516, 109544, 109546, 109593, 109600, 109672, 109678, 109695, 109748, 109781, 109785, 109830, 110006, 110015, 110043, 110211, 110212, 110238, 110249, 110259, 110325, 110341, 110358, 110363, 110370, 110413, 110423, 110455, 110481, 110486, 110487, 110520, 110541, 110577, 110588, 110618, 110620, 110634, 110635, 110650, 110670, 110679, 110682, 110711, 110715, 110740, 110741, 110747, 110756, 110773, 110796, 110797, 110940, 111385, 111396, 111407, 111412, 111417, 111557, 111563, 111580, 111600, 111616, 111617, 111622, 111630, 111641, 111655, 111832, 111884, 111887, 111908, 111913, 111932, 111968, 111970, 111984, 112070, 112075, 112082, 112085, 112091, 112097, 112157, 112158, 112273, 112299, 112343, 112363, 112384, 112410, 112423, 112491, 112509, 112529, 112609, 112613, 112615, 112631, 112632, 112634, 112635, 112717, 112850, 112886, 112972, 113008, 113138, 113172, 113245, 113253, 113298, 113308, 113335, 113401, 113434, 113446, 113483, 113622, 113665, 113686, 113774, 113874, 113903, 113905, 113916, 114018, 114098, 114125, 114128, 114134, 114160, 114190, 114249, 114377, 114379, 114380, 114433, 114471, 114473, 114532, 114535, 114537, 114622, 114631, 114645, 114715, 114749, 114751, 114758, 114762, 114789, 114808, 114814, 114819, 114850, 114854, 114959, 114971, 115004, 115020, 115065, 115084, 115086, 115124, 115137, 115142, 115214, 115218, 115221, 115231, 115281, 115348, 115361, 115421, 115433, 115491, 115501, 115510, 115518, 115552, 115556, 115666, 115701, 115786, 115961, 115966, 115980, 116004, 116054, 116126, 116128, 116135, 116146, 116180, 116194, 116210, 116216, 116230, 116231, 116284, 116478, 116514, 116519, 116666, 116742, 116784, 116869, 116881, 116893, 116894, 116895, 116915, 116949, 116957, 116978, 116980, 116988, 117006, 117012, 117019, 117097, 117163, 117174, 117291, 117297, 117298, 117379, 117422, 117446, 117472, 117473, 117493, 117615, 117690, 117774, 117775, 117780, 117814, 117831, 117832, 117953, 117971, 117994, 118004, 118025, 118030, 118039, 118079, 118136, 118142, 118143, 118146, 118170, 118182, 118280, 118306, 118312, 118326, 118328, 118396, 118403, 118420, 118425, 118487, 118494, 118510, 118513, 118561, 118568, 118743, 118912, 118940, 118943, 118950, 118982, 119007, 119031, 119032, 119042, 119047, 119083, 119089, 119094, 119097, 119135, 119146, 119150, 119164, 119180, 119181, 119185, 119197, 119198, 119215, 119216, 119217, 119253, 119270, 119286, 119326, 119364, 119416, 119421, 119457, 119462, 119518, 119523, 119569, 119591, 119665, 119667, 119683, 119702, 119739, 119757, 119779, 119790, 119792, 119847, 119906, 119958, 119960, 119973, 119978, 120021, 120029, 120034, 120050, 120051, 120055, 120094, 120149, 120156, 120177, 120199, 120205, 120254, 120257, 120292, 120321, 120437, 120558, 120559, 120678, 120689, 120748, 120773, 120779, 120792, 120798, 120805, 120810, 120840, 120859, 120947, 120959, 120961, 121003, 121031, 121076, 121118, 121151, 121205, 121461, 121550, 121571, 121582, 121611, 121630, 121653, 121694, 121758, 121768, 121839, 121864, 121898, 121916, 121940, 121948, 121959, 121968, 122030, 122032, 122041, 122105, 122148, 122160, 122188, 122191, 122201, 122308, 122347, 122364, 122369, 122394, 122431, 122495, 122497, 122518, 122546, 122551, 122556, 122561, 122596, 122598, 122637, 122712, 122722, 122729, 122741, 122753, 122805, 122813, 122815, 122817, 122864, 122873, 122895, 122899, 122902, 122914, 122928, 122958, 122961, 122993, 123034, 123145, 123153, 123203, 123233, 123241, 123347, 123437, 123477, 123487, 123503, 123529, 123541, 123609, 123633, 123634, 123696, 123757, 123762, 123788, 123790, 123799, 123800, 123835, 123876, 123880, 123911, 123955, 124038, 124092, 124094, 124126, 124143, 124277, 124306, 124323, 124638, 124653, 124669, 124687, 124689, 124746, 124793, 124875, 124913, 124924, 124926, 124934, 124956, 125006, 125044, 125063, 125089, 125102, 125119, 125166, 125184, 125190, 125226, 125267, 125269, 125281, 125302, 125318, 125319, 125462, 125524, 125609, 125612, 125664, 125679, 125745, 125774, 125789, 125793, 125913, 125928, 125944, 126043, 126100, 126159, 126164, 126199, 126246, 126258, 126261, 126291, 126294, 126298, 126488, 126716, 126737, 126758, 126760, 126770, 126780, 126860, 126933, 126965, 126986, 127016, 127035, 127058, 127096, 127112, 127113, 127141, 127169, 127200, 127225, 127274, 127275, 127281, 127291, 127292, 127302, 127393, 127456, 127606, 127642, 127659, 127664, 127680, 127688, 127744, 127746, 127748, 127752, 127792, 127794, 127816, 127828, 127838, 127969, 127974, 128011, 128012, 128024, 128035, 128146, 128183, 128214, 128250, 128262, 128297, 128312, 128313, 128401, 128403, 128743, 128776, 128806, 128839, 128858, 128893, 128895, 128934, 128937, 128957, 128974, 129001, 129044, 129116, 129132, 129140, 129147, 129193, 129313, 129359, 129553, 129600, 129637, 129807, 129819, 129847, 129883, 129910, 129948, 129980, 130006, 130018, 130091, 130103, 130134, 130153, 130154, 130158, 130234, 130288, 130322, 130327, 130328, 130416, 130510, 130568, 130601, 130682, 130834, 130836, 130837, 130919, 130921, 130929, 130933, 130942, 131012, 131013, 131056, 131123, 131209, 131217, 131222, 131266, 131279, 131329, 131342, 131352, 131371, 131391, 131396, 131398, 131471, 131492, 131544, 131589, 131594, 131647, 131651, 131713, 131741, 131835, 131850, 131980, 131987, 131988, 132282, 132284, 132286, 132312, 132364, 132390, 132525, 132535, 132594, 132615, 132617, 132633, 132691, 132706, 132728, 132766, 132783, 132801, 132803, 132804, 132842, 132871, 132921, 132925, 132927, 132933, 132954, 132970, 133023, 133029, 133066, 133098, 133114, 133117, 133202, 133212, 133257, 133276]"
c2_degree,My-Seeds,0.1,10%,0.2,20%,3581,14322,4236,3437,799,4511,3713,0.25925150118698503,False,311,13828,"[13, 124, 172, 333, 342, 349, 357, 424, 427, 497, 507, 543, 555, 568, 604, 623, 661, 749, 768, 773, 784, 811, 812, 813, 815, 839, 898, 1099, 1218, 1339, 1366, 1367, 1399, 1400, 1451, 1458, 1482, 1509, 1516, 1556, 1582, 1677, 1692, 1697, 1713, 1898, 1918, 1958, 1964, 2109, 2167, 2168, 2211, 2240, 2241, 2262, 2330, 2372, 2381, 2417, 2447, 2487, 2508, 2535, 2588, 2630, 2634, 2641, 2702, 2743, 2794, 2796, 2855, 2910, 2916, 2965, 2968, 2969, 3003, 3005, 3047, 3073, 3102, 3138, 3149, 3151, 3201, 3209, 3232, 3241, 3270, 3377, 3421, 3508, 3532, 3543, 3553, 3566, 3584, 3591, 3604, 3713, 3776, 3778, 3781, 3803, 3812, 3824, 3832, 3839, 3842, 3853, 3940, 4006, 4024, 4044, 4074, 4075, 4142, 4159, 4245, 4282, 4284, 4288, 4291, 4301, 4305, 4311, 4320, 4390, 4419, 4444, 4459, 4462, 4481, 4483, 4526, 4531, 4532, 4541, 4686, 4734, 4788, 4790, 4796, 4815, 4881, 4892, 4893, 4903, 4984, 4996, 5050, 5099, 5102, 5166, 5185, 5212, 5273, 5275, 5335, 5391, 5420, 5421, 5462, 5480, 5513, 5516, 5523, 5541, 5547, 5558, 5578, 5580, 5668, 5674, 5710, 5745, 5811, 5854, 5868, 5904, 5905, 5959, 6000, 6003, 6004, 6021, 6059, 6083, 6137, 6167, 6173, 6393, 6418, 6420, 6466, 6468, 6529, 6532, 6548, 6593, 6597, 6618, 6619, 6637, 6655, 6689, 6730, 6790, 6831, 6837, 6845, 6912, 6976, 6995, 6996, 7005, 7009, 7026, 7033, 7128, 7205, 7206, 7209, 7264, 7462, 7469, 7480, 7482, 7520, 7593, 7612, 7614, 7706, 7721, 7761, 7829, 7836, 7955, 7980, 7991, 8053, 8058, 8128, 8143, 8160, 8161, 8195, 8304, 8332, 8373, 8397, 8398, 8459, 8461, 8506, 8554, 8592, 8615, 8627, 8705, 8836, 8958, 8979, 9049, 9052, 9167, 9208, 9220, 9292, 9320, 9334, 9356, 9386, 9389, 9418, 9442, 9494, 9510, 9557, 9612, 9617, 9648, 9671, 9678, 9900, 9941, 9942, 9992, 9999, 10000, 10017, 10065, 10168, 10172, 10184, 10191, 10244, 10273, 10341, 10428, 10490, 10503, 10564, 10639, 10640, 10641, 10679, 10713, 10719, 10726, 10729, 10785, 10807, 10834, 10873, 10899, 10900, 11006, 11020, 11038, 11080, 11085, 11091, 11109, 11176, 11199, 11257, 11275, 11318, 11381, 11477, 11478, 11519, 11553, 11580, 11590, 11664, 11799, 11866, 11916, 11963, 12039, 12050, 12069, 12073, 12148, 12152, 12164, 12185, 12187, 12203, 12249, 12338, 12448, 12501, 12544, 12549, 12644, 12683, 12704, 12732, 12737, 12758, 12927, 12997, 13045, 13046, 13070, 13084, 13112, 13121, 13175, 13179, 13219, 13246, 13254, 13257, 13590, 13624, 13647, 13652, 13709, 13743, 13758, 13805, 13822, 13876, 13881, 13894, 13945, 13962, 13976, 14009, 14063, 14095, 14101, 14210, 14212, 14221, 14365, 14382, 14439, 14528, 14579, 14614, 14706, 14716, 14726, 14783, 14861, 14887, 14911, 15016, 15029, 15036, 15122, 15124, 15150, 15153, 15161, 15212, 15215, 15250, 15309, 15413, 15436, 15467, 15483, 15505, 15525, 15647, 15765, 15846, 15943, 16042, 16092, 16102, 16115, 16116, 16123, 16219, 16237, 16246, 16250, 16270, 16287, 16305, 16312, 16313, 16329, 16331, 16336, 16340, 16360, 16442, 16467, 16468, 16525, 16536, 16540, 16542, 16607, 16700, 16773, 16783, 16794, 16842, 16851, 16879, 16901, 16931, 16961, 16972, 16973, 17001, 17045, 17243, 17266, 17277, 17295, 17380, 17437, 17440, 17447, 17515, 17549, 17584, 17603, 17642, 17652, 17689, 17722, 17736, 17764, 17806, 17863, 17864, 17866, 17970, 17979, 17983, 18009, 18079, 18091, 18092, 18176, 18225, 18236, 18250, 18252, 18325, 18339, 18354, 18361, 18400, 18444, 18459, 18481, 18553, 18585, 18600, 18642, 18667, 18685, 18694, 18781, 18860, 18876, 18877, 18995, 19113, 19166, 19167, 19204, 19206, 19207, 19341, 19432, 19467, 19479, 19575, 19620, 19695, 19772, 19776, 19778, 19779, 19945, 19973, 19981, 20113, 20126, 20214, 20218, 20297, 20418, 20440, 20464, 20469, 20492, 20496, 20636, 20656, 20665, 20685, 20695, 20711, 20715, 20740, 20762, 20779, 20783, 20842, 20857, 20866, 20890, 20903, 21138, 21148, 21149, 21192, 21195, 21333, 21368, 21369, 21458, 21466, 21471, 21475, 21512, 21514, 21542, 21551, 21566, 21627, 21728, 21757, 21764, 21765, 21768, 21878, 22035, 22071, 22110, 22241, 22358, 22418, 22462, 22528, 22531, 22560, 22586, 22684, 22769, 22842, 22851, 23122, 23140, 23219, 23257, 23258, 23283, 23284, 23294, 23296, 23306, 23317, 23338, 23339, 23349, 23384, 23457, 23461, 23559, 23564, 23631, 23691, 23740, 23741, 23749, 23752, 23769, 23816, 23819, 23820, 23849, 23890, 24002, 24099, 24107, 24139, 24176, 24197, 24354, 24377, 24394, 24435, 24445, 24455, 24500, 24593, 24596, 24665, 24702, 24752, 24833, 24847, 24897, 24903, 25061, 25063, 25066, 25108, 25112, 25169, 25177, 25208, 25329, 25346, 25351, 25374, 25385, 25395, 25509, 25521, 25523, 25538, 25588, 25599, 25621, 25697, 25822, 25833, 25934, 25995, 26091, 26149, 26151, 26172, 26205, 26299, 26301, 26303, 26324, 26349, 26354, 26359, 26477, 26769, 26780, 26797, 26826, 26840, 26849, 26896, 26897, 26899, 26915, 26976, 26994, 27031, 27062, 27233, 27281, 27292, 27297, 27309, 27327, 27408, 27444, 27470, 27478, 27481, 27560, 27573, 27579, 27580, 27581, 27633, 27634, 27653, 27686, 27710, 27728, 27751, 27779, 27811, 27862, 27884, 27905, 27919, 27943, 28005, 28027, 28045, 28129, 28130, 28142, 28190, 28235, 28256, 28287, 28293, 28334, 28385, 28529, 28530, 28706, 28730, 28797, 28822, 28827, 28890, 28917, 28918, 28935, 28968, 29001, 29026, 29065, 29067, 29075, 29083, 29091, 29115, 29128, 29186, 29189, 29226, 29274, 29285, 29302, 29355, 29366, 29430, 29468, 29508, 29607, 29738, 29754, 29767, 29798, 29802, 29833, 29842, 29890, 29895, 29906, 29934, 29945, 29959, 29974, 30018, 30129, 30199, 30222, 30355, 30593, 30630, 30703, 30735, 30736, 30738, 30828, 30878, 30912, 30920, 30951, 30972, 31076, 31077, 31089, 31103, 31126, 31146, 31265, 31290, 31336, 31346, 31362, 31414, 31465, 31467, 31470, 31501, 31564, 31638, 31644, 31782, 31876, 31880, 31898, 32046, 32049, 32051, 32078, 32100, 32104, 32109, 32158, 32202, 32269, 32298, 32317, 32325, 32352, 32368, 32370, 32372, 32404, 32410, 32457, 32486, 32528, 32562, 32564, 32595, 32663, 32666, 32672, 32777, 33099, 33108, 33190, 33224, 33351, 33364, 33430, 33509, 33636, 33643, 33658, 33659, 33692, 33709, 33763, 33797, 33851, 33883, 33886, 33932, 34018, 34110, 34200, 34218, 34265, 34270, 34387, 34417, 34454, 34459, 34478, 34537, 34539, 34608, 34727, 34864, 34868, 34869, 34880, 34908, 34922, 34928, 35029, 35111, 35141, 35154, 35159, 35299, 35317, 35363, 35375, 35377, 35381, 35449, 35552, 35598, 35599, 35637, 35656, 35729, 35777, 35930, 35955, 35961, 36026, 36066, 36089, 36183, 36372, 36373, 36442, 36455, 36562, 36566, 36572, 36604, 36608, 36611, 36657, 36688, 36758, 36759, 36907, 36973, 36974, 36975, 37040, 37046, 37088, 37097, 37141, 37179, 37254, 37315, 37519, 37526, 37540, 37653, 37747, 37786, 37832, 37858, 37861, 37865, 37943, 38196, 38227, 38300, 38343, 38351, 38378, 38584, 38675, 38685, 38694, 38810, 38820, 38887, 38977, 38980, 38985, 39050, 39108, 39111, 39121, 39160, 39172, 39186, 39190, 39218, 39239, 39244, 39258, 39365, 39367, 39371, 39372, 39378, 39385, 39436, 39437, 39460, 39478, 39522, 39527, 39579, 39582, 39741, 39743, 39746, 39789, 39790, 39794, 39856, 39903, 39949, 39951, 39955, 39969, 39978, 40012, 40108, 40181, 40270, 40339, 40353, 40419, 40425, 40440, 40495, 40509, 40607, 40618, 40720, 40729, 40739, 40750, 40768, 40781, 40784, 40797, 40839, 41002, 41133, 41169, 41170, 41199, 41304, 41353, 41357, 41419, 41434, 41476, 41477, 41478, 41574, 41611, 41668, 41676, 41798, 41875, 41884, 41919, 42068, 42071, 42149, 42172, 42201, 42202, 42205, 42224, 42228, 42294, 42299, 42300, 42349, 42355, 42402, 42430, 42453, 42472, 42487, 42501, 42552, 42585, 42636, 42637, 42639, 42685, 42719, 42754, 42791, 42793, 42808, 42809, 42843, 42883, 42920, 42923, 43009, 43015, 43031, 43052, 43066, 43098, 43130, 43279, 43287, 43312, 43369, 43371, 43405, 43411, 43449, 43451, 43457, 43469, 43601, 43613, 43652, 43708, 43713, 43731, 43742, 43779, 43875, 43891, 44021, 44070, 44079, 44087, 44091, 44127, 44135, 44237, 44256, 44329, 44340, 44343, 44434, 44501, 44520, 44612, 44623, 44631, 44678, 44948, 45034, 45054, 45055, 45163, 45183, 45208, 45272, 45320, 45421, 45531, 45533, 45554, 45595, 45617, 45640, 45653, 45654, 45678, 45694, 45791, 45982, 46031, 46081, 46108, 46109, 46119, 46146, 46153, 46160, 46229, 46263, 46294, 46342, 46344, 46354, 46360, 46373, 46415, 46449, 46451, 46532, 46556, 46559, 46600, 46685, 46698, 46738, 46783, 46784, 46963, 46964, 46985, 47005, 47029, 47046, 47052, 47056, 47098, 47247, 47271, 47311, 47331, 47371, 47403, 47424, 47442, 47504, 47643, 47669, 47670, 47679, 47722, 47731, 47772, 47828, 47829, 47831, 47865, 47882, 47911, 47999, 48014, 48043, 48198, 48227, 48255, 48301, 48350, 48352, 48358, 48436, 48442, 48444, 48466, 48498, 48537, 48542, 48642, 48660, 48793, 48869, 48878, 48956, 49019, 49033, 49034, 49163, 49197, 49242, 49251, 49321, 49387, 49422, 49486, 49495, 49541, 49669, 49737, 49740, 49741, 49742, 49747, 49770, 49807, 49934, 49939, 49991, 49997, 50102, 50122, 50124, 50125, 50181, 50183, 50220, 50247, 50280, 50319, 50399, 50448, 50449, 50475, 50515, 50544, 50691, 50815, 50938, 50946, 51016, 51027, 51066, 51090, 51124, 51137, 51145, 51206, 51211, 51236, 51257, 51265, 51318, 51363, 51377, 51459, 51494, 51517, 51554, 51697, 51699, 51709, 51751, 51769, 51778, 51977, 52041, 52046, 52068, 52100, 52143, 52177, 52228, 52252, 52314, 52321, 52351, 52480, 52482, 52495, 52497, 52547, 52603, 52735, 52770, 52786, 52909, 52949, 52971, 52978, 53034, 53058, 53084, 53214, 53280, 53360, 53404, 53486, 53488, 53530, 53531, 53534, 53588, 53594, 53599, 53617, 53681, 53710, 53795, 53911, 53913, 53916, 53942, 53956, 54003, 54012, 54014, 54018, 54029, 54099, 54102, 54140, 54183, 54196, 54262, 54414, 54424, 54450, 54460, 54461, 54541, 54545, 54548, 54575, 54582, 54599, 54608, 54614, 54771, 54860, 54885, 54952, 55000, 55040, 55052, 55058, 55155, 55169, 55198, 55200, 55247, 55328, 55383, 55384, 55407, 55462, 55494, 55495, 55506, 55507, 55519, 55603, 55644, 55714, 55723, 55850, 55852, 55859, 55903, 55960, 55961, 56002, 56051, 56058, 56125, 56170, 56174, 56187, 56194, 56215, 56217, 56221, 56223, 56237, 56310, 56387, 56559, 56589, 56608, 56614, 56669, 56774, 56829, 56840, 56920, 56945, 56985, 57006, 57035, 57150, 57163, 57276, 57368, 57372, 57446, 57461, 57463, 57495, 57537, 57644, 57647, 57660, 57943, 57953, 58014, 58060, 58080, 58138, 58157, 58166, 58169, 58170, 58191, 58199, 58217, 58278, 58365, 58458, 58484, 58594, 58646, 58656, 58707, 58831, 58920, 58935, 58950, 58955, 59053, 59111, 59112, 59151, 59183, 59189, 59200, 59217, 59278, 59334, 59367, 59376, 59432, 59444, 59465, 59489, 59506, 59532, 59594, 59672, 59716, 59802, 59810, 59822, 60056, 60075, 60078, 60115, 60116, 60164, 60219, 60220, 60271, 60288, 60309, 60337, 60390, 60425, 60499, 60612, 60642, 60651, 60676, 60690, 60692, 60696, 60699, 60717, 60723, 60808, 60809, 60812, 60824, 60979, 60980, 61195, 61290, 61311, 61343, 61345, 61359, 61384, 61395, 61472, 61581, 61593, 61597, 61750, 61805, 61807, 61829, 61859, 61892, 61898, 62002, 62018, 62020, 62049, 62063, 62102, 62179, 62199, 62201, 62238, 62282, 62299, 62398, 62419, 62431, 62485, 62486, 62540, 62562, 62610, 62650, 62653, 62680, 62695, 62700, 62832, 62850, 62859, 62873, 62940, 62967, 63015, 63057, 63072, 63121, 63140, 63172, 63173, 63176, 63243, 63287, 63304, 63310, 63311, 63375, 63401, 63422, 63488, 63505, 63621, 63625, 63665, 63671, 63709, 63711, 63715, 63719, 63813, 63814, 63924, 63946, 63970, 64068, 64079, 64081, 64136, 64156, 64159, 64173, 64186, 64282, 64294, 64295, 64353, 64357, 64374, 64460, 64483, 64592, 64601, 64627, 64630, 64649, 64665, 64669, 64680, 64694, 64743, 64789, 64837, 64838, 64859, 64940, 64944, 64946, 64973, 65114, 65116, 65164, 65213, 65253, 65461, 65497, 65499, 65534, 65567, 65595, 65610, 65642, 65643, 65723, 65751, 65977, 66033, 66039, 66100, 66200, 66205, 66241, 66245, 66311, 66351, 66456, 66511, 66514, 66525, 66538, 66555, 66602, 66633, 66683, 66725, 66727, 66733, 66740, 66766, 66767, 66769, 66880, 67032, 67090, 67127, 67141, 67157, 67158, 67242, 67244, 67299, 67337, 67344, 67585, 67587, 67662, 67671, 67692, 67716, 67723, 67731, 67759, 67778, 67779, 67791, 67846, 67862, 67864, 67894, 67985, 67988, 68018, 68044, 68077, 68162, 68213, 68242, 68252, 68409, 68446, 68455, 68673, 68674, 68724, 68739, 68748, 68752, 68758, 68880, 68923, 68952, 68969, 69047, 69057, 69109, 69111, 69169, 69187, 69191, 69226, 69228, 69258, 69303, 69407, 69412, 69428, 69433, 69512, 69525, 69595, 69601, 69604, 69643, 69661, 69697, 69702, 69726, 69844, 69877, 69937, 69970, 70025, 70029, 70074, 70112, 70151, 70163, 70193, 70226, 70227, 70236, 70278, 70290, 70336, 70339, 70366, 70413, 70424, 70453, 70457, 70459, 70479, 70524, 70562, 70618, 70652, 70669, 70781, 70799, 70830, 70916, 70918, 70950, 71007, 71084, 71159, 71163, 71226, 71240, 71244, 71245, 71301, 71329, 71390, 71440, 71482, 71507, 71552, 71650, 71711, 71718, 71727, 71738, 71745, 71776, 71856, 71982, 71989, 72049, 72081, 72114, 72157, 72201, 72231, 72278, 72370, 72380, 72434, 72616, 72642, 72650, 72738, 72747, 72795, 72813, 72815, 72818, 72857, 72889, 72941, 72959, 72960, 73006, 73044, 73064, 73081, 73134, 73135, 73205, 73216, 73242, 73248, 73299, 73308, 73309, 73319, 73393, 73420, 73441, 73489, 73553, 73603, 73617, 73703, 73747, 73797, 73904, 73905, 73956, 74016, 74024, 74064, 74065, 74066, 74095, 74193, 74279, 74283, 74303, 74340, 74359, 74444, 74570, 74572, 74591, 74612, 74659, 74707, 74834, 74906, 74919, 74934, 74939, 74972, 74989, 75037, 75047, 75049, 75055, 75098, 75117, 75132, 75145, 75280, 75626, 75665, 75690, 75786, 75794, 75852, 75857, 75911, 76075, 76078, 76215, 76323, 76328, 76427, 76467, 76531, 76533, 76594, 76618, 76624, 76643, 76672, 76706, 76707, 76751, 76784, 76832, 76862, 76892, 76929, 76930, 76948, 76959, 76961, 76970, 77035, 77048, 77130, 77179, 77208, 77245, 77252, 77253, 77283, 77292, 77322, 77370, 77388, 77415, 77425, 77436, 77460, 77505, 77560, 77757, 77819, 77822, 77830, 77915, 77985, 78008, 78091, 78179, 78242, 78361, 78425, 78469, 78470, 78476, 78550, 78553, 78575, 78579, 78590, 78600, 78627, 78672, 78699, 78705, 78765, 78777, 78779, 78781, 78810, 78900, 79035, 79052, 79055, 79108, 79109, 79156, 79171, 79238, 79239, 79337, 79372, 79379, 79393, 79398, 79412, 79463, 79570, 79613, 79656, 79722, 79747, 79756, 79771, 79974, 80002, 80011, 80089, 80093, 80095, 80119, 80120, 80186, 80193, 80213, 80373, 80374, 80394, 80400, 80433, 80440, 80442, 80479, 80534, 80576, 80600, 80602, 80692, 80742, 80745, 80763, 80764, 80804, 80872, 81031, 81175, 81198, 81221, 81251, 81353, 81355, 81357, 81418, 81454, 81455, 81463, 81491, 81496, 81530, 81557, 81567, 81615, 81625, 81712, 81804, 81826, 81908, 81925, 81970, 82115, 82160, 82168, 82184, 82195, 82197, 82243, 82286, 82365, 82475, 82485, 82535, 82559, 82561, 82618, 82623, 82643, 82749, 82767, 82798, 82837, 82947, 82985, 83004, 83005, 83057, 83089, 83091, 83161, 83257, 83319, 83362, 83375, 83393, 83424, 83453, 83474, 83488, 83518, 83519, 83567, 83572, 83663, 83686, 83696, 83720, 83723, 83775, 83797, 83799, 83848, 83943, 83993, 84008, 84014, 84039, 84052, 84056, 84135, 84150, 84156, 84164, 84259, 84325, 84456, 84459, 84463, 84482, 84506, 84507, 84513, 84629, 84640, 84643, 84657, 84662, 84737, 84804, 84815, 84933, 85009, 85037, 85040, 85079, 85090, 85107, 85108, 85113, 85193, 85296, 85363, 85399, 85455, 85476, 85481, 85607, 85744, 85755, 85765, 85832, 85836, 85838, 85883, 85934, 85942, 85973, 85993, 86016, 86018, 86029, 86037, 86096, 86312, 86314, 86316, 86334, 86368, 86514, 86528, 86546, 86614, 86656, 86697, 86738, 86746, 86788, 86789, 86824, 86892, 86951, 86959, 86963, 86986, 87066, 87079, 87165, 87187, 87264, 87294, 87376, 87419, 87422, 87427, 87497, 87500, 87506, 87507, 87524, 87525, 87591, 87637, 87657, 87685, 87936, 87944, 88017, 88032, 88042, 88074, 88076, 88155, 88201, 88220, 88224, 88320, 88348, 88361, 88379, 88419, 88481, 88485, 88491, 88496, 88563, 88583, 88657, 88664, 88708, 88847, 88903, 88917, 88950, 88953, 88982, 88987, 89020, 89092, 89110, 89113, 89162, 89170, 89194, 89249, 89323, 89427, 89483, 89549, 89603, 89619, 89652, 89732, 89745, 89746, 89820, 89838, 89857, 89928, 89929, 90068, 90113, 90127, 90128, 90152, 90186, 90216, 90253, 90269, 90272, 90275, 90408, 90416, 90437, 90453, 90466, 90506, 90536, 90594, 90625, 90650, 90800, 90805, 90839, 90850, 90853, 90881, 90901, 90902, 90908, 90909, 90919, 90975, 90981, 91005, 91008, 91027, 91130, 91153, 91169, 91196, 91215, 91227, 91253, 91287, 91312, 91318, 91453, 91459, 91481, 91485, 91523, 91612, 91646, 91648, 91657, 91668, 91672, 91685, 91686, 91796, 91812, 91923, 91970, 92001, 92007, 92012, 92016, 92075, 92128, 92132, 92150, 92152, 92276, 92447, 92452, 92472, 92477, 92480, 92504, 92513, 92537, 92538, 92555, 92559, 92790, 92818, 92876, 92927, 92933, 92960, 92975, 92998, 93012, 93033, 93112, 93119, 93157, 93174, 93275, 93310, 93312, 93329, 93364, 93404, 93426, 93505, 93518, 93520, 93530, 93532, 93554, 93561, 93583, 93588, 93608, 93626, 93801, 93819, 93824, 93837, 93886, 93889, 93987, 93988, 94140, 94144, 94235, 94250, 94260, 94269, 94360, 94364, 94376, 94397, 94410, 94435, 94490, 94517, 94530, 94531, 94639, 94680, 94751, 94806, 94855, 94864, 94866, 94926, 94946, 94967, 94979, 95038, 95045, 95179, 95198, 95213, 95242, 95291, 95533, 95564, 95569, 95610, 95611, 95649, 95690, 95765, 95822, 95824, 95843, 95855, 95878, 95937, 95982, 96101, 96164, 96239, 96242, 96246, 96262, 96351, 96415, 96430, 96431, 96436, 96437, 96459, 96463, 96500, 96506, 96512, 96601, 96616, 96732, 96746, 96778, 96831, 96890, 96913, 96921, 96963, 97016, 97018, 97026, 97135, 97163, 97201, 97208, 97354, 97404, 97434, 97444, 97478, 97491, 97494, 97541, 97542, 97553, 97589, 97595, 97602, 97608, 97637, 97654, 97658, 97675, 97683, 97726, 97865, 97872, 97904, 97922, 97930, 97953, 98023, 98024, 98067, 98085, 98150, 98162, 98216, 98229, 98326, 98340, 98348, 98456, 98463, 98506, 98511, 98512, 98536, 98541, 98571, 98621, 98635, 98643, 98712, 98735, 98759, 98776, 98926, 98962, 98983, 99104, 99107, 99165, 99193, 99230, 99239, 99242, 99332, 99432, 99449, 99452, 99455, 99466, 99468, 99477, 99499, 99500, 99539, 99561, 99570, 99575, 99690, 99718, 99755, 99882, 99883, 100021, 100024, 100033, 100138, 100143, 100182, 100254, 100258, 100267, 100271, 100354, 100358, 100408, 100412, 100418, 100424, 100425, 100461, 100478, 100548, 100593, 100620, 100625, 100715, 100734, 100794, 100795, 100813, 100821, 100907, 100962, 100990, 101037, 101052, 101066, 101103, 101167, 101220, 101228, 101229, 101276, 101308, 101318, 101323, 101324, 101326, 101346, 101365, 101370, 101371, 101424, 101437, 101457, 101461, 101523, 101556, 101557, 101579, 101611, 101625, 101671, 101682, 101798, 101813, 101845, 101942, 101953, 102038, 102043, 102117, 102118, 102282, 102338, 102345, 102364, 102365, 102525, 102550, 102582, 102617, 102618, 102725, 102748, 102750, 102752, 102855, 102877, 102912, 102928, 102950, 103021, 103029, 103031, 103053, 103058, 103098, 103169, 103171, 103173, 103179, 103195, 103208, 103213, 103264, 103326, 103328, 103429, 103437, 103456, 103461, 103558, 103571, 103629, 103674, 103749, 103750, 103796, 103824, 103853, 104000, 104040, 104047, 104107, 104108, 104155, 104194, 104241, 104262, 104287, 104312, 104322, 104328, 104365, 104391, 104398, 104417, 104422, 104431, 104449, 104450, 104468, 104602, 104682, 104803, 104842, 104897, 104942, 104976, 105017, 105035, 105050, 105196, 105277, 105318, 105439, 105444, 105467, 105496, 105609, 105651, 105680, 105688, 105707, 105780, 105785, 105798, 105827, 105835, 105840, 105912, 106164, 106202, 106223, 106224, 106232, 106339, 106353, 106355, 106387, 106400, 106414, 106523, 106637, 106644, 106710, 106721, 106780, 106846, 106851, 106869, 106870, 106882, 106949, 106952, 106974, 107032, 107034, 107037, 107104, 107124, 107141, 107161, 107162, 107166, 107195, 107236, 107324, 107340, 107352, 107466, 107601, 107633, 107636, 107646, 107656, 107658, 107701, 107702, 107703, 107724, 107770, 107771, 107773, 107791, 107807, 107883, 108126, 108175, 108178, 108207, 108211, 108248, 108288, 108294, 108376, 108406, 108409, 108446, 108500, 108537, 108539, 108545, 108547, 108548, 108653, 108754, 108769, 108780, 108874, 108918, 108946, 108950, 108958, 109009, 109036, 109037, 109053, 109056, 109103, 109109, 109111, 109153, 109162, 109192, 109204, 109270, 109286, 109378, 109432, 109510, 109515, 109516, 109544, 109546, 109593, 109600, 109672, 109678, 109695, 109748, 109781, 109785, 109830, 110006, 110015, 110043, 110211, 110212, 110238, 110249, 110259, 110325, 110341, 110358, 110363, 110370, 110413, 110423, 110455, 110481, 110486, 110487, 110520, 110541, 110577, 110588, 110618, 110620, 110634, 110635, 110650, 110670, 110679, 110682, 110711, 110715, 110740, 110741, 110747, 110756, 110773, 110796, 110797, 110940, 111385, 111396, 111407, 111412, 111417, 111557, 111563, 111580, 111600, 111616, 111617, 111622, 111630, 111641, 111655, 111832, 111884, 111887, 111908, 111913, 111932, 111968, 111970, 111984, 112070, 112075, 112082, 112085, 112091, 112097, 112157, 112158, 112273, 112299, 112343, 112363, 112384, 112410, 112423, 112491, 112509, 112529, 112609, 112613, 112615, 112631, 112632, 112634, 112635, 112717, 112850, 112886, 112972, 113008, 113138, 113172, 113245, 113253, 113298, 113308, 113335, 113401, 113434, 113446, 113483, 113622, 113665, 113686, 113774, 113874, 113903, 113905, 113916, 114018, 114098, 114125, 114128, 114134, 114160, 114190, 114249, 114377, 114379, 114380, 114433, 114471, 114473, 114532, 114535, 114537, 114622, 114631, 114645, 114715, 114749, 114751, 114758, 114762, 114789, 114808, 114814, 114819, 114850, 114854, 114959, 114971, 115004, 115020, 115065, 115084, 115086, 115124, 115137, 115142, 115214, 115218, 115221, 115231, 115281, 115348, 115361, 115421, 115433, 115491, 115501, 115510, 115518, 115552, 115556, 115666, 115701, 115786, 115961, 115966, 115980, 116004, 116054, 116126, 116128, 116135, 116146, 116180, 116194, 116210, 116216, 116230, 116231, 116284, 116478, 116514, 116519, 116666, 116742, 116784, 116869, 116881, 116893, 116894, 116895, 116915, 116949, 116957, 116978, 116980, 116988, 117006, 117012, 117019, 117097, 117163, 117174, 117291, 117297, 117298, 117379, 117422, 117446, 117472, 117473, 117493, 117615, 117690, 117774, 117775, 117780, 117814, 117831, 117832, 117953, 117971, 117994, 118004, 118025, 118030, 118039, 118079, 118136, 118142, 118143, 118146, 118170, 118182, 118280, 118306, 118312, 118326, 118328, 118396, 118403, 118420, 118425, 118487, 118494, 118510, 118513, 118561, 118568, 118743, 118912, 118940, 118943, 118950, 118982, 119007, 119031, 119032, 119042, 119047, 119083, 119089, 119094, 119097, 119135, 119146, 119150, 119164, 119180, 119181, 119185, 119197, 119198, 119215, 119216, 119217, 119253, 119270, 119286, 119326, 119364, 119416, 119421, 119457, 119462, 119518, 119523, 119569, 119591, 119665, 119667, 119683, 119702, 119739, 119757, 119779, 119790, 119792, 119847, 119906, 119958, 119960, 119973, 119978, 120021, 120029, 120034, 120050, 120051, 120055, 120094, 120149, 120156, 120177, 120199, 120205, 120254, 120257, 120292, 120321, 120437, 120558, 120559, 120678, 120689, 120748, 120773, 120779, 120792, 120798, 120805, 120810, 120840, 120859, 120947, 120959, 120961, 121003, 121031, 121076, 121118, 121151, 121205, 121461, 121550, 121571, 121582, 121611, 121630, 121653, 121694, 121758, 121768, 121839, 121864, 121898, 121916, 121940, 121948, 121959, 121968, 122030, 122032, 122041, 122105, 122148, 122160, 122188, 122191, 122201, 122308, 122347, 122364, 122369, 122394, 122431, 122495, 122497, 122518, 122546, 122551, 122556, 122561, 122596, 122598, 122637, 122712, 122722, 122729, 122741, 122753, 122805, 122813, 122815, 122817, 122864, 122873, 122895, 122899, 122902, 122914, 122928, 122958, 122961, 122993, 123034, 123145, 123153, 123203, 123233, 123241, 123347, 123437, 123477, 123487, 123503, 123529, 123541, 123609, 123633, 123634, 123696, 123757, 123762, 123788, 123790, 123799, 123800, 123835, 123876, 123880, 123911, 123955, 124038, 124092, 124094, 124126, 124143, 124277, 124306, 124323, 124638, 124653, 124669, 124687, 124689, 124746, 124793, 124875, 124913, 124924, 124926, 124934, 124956, 125006, 125044, 125063, 125089, 125102, 125119, 125166, 125184, 125190, 125226, 125267, 125269, 125281, 125302, 125318, 125319, 125462, 125524, 125609, 125612, 125664, 125679, 125745, 125774, 125789, 125793, 125913, 125928, 125944, 126043, 126100, 126159, 126164, 126199, 126246, 126258, 126261, 126291, 126294, 126298, 126488, 126716, 126737, 126758, 126760, 126770, 126780, 126860, 126933, 126965, 126986, 127016, 127035, 127058, 127096, 127112, 127113, 127141, 127169, 127200, 127225, 127274, 127275, 127281, 127291, 127292, 127302, 127393, 127456, 127606, 127642, 127659, 127664, 127680, 127688, 127744, 127746, 127748, 127752, 127792, 127794, 127816, 127828, 127838, 127969, 127974, 128011, 128012, 128024, 128035, 128146, 128183, 128214, 128250, 128262, 128297, 128312, 128313, 128401, 128403, 128743, 128776, 128806, 128839, 128858, 128893, 128895, 128934, 128937, 128957, 128974, 129001, 129044, 129116, 129132, 129140, 129147, 129193, 129313, 129359, 129553, 129600, 129637, 129807, 129819, 129847, 129883, 129910, 129948, 129980, 130006, 130018, 130091, 130103, 130134, 130153, 130154, 130158, 130234, 130288, 130322, 130327, 130328, 130416, 130510, 130568, 130601, 130682, 130834, 130836, 130837, 130919, 130921, 130929, 130933, 130942, 131012, 131013, 131056, 131123, 131209, 131217, 131222, 131266, 131279, 131329, 131342, 131352, 131371, 131391, 131396, 131398, 131471, 131492, 131544, 131589, 131594, 131647, 131651, 131713, 131741, 131835, 131850, 131980, 131987, 131988, 132282, 132284, 132286, 132312, 132364, 132390, 132525, 132535, 132594, 132615, 132617, 132633, 132691, 132706, 132728, 132766, 132783, 132801, 132803, 132804, 132842, 132871, 132921, 132925, 132927, 132933, 132954, 132970, 133023, 133029, 133066, 133098, 133114, 133117, 133202, 133212, 133257, 133276]"
